

Microchip MPLAB XC8 Assembler V3.10 build 20250813170317 
                                                                                               Wed Aug 12 12:56:01 2026

Microchip MPLAB XC8 C Compiler v3.10 (Free license) build 20250813170317 Og1 
     1                           	processor	16F877A
     2                           	pagewidth 120
     3                           	opt	flic
     4                           	psect	idataBANK0,global,class=CODE,space=0,delta=2,noexec
     5                           	psect	strings,global,class=STRING,space=0,delta=2,noexec
     6                           	psect	cinit,global,class=CODE,space=0,merge=1,delta=2
     7                           	psect	bssCOMMON,global,class=COMMON,space=1,delta=1,noexec
     8                           	psect	bssBANK0,global,class=BANK0,space=1,delta=1,noexec
     9                           	psect	dataBANK0,global,class=BANK0,space=1,delta=1,noexec
    10                           	psect	bssBANK1,global,class=BANK1,space=1,delta=1,noexec
    11                           	psect	clrtext,global,class=CODE,space=0,delta=2
    12                           	psect	cstackCOMMON,global,class=COMMON,space=1,delta=1,noexec
    13                           	psect	cstackBANK0,global,class=BANK0,space=1,delta=1,noexec
    14                           	psect	maintext,global,class=CODE,space=0,split=1,delta=2
    15                           	psect	text1,local,class=CODE,space=0,merge=1,delta=2
    16                           	psect	text2,local,class=CODE,space=0,merge=1,delta=2
    17                           	psect	text3,local,class=CODE,space=0,merge=1,delta=2
    18                           	psect	text4,local,class=CODE,space=0,merge=1,delta=2
    19                           	psect	text5,local,class=CODE,space=0,merge=1,delta=2
    20                           	psect	text6,local,class=CODE,space=0,merge=1,delta=2
    21                           	psect	text7,local,class=CODE,space=0,merge=1,delta=2
    22                           	psect	text8,local,class=CODE,space=0,merge=1,delta=2
    23                           	psect	text9,local,class=CODE,space=0,merge=1,delta=2
    24                           	psect	text10,local,class=CODE,space=0,merge=1,delta=2,group=1
    25                           	psect	text11,local,class=CODE,space=0,merge=1,delta=2
    26                           	psect	text12,local,class=CODE,space=0,merge=1,delta=2
    27                           	psect	text13,local,class=CODE,space=0,merge=1,delta=2
    28                           	psect	text14,local,class=CODE,space=0,merge=1,delta=2
    29                           	psect	text15,local,class=CODE,space=0,merge=1,delta=2
    30                           	psect	text16,local,class=CODE,space=0,merge=1,delta=2
    31                           	psect	text17,local,class=CODE,space=0,merge=1,delta=2
    32                           	psect	text18,local,class=CODE,space=0,merge=1,delta=2
    33                           	psect	text19,local,class=CODE,space=0,merge=1,delta=2
    34                           	psect	text20,local,class=CODE,space=0,merge=1,delta=2
    35                           	psect	text21,local,class=CODE,space=0,merge=1,delta=2
    36                           	psect	text22,local,class=CODE,space=0,merge=1,delta=2
    37                           	psect	text23,local,class=CODE,space=0,merge=1,delta=2
    38                           	psect	text24,local,class=CODE,space=0,merge=1,delta=2
    39                           	psect	text25,local,class=CODE,space=0,merge=1,delta=2
    40                           	psect	text26,local,class=CODE,space=0,merge=1,delta=2
    41                           	psect	text27,local,class=CODE,space=0,merge=1,delta=2
    42                           	psect	text28,local,class=CODE,space=0,merge=1,delta=2,group=1
    43                           	psect	text29,local,class=CODE,space=0,merge=1,delta=2
    44                           	psect	text30,local,class=CODE,space=0,merge=1,delta=2
    45                           	psect	text31,local,class=CODE,space=0,merge=1,delta=2,group=1
    46                           	psect	text32,local,class=CODE,space=0,merge=1,delta=2
    47                           	psect	text33,local,class=CODE,space=0,merge=1,delta=2
    48                           	psect	text34,local,class=CODE,space=0,merge=1,delta=2
    49                           	psect	text35,local,class=CODE,space=0,merge=1,delta=2
    50                           	psect	text36,local,class=CODE,space=0,merge=1,delta=2,group=1
    51                           	psect	text37,local,class=CODE,space=0,merge=1,delta=2,group=1
    52                           	psect	text38,local,class=CODE,space=0,merge=1,delta=2
    53                           	psect	intentry,global,class=CODE,space=0,delta=2
    54                           	psect	config,global,abs,ovrld,class=CONFIG,space=4,delta=2,noexec
    55                           	dabs	1,0x7E,2
    56     0000                     
    57                           ; Version 2.20
    58                           ; Generated 12/02/2020 GMT
    59                           ; 
    60                           ; Copyright © 2020, Microchip Technology Inc. and its subsidiaries ("Microchip")
    61                           ; All rights reserved.
    62                           ; 
    63                           ; This software is developed by Microchip Technology Inc. and its subsidiaries ("Microch
      +                          ip").
    64                           ; 
    65                           ; Redistribution and use in source and binary forms, with or without modification, are
    66                           ; permitted provided that the following conditions are met:
    67                           ; 
    68                           ;     1. Redistributions of source code must retain the above copyright notice, this lis
      +                          t of
    69                           ;        conditions and the following disclaimer.
    70                           ; 
    71                           ;     2. Redistributions in binary form must reproduce the above copyright notice, this 
      +                          list
    72                           ;        of conditions and the following disclaimer in the documentation and/or other
    73                           ;        materials provided with the distribution.
    74                           ; 
    75                           ;     3. Microchip's name may not be used to endorse or promote products derived from th
      +                          is
    76                           ;        software without specific prior written permission.
    77                           ; 
    78                           ; THIS SOFTWARE IS PROVIDED BY MICROCHIP "AS IS" AND ANY EXPRESS OR IMPLIED WARRANTIES,
    79                           ; INCLUDING, BUT NOT LIMITED TO, THE IMPLIED WARRANTIES OF MERCHANTABILITY AND FITNESS F
      +                          OR
    80                           ; PURPOSE ARE DISCLAIMED.  IN NO EVENT SHALL MICROCHIP BE LIABLE FOR ANY DIRECT, INDIREC
      +                          T,
    81                           ; INCIDENTAL, SPECIAL, EXEMPLARY, OR CONSEQUENTIAL DAMAGES (INCLUDING BUT NOT LIMITED TO
    82                           ; PROCUREMENT OF SUBSTITUTE GOODS OR SERVICES; LOSS OF USE, DATA OR PROFITS; OR BUSINESS
    83                           ; INTERRUPTION) HOWSOEVER CAUSED AND ON ANY THEORY OF LIABILITY, WHETHER IN CONTRACT, ST
      +                          RICT
    84                           ; LIABILITY, OR TORT (INCLUDING NEGLIGENCE OR OTHERWISE) ARISING IN ANY WAY OUT OF THE U
      +                          SE OF
    85                           ; THIS SOFTWARE, EVEN IF ADVISED OF THE POSSIBILITY OF SUCH DAMAGE.
    86                           ; 
    87                           ; 
    88                           ; Code-generator required, PIC16F877A Definitions
    89                           ; 
    90                           ; SFR Addresses
    91     0004                     fsr             equ	4
    92     0004                     fsr0            equ	4
    93     0000                     indf            equ	0
    94     0000                     indf0           equ	0
    95     0002                     pc              equ	2
    96     0002                     pcl             equ	2
    97     000A                     pclath          equ	10
    98     0003                     status          equ	3
    99     0000                     INDF            equ	0	;# 
   100     0001                     TMR0            equ	1	;# 
   101     0002                     PCL             equ	2	;# 
   102     0003                     STATUS          equ	3	;# 
   103     0004                     FSR             equ	4	;# 
   104     0005                     PORTA           equ	5	;# 
   105     0006                     PORTB           equ	6	;# 
   106     0007                     PORTC           equ	7	;# 
   107     0008                     PORTD           equ	8	;# 
   108     0009                     PORTE           equ	9	;# 
   109     000A                     PCLATH          equ	10	;# 
   110     000B                     INTCON          equ	11	;# 
   111     000C                     PIR1            equ	12	;# 
   112     000D                     PIR2            equ	13	;# 
   113     000E                     TMR1            equ	14	;# 
   114     000E                     TMR1L           equ	14	;# 
   115     000F                     TMR1H           equ	15	;# 
   116     0010                     T1CON           equ	16	;# 
   117     0011                     TMR2            equ	17	;# 
   118     0012                     T2CON           equ	18	;# 
   119     0013                     SSPBUF          equ	19	;# 
   120     0014                     SSPCON          equ	20	;# 
   121     0015                     CCPR1           equ	21	;# 
   122     0015                     CCPR1L          equ	21	;# 
   123     0016                     CCPR1H          equ	22	;# 
   124     0017                     CCP1CON         equ	23	;# 
   125     0018                     RCSTA           equ	24	;# 
   126     0019                     TXREG           equ	25	;# 
   127     001A                     RCREG           equ	26	;# 
   128     001B                     CCPR2           equ	27	;# 
   129     001B                     CCPR2L          equ	27	;# 
   130     001C                     CCPR2H          equ	28	;# 
   131     001D                     CCP2CON         equ	29	;# 
   132     001E                     ADRESH          equ	30	;# 
   133     001F                     ADCON0          equ	31	;# 
   134     0081                     OPTION_REG      equ	129	;# 
   135     0085                     TRISA           equ	133	;# 
   136     0086                     TRISB           equ	134	;# 
   137     0087                     TRISC           equ	135	;# 
   138     0088                     TRISD           equ	136	;# 
   139     0089                     TRISE           equ	137	;# 
   140     008C                     PIE1            equ	140	;# 
   141     008D                     PIE2            equ	141	;# 
   142     008E                     PCON            equ	142	;# 
   143     0091                     SSPCON2         equ	145	;# 
   144     0092                     PR2             equ	146	;# 
   145     0093                     SSPADD          equ	147	;# 
   146     0094                     SSPSTAT         equ	148	;# 
   147     0098                     TXSTA           equ	152	;# 
   148     0099                     SPBRG           equ	153	;# 
   149     009C                     CMCON           equ	156	;# 
   150     009D                     CVRCON          equ	157	;# 
   151     009E                     ADRESL          equ	158	;# 
   152     009F                     ADCON1          equ	159	;# 
   153     010C                     EEDATA          equ	268	;# 
   154     010D                     EEADR           equ	269	;# 
   155     010E                     EEDATH          equ	270	;# 
   156     010F                     EEADRH          equ	271	;# 
   157     018C                     EECON1          equ	396	;# 
   158     018D                     EECON2          equ	397	;# 
   159     0000                     INDF            equ	0	;# 
   160     0001                     TMR0            equ	1	;# 
   161     0002                     PCL             equ	2	;# 
   162     0003                     STATUS          equ	3	;# 
   163     0004                     FSR             equ	4	;# 
   164     0005                     PORTA           equ	5	;# 
   165     0006                     PORTB           equ	6	;# 
   166     0007                     PORTC           equ	7	;# 
   167     0008                     PORTD           equ	8	;# 
   168     0009                     PORTE           equ	9	;# 
   169     000A                     PCLATH          equ	10	;# 
   170     000B                     INTCON          equ	11	;# 
   171     000C                     PIR1            equ	12	;# 
   172     000D                     PIR2            equ	13	;# 
   173     000E                     TMR1            equ	14	;# 
   174     000E                     TMR1L           equ	14	;# 
   175     000F                     TMR1H           equ	15	;# 
   176     0010                     T1CON           equ	16	;# 
   177     0011                     TMR2            equ	17	;# 
   178     0012                     T2CON           equ	18	;# 
   179     0013                     SSPBUF          equ	19	;# 
   180     0014                     SSPCON          equ	20	;# 
   181     0015                     CCPR1           equ	21	;# 
   182     0015                     CCPR1L          equ	21	;# 
   183     0016                     CCPR1H          equ	22	;# 
   184     0017                     CCP1CON         equ	23	;# 
   185     0018                     RCSTA           equ	24	;# 
   186     0019                     TXREG           equ	25	;# 
   187     001A                     RCREG           equ	26	;# 
   188     001B                     CCPR2           equ	27	;# 
   189     001B                     CCPR2L          equ	27	;# 
   190     001C                     CCPR2H          equ	28	;# 
   191     001D                     CCP2CON         equ	29	;# 
   192     001E                     ADRESH          equ	30	;# 
   193     001F                     ADCON0          equ	31	;# 
   194     0081                     OPTION_REG      equ	129	;# 
   195     0085                     TRISA           equ	133	;# 
   196     0086                     TRISB           equ	134	;# 
   197     0087                     TRISC           equ	135	;# 
   198     0088                     TRISD           equ	136	;# 
   199     0089                     TRISE           equ	137	;# 
   200     008C                     PIE1            equ	140	;# 
   201     008D                     PIE2            equ	141	;# 
   202     008E                     PCON            equ	142	;# 
   203     0091                     SSPCON2         equ	145	;# 
   204     0092                     PR2             equ	146	;# 
   205     0093                     SSPADD          equ	147	;# 
   206     0094                     SSPSTAT         equ	148	;# 
   207     0098                     TXSTA           equ	152	;# 
   208     0099                     SPBRG           equ	153	;# 
   209     009C                     CMCON           equ	156	;# 
   210     009D                     CVRCON          equ	157	;# 
   211     009E                     ADRESL          equ	158	;# 
   212     009F                     ADCON1          equ	159	;# 
   213     010C                     EEDATA          equ	268	;# 
   214     010D                     EEADR           equ	269	;# 
   215     010E                     EEDATH          equ	270	;# 
   216     010F                     EEADRH          equ	271	;# 
   217     018C                     EECON1          equ	396	;# 
   218     018D                     EECON2          equ	397	;# 
   219     0000                     INDF            equ	0	;# 
   220     0001                     TMR0            equ	1	;# 
   221     0002                     PCL             equ	2	;# 
   222     0003                     STATUS          equ	3	;# 
   223     0004                     FSR             equ	4	;# 
   224     0005                     PORTA           equ	5	;# 
   225     0006                     PORTB           equ	6	;# 
   226     0007                     PORTC           equ	7	;# 
   227     0008                     PORTD           equ	8	;# 
   228     0009                     PORTE           equ	9	;# 
   229     000A                     PCLATH          equ	10	;# 
   230     000B                     INTCON          equ	11	;# 
   231     000C                     PIR1            equ	12	;# 
   232     000D                     PIR2            equ	13	;# 
   233     000E                     TMR1            equ	14	;# 
   234     000E                     TMR1L           equ	14	;# 
   235     000F                     TMR1H           equ	15	;# 
   236     0010                     T1CON           equ	16	;# 
   237     0011                     TMR2            equ	17	;# 
   238     0012                     T2CON           equ	18	;# 
   239     0013                     SSPBUF          equ	19	;# 
   240     0014                     SSPCON          equ	20	;# 
   241     0015                     CCPR1           equ	21	;# 
   242     0015                     CCPR1L          equ	21	;# 
   243     0016                     CCPR1H          equ	22	;# 
   244     0017                     CCP1CON         equ	23	;# 
   245     0018                     RCSTA           equ	24	;# 
   246     0019                     TXREG           equ	25	;# 
   247     001A                     RCREG           equ	26	;# 
   248     001B                     CCPR2           equ	27	;# 
   249     001B                     CCPR2L          equ	27	;# 
   250     001C                     CCPR2H          equ	28	;# 
   251     001D                     CCP2CON         equ	29	;# 
   252     001E                     ADRESH          equ	30	;# 
   253     001F                     ADCON0          equ	31	;# 
   254     0081                     OPTION_REG      equ	129	;# 
   255     0085                     TRISA           equ	133	;# 
   256     0086                     TRISB           equ	134	;# 
   257     0087                     TRISC           equ	135	;# 
   258     0088                     TRISD           equ	136	;# 
   259     0089                     TRISE           equ	137	;# 
   260     008C                     PIE1            equ	140	;# 
   261     008D                     PIE2            equ	141	;# 
   262     008E                     PCON            equ	142	;# 
   263     0091                     SSPCON2         equ	145	;# 
   264     0092                     PR2             equ	146	;# 
   265     0093                     SSPADD          equ	147	;# 
   266     0094                     SSPSTAT         equ	148	;# 
   267     0098                     TXSTA           equ	152	;# 
   268     0099                     SPBRG           equ	153	;# 
   269     009C                     CMCON           equ	156	;# 
   270     009D                     CVRCON          equ	157	;# 
   271     009E                     ADRESL          equ	158	;# 
   272     009F                     ADCON1          equ	159	;# 
   273     010C                     EEDATA          equ	268	;# 
   274     010D                     EEADR           equ	269	;# 
   275     010E                     EEDATH          equ	270	;# 
   276     010F                     EEADRH          equ	271	;# 
   277     018C                     EECON1          equ	396	;# 
   278     018D                     EECON2          equ	397	;# 
   279     0000                     INDF            equ	0	;# 
   280     0001                     TMR0            equ	1	;# 
   281     0002                     PCL             equ	2	;# 
   282     0003                     STATUS          equ	3	;# 
   283     0004                     FSR             equ	4	;# 
   284     0005                     PORTA           equ	5	;# 
   285     0006                     PORTB           equ	6	;# 
   286     0007                     PORTC           equ	7	;# 
   287     0008                     PORTD           equ	8	;# 
   288     0009                     PORTE           equ	9	;# 
   289     000A                     PCLATH          equ	10	;# 
   290     000B                     INTCON          equ	11	;# 
   291     000C                     PIR1            equ	12	;# 
   292     000D                     PIR2            equ	13	;# 
   293     000E                     TMR1            equ	14	;# 
   294     000E                     TMR1L           equ	14	;# 
   295     000F                     TMR1H           equ	15	;# 
   296     0010                     T1CON           equ	16	;# 
   297     0011                     TMR2            equ	17	;# 
   298     0012                     T2CON           equ	18	;# 
   299     0013                     SSPBUF          equ	19	;# 
   300     0014                     SSPCON          equ	20	;# 
   301     0015                     CCPR1           equ	21	;# 
   302     0015                     CCPR1L          equ	21	;# 
   303     0016                     CCPR1H          equ	22	;# 
   304     0017                     CCP1CON         equ	23	;# 
   305     0018                     RCSTA           equ	24	;# 
   306     0019                     TXREG           equ	25	;# 
   307     001A                     RCREG           equ	26	;# 
   308     001B                     CCPR2           equ	27	;# 
   309     001B                     CCPR2L          equ	27	;# 
   310     001C                     CCPR2H          equ	28	;# 
   311     001D                     CCP2CON         equ	29	;# 
   312     001E                     ADRESH          equ	30	;# 
   313     001F                     ADCON0          equ	31	;# 
   314     0081                     OPTION_REG      equ	129	;# 
   315     0085                     TRISA           equ	133	;# 
   316     0086                     TRISB           equ	134	;# 
   317     0087                     TRISC           equ	135	;# 
   318     0088                     TRISD           equ	136	;# 
   319     0089                     TRISE           equ	137	;# 
   320     008C                     PIE1            equ	140	;# 
   321     008D                     PIE2            equ	141	;# 
   322     008E                     PCON            equ	142	;# 
   323     0091                     SSPCON2         equ	145	;# 
   324     0092                     PR2             equ	146	;# 
   325     0093                     SSPADD          equ	147	;# 
   326     0094                     SSPSTAT         equ	148	;# 
   327     0098                     TXSTA           equ	152	;# 
   328     0099                     SPBRG           equ	153	;# 
   329     009C                     CMCON           equ	156	;# 
   330     009D                     CVRCON          equ	157	;# 
   331     009E                     ADRESL          equ	158	;# 
   332     009F                     ADCON1          equ	159	;# 
   333     010C                     EEDATA          equ	268	;# 
   334     010D                     EEADR           equ	269	;# 
   335     010E                     EEDATH          equ	270	;# 
   336     010F                     EEADRH          equ	271	;# 
   337     018C                     EECON1          equ	396	;# 
   338     018D                     EECON2          equ	397	;# 
   339     0000                     INDF            equ	0	;# 
   340     0001                     TMR0            equ	1	;# 
   341     0002                     PCL             equ	2	;# 
   342     0003                     STATUS          equ	3	;# 
   343     0004                     FSR             equ	4	;# 
   344     0005                     PORTA           equ	5	;# 
   345     0006                     PORTB           equ	6	;# 
   346     0007                     PORTC           equ	7	;# 
   347     0008                     PORTD           equ	8	;# 
   348     0009                     PORTE           equ	9	;# 
   349     000A                     PCLATH          equ	10	;# 
   350     000B                     INTCON          equ	11	;# 
   351     000C                     PIR1            equ	12	;# 
   352     000D                     PIR2            equ	13	;# 
   353     000E                     TMR1            equ	14	;# 
   354     000E                     TMR1L           equ	14	;# 
   355     000F                     TMR1H           equ	15	;# 
   356     0010                     T1CON           equ	16	;# 
   357     0011                     TMR2            equ	17	;# 
   358     0012                     T2CON           equ	18	;# 
   359     0013                     SSPBUF          equ	19	;# 
   360     0014                     SSPCON          equ	20	;# 
   361     0015                     CCPR1           equ	21	;# 
   362     0015                     CCPR1L          equ	21	;# 
   363     0016                     CCPR1H          equ	22	;# 
   364     0017                     CCP1CON         equ	23	;# 
   365     0018                     RCSTA           equ	24	;# 
   366     0019                     TXREG           equ	25	;# 
   367     001A                     RCREG           equ	26	;# 
   368     001B                     CCPR2           equ	27	;# 
   369     001B                     CCPR2L          equ	27	;# 
   370     001C                     CCPR2H          equ	28	;# 
   371     001D                     CCP2CON         equ	29	;# 
   372     001E                     ADRESH          equ	30	;# 
   373     001F                     ADCON0          equ	31	;# 
   374     0081                     OPTION_REG      equ	129	;# 
   375     0085                     TRISA           equ	133	;# 
   376     0086                     TRISB           equ	134	;# 
   377     0087                     TRISC           equ	135	;# 
   378     0088                     TRISD           equ	136	;# 
   379     0089                     TRISE           equ	137	;# 
   380     008C                     PIE1            equ	140	;# 
   381     008D                     PIE2            equ	141	;# 
   382     008E                     PCON            equ	142	;# 
   383     0091                     SSPCON2         equ	145	;# 
   384     0092                     PR2             equ	146	;# 
   385     0093                     SSPADD          equ	147	;# 
   386     0094                     SSPSTAT         equ	148	;# 
   387     0098                     TXSTA           equ	152	;# 
   388     0099                     SPBRG           equ	153	;# 
   389     009C                     CMCON           equ	156	;# 
   390     009D                     CVRCON          equ	157	;# 
   391     009E                     ADRESL          equ	158	;# 
   392     009F                     ADCON1          equ	159	;# 
   393     010C                     EEDATA          equ	268	;# 
   394     010D                     EEADR           equ	269	;# 
   395     010E                     EEDATH          equ	270	;# 
   396     010F                     EEADRH          equ	271	;# 
   397     018C                     EECON1          equ	396	;# 
   398     018D                     EECON2          equ	397	;# 
   399     0000                     INDF            equ	0	;# 
   400     0001                     TMR0            equ	1	;# 
   401     0002                     PCL             equ	2	;# 
   402     0003                     STATUS          equ	3	;# 
   403     0004                     FSR             equ	4	;# 
   404     0005                     PORTA           equ	5	;# 
   405     0006                     PORTB           equ	6	;# 
   406     0007                     PORTC           equ	7	;# 
   407     0008                     PORTD           equ	8	;# 
   408     0009                     PORTE           equ	9	;# 
   409     000A                     PCLATH          equ	10	;# 
   410     000B                     INTCON          equ	11	;# 
   411     000C                     PIR1            equ	12	;# 
   412     000D                     PIR2            equ	13	;# 
   413     000E                     TMR1            equ	14	;# 
   414     000E                     TMR1L           equ	14	;# 
   415     000F                     TMR1H           equ	15	;# 
   416     0010                     T1CON           equ	16	;# 
   417     0011                     TMR2            equ	17	;# 
   418     0012                     T2CON           equ	18	;# 
   419     0013                     SSPBUF          equ	19	;# 
   420     0014                     SSPCON          equ	20	;# 
   421     0015                     CCPR1           equ	21	;# 
   422     0015                     CCPR1L          equ	21	;# 
   423     0016                     CCPR1H          equ	22	;# 
   424     0017                     CCP1CON         equ	23	;# 
   425     0018                     RCSTA           equ	24	;# 
   426     0019                     TXREG           equ	25	;# 
   427     001A                     RCREG           equ	26	;# 
   428     001B                     CCPR2           equ	27	;# 
   429     001B                     CCPR2L          equ	27	;# 
   430     001C                     CCPR2H          equ	28	;# 
   431     001D                     CCP2CON         equ	29	;# 
   432     001E                     ADRESH          equ	30	;# 
   433     001F                     ADCON0          equ	31	;# 
   434     0081                     OPTION_REG      equ	129	;# 
   435     0085                     TRISA           equ	133	;# 
   436     0086                     TRISB           equ	134	;# 
   437     0087                     TRISC           equ	135	;# 
   438     0088                     TRISD           equ	136	;# 
   439     0089                     TRISE           equ	137	;# 
   440     008C                     PIE1            equ	140	;# 
   441     008D                     PIE2            equ	141	;# 
   442     008E                     PCON            equ	142	;# 
   443     0091                     SSPCON2         equ	145	;# 
   444     0092                     PR2             equ	146	;# 
   445     0093                     SSPADD          equ	147	;# 
   446     0094                     SSPSTAT         equ	148	;# 
   447     0098                     TXSTA           equ	152	;# 
   448     0099                     SPBRG           equ	153	;# 
   449     009C                     CMCON           equ	156	;# 
   450     009D                     CVRCON          equ	157	;# 
   451     009E                     ADRESL          equ	158	;# 
   452     009F                     ADCON1          equ	159	;# 
   453     010C                     EEDATA          equ	268	;# 
   454     010D                     EEADR           equ	269	;# 
   455     010E                     EEDATH          equ	270	;# 
   456     010F                     EEADRH          equ	271	;# 
   457     018C                     EECON1          equ	396	;# 
   458     018D                     EECON2          equ	397	;# 
   459     0000                     INDF            equ	0	;# 
   460     0001                     TMR0            equ	1	;# 
   461     0002                     PCL             equ	2	;# 
   462     0003                     STATUS          equ	3	;# 
   463     0004                     FSR             equ	4	;# 
   464     0005                     PORTA           equ	5	;# 
   465     0006                     PORTB           equ	6	;# 
   466     0007                     PORTC           equ	7	;# 
   467     0008                     PORTD           equ	8	;# 
   468     0009                     PORTE           equ	9	;# 
   469     000A                     PCLATH          equ	10	;# 
   470     000B                     INTCON          equ	11	;# 
   471     000C                     PIR1            equ	12	;# 
   472     000D                     PIR2            equ	13	;# 
   473     000E                     TMR1            equ	14	;# 
   474     000E                     TMR1L           equ	14	;# 
   475     000F                     TMR1H           equ	15	;# 
   476     0010                     T1CON           equ	16	;# 
   477     0011                     TMR2            equ	17	;# 
   478     0012                     T2CON           equ	18	;# 
   479     0013                     SSPBUF          equ	19	;# 
   480     0014                     SSPCON          equ	20	;# 
   481     0015                     CCPR1           equ	21	;# 
   482     0015                     CCPR1L          equ	21	;# 
   483     0016                     CCPR1H          equ	22	;# 
   484     0017                     CCP1CON         equ	23	;# 
   485     0018                     RCSTA           equ	24	;# 
   486     0019                     TXREG           equ	25	;# 
   487     001A                     RCREG           equ	26	;# 
   488     001B                     CCPR2           equ	27	;# 
   489     001B                     CCPR2L          equ	27	;# 
   490     001C                     CCPR2H          equ	28	;# 
   491     001D                     CCP2CON         equ	29	;# 
   492     001E                     ADRESH          equ	30	;# 
   493     001F                     ADCON0          equ	31	;# 
   494     0081                     OPTION_REG      equ	129	;# 
   495     0085                     TRISA           equ	133	;# 
   496     0086                     TRISB           equ	134	;# 
   497     0087                     TRISC           equ	135	;# 
   498     0088                     TRISD           equ	136	;# 
   499     0089                     TRISE           equ	137	;# 
   500     008C                     PIE1            equ	140	;# 
   501     008D                     PIE2            equ	141	;# 
   502     008E                     PCON            equ	142	;# 
   503     0091                     SSPCON2         equ	145	;# 
   504     0092                     PR2             equ	146	;# 
   505     0093                     SSPADD          equ	147	;# 
   506     0094                     SSPSTAT         equ	148	;# 
   507     0098                     TXSTA           equ	152	;# 
   508     0099                     SPBRG           equ	153	;# 
   509     009C                     CMCON           equ	156	;# 
   510     009D                     CVRCON          equ	157	;# 
   511     009E                     ADRESL          equ	158	;# 
   512     009F                     ADCON1          equ	159	;# 
   513     010C                     EEDATA          equ	268	;# 
   514     010D                     EEADR           equ	269	;# 
   515     010E                     EEDATH          equ	270	;# 
   516     010F                     EEADRH          equ	271	;# 
   517     018C                     EECON1          equ	396	;# 
   518     018D                     EECON2          equ	397	;# 
   519     0000                     INDF            equ	0	;# 
   520     0001                     TMR0            equ	1	;# 
   521     0002                     PCL             equ	2	;# 
   522     0003                     STATUS          equ	3	;# 
   523     0004                     FSR             equ	4	;# 
   524     0005                     PORTA           equ	5	;# 
   525     0006                     PORTB           equ	6	;# 
   526     0007                     PORTC           equ	7	;# 
   527     0008                     PORTD           equ	8	;# 
   528     0009                     PORTE           equ	9	;# 
   529     000A                     PCLATH          equ	10	;# 
   530     000B                     INTCON          equ	11	;# 
   531     000C                     PIR1            equ	12	;# 
   532     000D                     PIR2            equ	13	;# 
   533     000E                     TMR1            equ	14	;# 
   534     000E                     TMR1L           equ	14	;# 
   535     000F                     TMR1H           equ	15	;# 
   536     0010                     T1CON           equ	16	;# 
   537     0011                     TMR2            equ	17	;# 
   538     0012                     T2CON           equ	18	;# 
   539     0013                     SSPBUF          equ	19	;# 
   540     0014                     SSPCON          equ	20	;# 
   541     0015                     CCPR1           equ	21	;# 
   542     0015                     CCPR1L          equ	21	;# 
   543     0016                     CCPR1H          equ	22	;# 
   544     0017                     CCP1CON         equ	23	;# 
   545     0018                     RCSTA           equ	24	;# 
   546     0019                     TXREG           equ	25	;# 
   547     001A                     RCREG           equ	26	;# 
   548     001B                     CCPR2           equ	27	;# 
   549     001B                     CCPR2L          equ	27	;# 
   550     001C                     CCPR2H          equ	28	;# 
   551     001D                     CCP2CON         equ	29	;# 
   552     001E                     ADRESH          equ	30	;# 
   553     001F                     ADCON0          equ	31	;# 
   554     0081                     OPTION_REG      equ	129	;# 
   555     0085                     TRISA           equ	133	;# 
   556     0086                     TRISB           equ	134	;# 
   557     0087                     TRISC           equ	135	;# 
   558     0088                     TRISD           equ	136	;# 
   559     0089                     TRISE           equ	137	;# 
   560     008C                     PIE1            equ	140	;# 
   561     008D                     PIE2            equ	141	;# 
   562     008E                     PCON            equ	142	;# 
   563     0091                     SSPCON2         equ	145	;# 
   564     0092                     PR2             equ	146	;# 
   565     0093                     SSPADD          equ	147	;# 
   566     0094                     SSPSTAT         equ	148	;# 
   567     0098                     TXSTA           equ	152	;# 
   568     0099                     SPBRG           equ	153	;# 
   569     009C                     CMCON           equ	156	;# 
   570     009D                     CVRCON          equ	157	;# 
   571     009E                     ADRESL          equ	158	;# 
   572     009F                     ADCON1          equ	159	;# 
   573     010C                     EEDATA          equ	268	;# 
   574     010D                     EEADR           equ	269	;# 
   575     010E                     EEDATH          equ	270	;# 
   576     010F                     EEADRH          equ	271	;# 
   577     018C                     EECON1          equ	396	;# 
   578     018D                     EECON2          equ	397	;# 
   579     0000                     INDF            equ	0	;# 
   580     0001                     TMR0            equ	1	;# 
   581     0002                     PCL             equ	2	;# 
   582     0003                     STATUS          equ	3	;# 
   583     0004                     FSR             equ	4	;# 
   584     0005                     PORTA           equ	5	;# 
   585     0006                     PORTB           equ	6	;# 
   586     0007                     PORTC           equ	7	;# 
   587     0008                     PORTD           equ	8	;# 
   588     0009                     PORTE           equ	9	;# 
   589     000A                     PCLATH          equ	10	;# 
   590     000B                     INTCON          equ	11	;# 
   591     000C                     PIR1            equ	12	;# 
   592     000D                     PIR2            equ	13	;# 
   593     000E                     TMR1            equ	14	;# 
   594     000E                     TMR1L           equ	14	;# 
   595     000F                     TMR1H           equ	15	;# 
   596     0010                     T1CON           equ	16	;# 
   597     0011                     TMR2            equ	17	;# 
   598     0012                     T2CON           equ	18	;# 
   599     0013                     SSPBUF          equ	19	;# 
   600     0014                     SSPCON          equ	20	;# 
   601     0015                     CCPR1           equ	21	;# 
   602     0015                     CCPR1L          equ	21	;# 
   603     0016                     CCPR1H          equ	22	;# 
   604     0017                     CCP1CON         equ	23	;# 
   605     0018                     RCSTA           equ	24	;# 
   606     0019                     TXREG           equ	25	;# 
   607     001A                     RCREG           equ	26	;# 
   608     001B                     CCPR2           equ	27	;# 
   609     001B                     CCPR2L          equ	27	;# 
   610     001C                     CCPR2H          equ	28	;# 
   611     001D                     CCP2CON         equ	29	;# 
   612     001E                     ADRESH          equ	30	;# 
   613     001F                     ADCON0          equ	31	;# 
   614     0081                     OPTION_REG      equ	129	;# 
   615     0085                     TRISA           equ	133	;# 
   616     0086                     TRISB           equ	134	;# 
   617     0087                     TRISC           equ	135	;# 
   618     0088                     TRISD           equ	136	;# 
   619     0089                     TRISE           equ	137	;# 
   620     008C                     PIE1            equ	140	;# 
   621     008D                     PIE2            equ	141	;# 
   622     008E                     PCON            equ	142	;# 
   623     0091                     SSPCON2         equ	145	;# 
   624     0092                     PR2             equ	146	;# 
   625     0093                     SSPADD          equ	147	;# 
   626     0094                     SSPSTAT         equ	148	;# 
   627     0098                     TXSTA           equ	152	;# 
   628     0099                     SPBRG           equ	153	;# 
   629     009C                     CMCON           equ	156	;# 
   630     009D                     CVRCON          equ	157	;# 
   631     009E                     ADRESL          equ	158	;# 
   632     009F                     ADCON1          equ	159	;# 
   633     010C                     EEDATA          equ	268	;# 
   634     010D                     EEADR           equ	269	;# 
   635     010E                     EEDATH          equ	270	;# 
   636     010F                     EEADRH          equ	271	;# 
   637     018C                     EECON1          equ	396	;# 
   638     018D                     EECON2          equ	397	;# 
   639                           
   640                           	psect	idataBANK0
   641     1185                     __pidataBANK0:
   642                           
   643                           ;initializer for display_config_menu@menu
   644     1185  343F               	retlw	low ((STR_7-__stringbase)| (0+32768))
   645     1186  3422               	retlw	low ((STR_8-__stringbase)| (0+32768))
   646                           
   647                           ;initializer for read_digital_keypad@once
   648     1187  3401               	retlw	1
   649                           
   650                           ;initializer for main@prev_key
   651     1188  343F               	retlw	63
   652     0013                     _SSPBUF         set	19
   653     0006                     _PORTB          set	6
   654     0008                     _PORTD          set	8
   655     0091                     _T2CKPS1        set	145
   656     0090                     _T2CKPS0        set	144
   657     0061                     _TMR2IF         set	97
   658     00A5                     _SSPEN          set	165
   659     00A3                     _SSPM3          set	163
   660     0049                     _RE1            set	73
   661     004A                     _RE2            set	74
   662     0092                     _TMR2ON         set	146
   663     005F                     _GIE            set	95
   664     005E                     _PEIE           set	94
   665     0092                     _PR2            set	146
   666     0091                     _SSPCON2        set	145
   667     0093                     _SSPADD         set	147
   668     0086                     _TRISB          set	134
   669     0088                     _TRISD          set	136
   670     0461                     _TMR2IE         set	1121
   671     048E                     _ACKSTAT        set	1166
   672     048C                     _ACKEN          set	1164
   673     048D                     _ACKDT          set	1165
   674     048B                     _RCEN           set	1163
   675     048A                     _PEN            set	1162
   676     0488                     _SEN            set	1160
   677     04A2                     _R_nW           set	1186
   678     0449                     _TRISE1         set	1097
   679     044A                     _TRISE2         set	1098
   680                           
   681                           	psect	strings
   682     1000                     __pstrings:
   683     1000                     stringtab:
   684     1000                     __stringtab:
   685     1000                     stringcode:	
   686                           ;	String table - string pointers are 1 byte each
   687                           
   688     1000                     stringdir:
   689     1000  3010               	movlw	high stringdir
   690     1001  008A               	movwf	10
   691     1002  0804               	movf	4,w
   692     1003  0A84               	incf	4,f
   693     1004  0782               	addwf	2,f
   694     1005                     __stringbase:
   695     1005  3400               	retlw	0
   696     1006                     __end_of__stringtab:
   697     1006                     STR_28:
   698     1006  3420               	retlw	32	;' '
   699     1007  3420               	retlw	32	;' '
   700     1008  3420               	retlw	32	;' '
   701     1009  3420               	retlw	32	;' '
   702     100A  3420               	retlw	32	;' '
   703     100B  3420               	retlw	32	;' '
   704     100C  3420               	retlw	32	;' '
   705     100D  3420               	retlw	32	;' '
   706     100E  3420               	retlw	32	;' '
   707     100F  3420               	retlw	32	;' '
   708     1010  3420               	retlw	32	;' '
   709     1011  3420               	retlw	32	;' '
   710     1012  3420               	retlw	32	;' '
   711     1013  3420               	retlw	32	;' '
   712     1014  3420               	retlw	32	;' '
   713     1015  3420               	retlw	32	;' '
   714     1016  3400               	retlw	0
   715     1017                     STR_11:
   716     1017  3454               	retlw	84	;'T'
   717     1018  3469               	retlw	105	;'i'
   718     1019  346D               	retlw	109	;'m'
   719     101A  3465               	retlw	101	;'e'
   720     101B  3420               	retlw	32	;' '
   721     101C  342F               	retlw	47	;'/'
   722     101D  3420               	retlw	32	;' '
   723     101E  3444               	retlw	68	;'D'
   724     101F  3461               	retlw	97	;'a'
   725     1020  3474               	retlw	116	;'t'
   726     1021  3465               	retlw	101	;'e'
   727     1022  3420               	retlw	32	;' '
   728     1023  3473               	retlw	115	;'s'
   729     1024  3465               	retlw	101	;'e'
   730     1025  3474               	retlw	116	;'t'
   731     1026  3400               	retlw	0
   732     1027                     STR_8:
   733     1027  3453               	retlw	83	;'S'
   734     1028  3465               	retlw	101	;'e'
   735     1029  3474               	retlw	116	;'t'
   736     102A  342F               	retlw	47	;'/'
   737     102B  3456               	retlw	86	;'V'
   738     102C  3469               	retlw	105	;'i'
   739     102D  3465               	retlw	101	;'e'
   740     102E  3477               	retlw	119	;'w'
   741     102F  3420               	retlw	32	;' '
   742     1030  3441               	retlw	65	;'A'
   743     1031  346C               	retlw	108	;'l'
   744     1032  3461               	retlw	97	;'a'
   745     1033  3472               	retlw	114	;'r'
   746     1034  346D               	retlw	109	;'m'
   747     1035  3400               	retlw	0
   748     1036                     STR_30:
   749     1036  3441               	retlw	65	;'A'
   750     1037  346C               	retlw	108	;'l'
   751     1038  3461               	retlw	97	;'a'
   752     1039  3472               	retlw	114	;'r'
   753     103A  346D               	retlw	109	;'m'
   754     103B  3420               	retlw	32	;' '
   755     103C  3444               	retlw	68	;'D'
   756     103D  3465               	retlw	101	;'e'
   757     103E  346C               	retlw	108	;'l'
   758     103F  3465               	retlw	101	;'e'
   759     1040  3474               	retlw	116	;'t'
   760     1041  3465               	retlw	101	;'e'
   761     1042  3464               	retlw	100	;'d'
   762     1043  3400               	retlw	0
   763     1044                     STR_7:
   764     1044  3453               	retlw	83	;'S'
   765     1045  3465               	retlw	101	;'e'
   766     1046  3474               	retlw	116	;'t'
   767     1047  3420               	retlw	32	;' '
   768     1048  3454               	retlw	84	;'T'
   769     1049  3469               	retlw	105	;'i'
   770     104A  346D               	retlw	109	;'m'
   771     104B  3465               	retlw	101	;'e'
   772     104C  342F               	retlw	47	;'/'
   773     104D  3444               	retlw	68	;'D'
   774     104E  3461               	retlw	97	;'a'
   775     104F  3474               	retlw	116	;'t'
   776     1050  3465               	retlw	101	;'e'
   777     1051  3400               	retlw	0
   778     1052                     STR_31:
   779     1052  3453               	retlw	83	;'S'
   780     1053  3475               	retlw	117	;'u'
   781     1054  3463               	retlw	99	;'c'
   782     1055  3463               	retlw	99	;'c'
   783     1056  3465               	retlw	101	;'e'
   784     1057  3473               	retlw	115	;'s'
   785     1058  3473               	retlw	115	;'s'
   786     1059  3466               	retlw	102	;'f'
   787     105A  3475               	retlw	117	;'u'
   788     105B  346C               	retlw	108	;'l'
   789     105C  346C               	retlw	108	;'l'
   790     105D  3479               	retlw	121	;'y'
   791     105E  3400               	retlw	0
   792     105F                     STR_22:
   793     105F  3448               	retlw	72	;'H'
   794     1060  3448               	retlw	72	;'H'
   795     1061  343A               	retlw	58	;':'
   796     1062  344D               	retlw	77	;'M'
   797     1063  344D               	retlw	77	;'M'
   798     1064  3420               	retlw	32	;' '
   799     1065  344F               	retlw	79	;'O'
   800     1066  342F               	retlw	47	;'/'
   801     1067  3444               	retlw	68	;'D'
   802     1068  342F               	retlw	47	;'/'
   803     1069  3457               	retlw	87	;'W'
   804     106A  3400               	retlw	0
   805     106B                     STR_27:
   806     106B  342A               	retlw	42	;'*'
   807     106C  3420               	retlw	32	;' '
   808     106D  3441               	retlw	65	;'A'
   809     106E  3464               	retlw	100	;'d'
   810     106F  3464               	retlw	100	;'d'
   811     1070  3420               	retlw	32	;' '
   812     1071  3441               	retlw	65	;'A'
   813     1072  346C               	retlw	108	;'l'
   814     1073  3461               	retlw	97	;'a'
   815     1074  3472               	retlw	114	;'r'
   816     1075  346D               	retlw	109	;'m'
   817     1076  3400               	retlw	0
   818     1077                     STR_9:
   819     1077  3444               	retlw	68	;'D'
   820     1078  3444               	retlw	68	;'D'
   821     1079  342F               	retlw	47	;'/'
   822     107A  344D               	retlw	77	;'M'
   823     107B  344D               	retlw	77	;'M'
   824     107C  342F               	retlw	47	;'/'
   825     107D  3459               	retlw	89	;'Y'
   826     107E  3459               	retlw	89	;'Y'
   827     107F  3459               	retlw	89	;'Y'
   828     1080  3459               	retlw	89	;'Y'
   829     1081  3400               	retlw	0
   830     1082                     STR_12:
   831     1082  3453               	retlw	83	;'S'
   832     1083  3475               	retlw	117	;'u'
   833     1084  3463               	retlw	99	;'c'
   834     1085  3463               	retlw	99	;'c'
   835     1086  3465               	retlw	101	;'e'
   836     1087  3473               	retlw	115	;'s'
   837     1088  3473               	retlw	115	;'s'
   838     1089  3466               	retlw	102	;'f'
   839     108A  3475               	retlw	117	;'u'
   840     108B  346C               	retlw	108	;'l'
   841     108C  3400               	retlw	0
   842     108D                     STR_29:
   843     108D  342A               	retlw	42	;'*'
   844     108E  3420               	retlw	32	;' '
   845     108F  3441               	retlw	65	;'A'
   846     1090  346C               	retlw	108	;'l'
   847     1091  3461               	retlw	97	;'a'
   848     1092  3472               	retlw	114	;'r'
   849     1093  346D               	retlw	109	;'m'
   850     1094  3420               	retlw	32	;' '
   851     1095  3400               	retlw	0
   852     1096                     STR_10:
   853     1096  3448               	retlw	72	;'H'
   854     1097  3448               	retlw	72	;'H'
   855     1098  343A               	retlw	58	;':'
   856     1099  344D               	retlw	77	;'M'
   857     109A  344D               	retlw	77	;'M'
   858     109B  343A               	retlw	58	;':'
   859     109C  3453               	retlw	83	;'S'
   860     109D  3453               	retlw	83	;'S'
   861     109E  3400               	retlw	0
   862     109F                     STR_6:
   863     109F  3445               	retlw	69	;'E'
   864     10A0  3456               	retlw	86	;'V'
   865     10A1  3445               	retlw	69	;'E'
   866     10A2  344E               	retlw	78	;'N'
   867     10A3  3454               	retlw	84	;'T'
   868     10A4  343A               	retlw	58	;':'
   869     10A5  3420               	retlw	32	;' '
   870     10A6  3400               	retlw	0
   871     10A7                     STR_3:
   872     10A7  3454               	retlw	84	;'T'
   873     10A8  3449               	retlw	73	;'I'
   874     10A9  344D               	retlw	77	;'M'
   875     10AA  3445               	retlw	69	;'E'
   876     10AB  343A               	retlw	58	;':'
   877     10AC  3420               	retlw	32	;' '
   878     10AD  3400               	retlw	0
   879     10AE                     STR_2:
   880     10AE  3444               	retlw	68	;'D'
   881     10AF  3441               	retlw	65	;'A'
   882     10B0  3454               	retlw	84	;'T'
   883     10B1  3445               	retlw	69	;'E'
   884     10B2  343A               	retlw	58	;':'
   885     10B3  3420               	retlw	32	;' '
   886     10B4  3400               	retlw	0
   887     10B5                     STR_16:
   888     10B5  3432               	retlw	50	;'2'
   889     10B6  3430               	retlw	48	;'0'
   890     10B7  3400               	retlw	0
   891     10B8                     STR_5:
   892     10B8  3441               	retlw	65	;'A'
   893     10B9  344D               	retlw	77	;'M'
   894     10BA  3400               	retlw	0
   895     10BB                     STR_4:
   896     10BB  3450               	retlw	80	;'P'
   897     10BC  344D               	retlw	77	;'M'
   898     10BD  3400               	retlw	0
   899     106D                     STR_23          equ	STR_27+2
   900     1082                     STR_24          equ	STR_12
   901     10B5                     STR_18          equ	STR_16
   902     10B5                     STR_20          equ	STR_16
   903     100C                     STR_1           equ	STR_28+6
   904     1012                     STR_17          equ	STR_28+12
   905     1014                     STR_13          equ	STR_28+14
   906     1014                     STR_14          equ	STR_28+14
   907     1014                     STR_15          equ	STR_28+14
   908     1014                     STR_19          equ	STR_28+14
   909     1014                     STR_21          equ	STR_28+14
   910     1014                     STR_25          equ	STR_28+14
   911     1014                     STR_26          equ	STR_28+14
   912                           
   913                           	psect	cinit
   914     000F                     start_initialization:	
   915                           ; #config settings
   916                           
   917     000F                     __initialization:
   918                           
   919                           ; Initialize objects allocated to BANK0
   920     000F  160A  118A  2185  120A  118A  	fcall	__pidataBANK0	;fetch initializer
   921     0014  00E9               	movwf	__pdataBANK0& (0+127)
   922     0015  160A  118A  2186  120A  118A  	fcall	__pidataBANK0+1	;fetch initializer
   923     001A  00EA               	movwf	(__pdataBANK0+1)& (0+127)
   924     001B  160A  118A  2187  120A  118A  	fcall	__pidataBANK0+2	;fetch initializer
   925     0020  00EB               	movwf	(__pdataBANK0+2)& (0+127)
   926     0021  160A  118A  2188  120A  118A  	fcall	__pidataBANK0+3	;fetch initializer
   927     0026  00EC               	movwf	(__pdataBANK0+3)& (0+127)
   928                           
   929                           ; Clear objects allocated to BANK1
   930     0027  1383               	bcf	3,7	;select IRP bank0
   931     0028  30A0               	movlw	low __pbssBANK1
   932     0029  0084               	movwf	4
   933     002A  30B8               	movlw	low (__pbssBANK1+24)
   934     002B  160A  118A  218F  120A  118A  	fcall	clear_ram0
   935                           
   936                           ; Clear objects allocated to BANK0
   937     0030  3020               	movlw	low __pbssBANK0
   938     0031  0084               	movwf	4
   939     0032  3050               	movlw	low (__pbssBANK0+48)
   940     0033  160A  118A  218F  120A  118A  	fcall	clear_ram0
   941                           
   942                           ; Clear objects allocated to COMMON
   943     0038  01F9               	clrf	__pbssCOMMON& (0+127)
   944     0039  01FA               	clrf	(__pbssCOMMON+1)& (0+127)
   945     003A  01FB               	clrf	(__pbssCOMMON+2)& (0+127)
   946     003B                     end_of_initialization:	
   947                           ;End of C runtime variable initialization code
   948                           
   949     003B                     __end_of__initialization:
   950     003B  0183               	clrf	3
   951     003C  160A  118A  2F33   	ljmp	_main	;jump to C main() function
   952                           
   953                           	psect	bssCOMMON
   954     0079                     __pbssCOMMON:
   955     0079                     _alarm_pos:
   956     0079                     	ds	1
   957     007A                     _field:
   958     007A                     	ds	1
   959     007B                     _sec:
   960     007B                     	ds	1
   961                           
   962                           	psect	bssBANK0
   963     0020                     __pbssBANK0:
   964     0020                     _date:
   965     0020                     	ds	9
   966     0029                     _str:
   967     0029                     	ds	8
   968     0031                     _time:
   969     0031                     	ds	7
   970     0038                     _clock_reg:
   971     0038                     	ds	6
   972     003E                     _delay:
   973     003E                     	ds	2
   974     0040                     isr@count:
   975     0040                     	ds	2
   976     0042                     main@press_time:
   977     0042                     	ds	2
   978     0044                     display_config_menu@menu_pos:
   979     0044                     	ds	1
   980     0045                     _edit_mode:
   981     0045                     	ds	1
   982     0046                     _alarm_count:
   983     0046                     	ds	1
   984     0047                     _yy:
   985     0047                     	ds	1
   986     0048                     _mm:
   987     0048                     	ds	1
   988     0049                     _dd:
   989     0049                     	ds	1
   990     004A                     _blink_flag:
   991     004A                     	ds	1
   992     004B                     _type:
   993     004B                     	ds	1
   994     004C                     _min:
   995     004C                     	ds	1
   996     004D                     _hr:
   997     004D                     	ds	1
   998     004E                     _noon:
   999     004E                     	ds	1
  1000     004F                     _return_time:
  1001     004F                     	ds	1
  1002                           
  1003                           	psect	dataBANK0
  1004     0069                     __pdataBANK0:
  1005     0069                     display_config_menu@menu:
  1006     0069                     	ds	2
  1007     006B                     read_digital_keypad@once:
  1008     006B                     	ds	1
  1009     006C                     main@prev_key:
  1010     006C                     	ds	1
  1011                           
  1012                           	psect	bssBANK1
  1013     00A0                     __pbssBANK1:
  1014     00A0                     _alarms:
  1015     00A0                     	ds	24
  1016                           
  1017                           	psect	clrtext
  1018     118F                     clear_ram0:	
  1019                           ;	Called with FSR containing the base address, and
  1020                           ;	W with the last address+1
  1021                           
  1022     118F  0064               	clrwdt	;clear the watchdog before getting into this loop
  1023     1190                     clrloop0:
  1024     1190  0180               	clrf	0	;clear RAM location pointed to by FSR
  1025     1191  0A84               	incf	4,f	;increment pointer
  1026     1192  0604               	xorwf	4,w	;XOR with final address
  1027     1193  1903               	btfsc	3,2	;have we reached the end yet?
  1028     1194  3400               	retlw	0	;all done for this memory range, return
  1029     1195  0604               	xorwf	4,w	;XOR again to restore value
  1030     1196  2990               	goto	clrloop0	;do the next byte
  1031                           
  1032                           	psect	cstackCOMMON
  1033     0070                     __pcstackCOMMON:
  1034     0070                     ?_init_ds1307:
  1035     0070                     ?_init_clcd:	
  1036                           ; 1 bytes @ 0x0
  1037                           
  1038     0070                     ?_init_digital_keypad:	
  1039                           ; 1 bytes @ 0x0
  1040                           
  1041     0070                     ?_init_timer2:	
  1042                           ; 1 bytes @ 0x0
  1043                           
  1044     0070                     ?_read_digital_keypad:	
  1045                           ; 1 bytes @ 0x0
  1046                           
  1047     0070                     ?_clear_screen:	
  1048                           ; 1 bytes @ 0x0
  1049                           
  1050     0070                     ?_default_screen:	
  1051                           ; 1 bytes @ 0x0
  1052                           
  1053     0070                     ?_read_ds1307:	
  1054                           ; 1 bytes @ 0x0
  1055                           
  1056     0070                     ?_i2c_start:	
  1057                           ; 1 bytes @ 0x0
  1058                           
  1059     0070                     ?_i2c_rep_start:	
  1060                           ; 1 bytes @ 0x0
  1061                           
  1062     0070                     ?_i2c_read:	
  1063                           ; 1 bytes @ 0x0
  1064                           
  1065     0070                     ?_i2c_stop:	
  1066                           ; 1 bytes @ 0x0
  1067                           
  1068     0070                     ?_init_config:	
  1069                           ; 1 bytes @ 0x0
  1070                           
  1071     0070                     ?_main:	
  1072                           ; 1 bytes @ 0x0
  1073                           
  1074     0070                     ?_init_display_controller:	
  1075                           ; 1 bytes @ 0x0
  1076                           
  1077     0070                     ?_i2c_wait_for_idle:	
  1078                           ; 1 bytes @ 0x0
  1079                           
  1080     0070                     ?_isr:	
  1081                           ; 1 bytes @ 0x0
  1082                           
  1083     0070                     ?_get_time:	
  1084                           ; 1 bytes @ 0x0
  1085                           
  1086     0070                     ?_extract_time_date:	
  1087                           ; 1 bytes @ 0x0
  1088                           
  1089     0070                     ?_display_next_event:	
  1090                           ; 1 bytes @ 0x0
  1091                           
  1092     0070                     ?_save_time_date:	
  1093                           ; 1 bytes @ 0x0
  1094                           
  1095     0070                     ?_save_alarm:	
  1096                           ; 1 bytes @ 0x0
  1097                           
  1098     0070                     ?_delete_alarm:	
  1099                           ; 1 bytes @ 0x0
  1100                           
  1101     0070                     ?_i2c_write:	
  1102                           ; 1 bytes @ 0x0
  1103                           
  1104     0070                     ??_isr:	
  1105                           ; 2 bytes @ 0x0
  1106                           
  1107                           
  1108                           ; 1 bytes @ 0x0
  1109     0070                     	ds	2
  1110     0072                     ?_clcd_write:
  1111     0072                     ?___bmul:	
  1112                           ; 1 bytes @ 0x2
  1113                           
  1114     0072                     clcd_write@mode:	
  1115                           ; 1 bytes @ 0x2
  1116                           
  1117     0072                     i2c_read@ack:	
  1118                           ; 1 bytes @ 0x2
  1119                           
  1120     0072                     i2c_write@data:	
  1121                           ; 1 bytes @ 0x2
  1122                           
  1123     0072                     ___bmul@multiplicand:	
  1124                           ; 1 bytes @ 0x2
  1125                           
  1126     0072                     ??_init_digital_keypad:	
  1127                           ; 1 bytes @ 0x2
  1128                           
  1129     0072                     ??_init_timer2:	
  1130                           ; 1 bytes @ 0x2
  1131                           
  1132     0072                     ??_read_digital_keypad:	
  1133                           ; 1 bytes @ 0x2
  1134                           
  1135     0072                     ??_i2c_start:	
  1136                           ; 1 bytes @ 0x2
  1137                           
  1138     0072                     ??_i2c_write:	
  1139                           ; 1 bytes @ 0x2
  1140                           
  1141     0072                     ??_i2c_rep_start:	
  1142                           ; 1 bytes @ 0x2
  1143                           
  1144     0072                     ??_i2c_read:	
  1145                           ; 1 bytes @ 0x2
  1146                           
  1147     0072                     ??_i2c_stop:	
  1148                           ; 1 bytes @ 0x2
  1149                           
  1150     0072                     ??_i2c_wait_for_idle:	
  1151                           ; 1 bytes @ 0x2
  1152                           
  1153     0072                     ??___lldiv:	
  1154                           ; 1 bytes @ 0x2
  1155                           
  1156                           
  1157                           ; 1 bytes @ 0x2
  1158     0072                     	ds	1
  1159     0073                     ?_write_ds1307:
  1160     0073                     read_digital_keypad@mode:	
  1161                           ; 1 bytes @ 0x3
  1162                           
  1163     0073                     write_ds1307@data:	
  1164                           ; 1 bytes @ 0x3
  1165                           
  1166     0073                     i2c_read@data:	
  1167                           ; 1 bytes @ 0x3
  1168                           
  1169     0073                     ___bmul@product:	
  1170                           ; 1 bytes @ 0x3
  1171                           
  1172     0073                     ___lldiv@quotient:	
  1173                           ; 1 bytes @ 0x3
  1174                           
  1175     0073                     ??_clcd_write:	
  1176                           ; 4 bytes @ 0x3
  1177                           
  1178     0073                     ??___bmul:	
  1179                           ; 1 bytes @ 0x3
  1180                           
  1181                           
  1182                           ; 1 bytes @ 0x3
  1183     0073                     	ds	1
  1184     0074                     read_ds1307@addr:
  1185     0074                     write_ds1307@addr:	
  1186                           ; 1 bytes @ 0x4
  1187                           
  1188     0074                     ___bmul@multiplier:	
  1189                           ; 1 bytes @ 0x4
  1190                           
  1191     0074                     ??_read_ds1307:	
  1192                           ; 1 bytes @ 0x4
  1193                           
  1194     0074                     ??_write_ds1307:	
  1195                           ; 1 bytes @ 0x4
  1196                           
  1197                           
  1198                           ; 1 bytes @ 0x4
  1199     0074                     	ds	1
  1200     0075                     ?___wmul:
  1201     0075                     ?___awdiv:	
  1202                           ; 2 bytes @ 0x5
  1203                           
  1204     0075                     ?___awmod:	
  1205                           ; 2 bytes @ 0x5
  1206                           
  1207     0075                     clcd_write@byte:	
  1208                           ; 2 bytes @ 0x5
  1209                           
  1210     0075                     read_ds1307@data:	
  1211                           ; 1 bytes @ 0x5
  1212                           
  1213     0075                     ___wmul@multiplier:	
  1214                           ; 1 bytes @ 0x5
  1215                           
  1216     0075                     ___awdiv@divisor:	
  1217                           ; 2 bytes @ 0x5
  1218                           
  1219     0075                     ___awmod@divisor:	
  1220                           ; 2 bytes @ 0x5
  1221                           
  1222     0075                     ??_save_alarm:	
  1223                           ; 2 bytes @ 0x5
  1224                           
  1225     0075                     ??_delete_alarm:	
  1226                           ; 1 bytes @ 0x5
  1227                           
  1228                           
  1229                           ; 1 bytes @ 0x5
  1230     0075                     	ds	1
  1231     0076                     ?_clcd_print:
  1232     0076                     clcd_print@str:	
  1233                           ; 1 bytes @ 0x6
  1234                           
  1235     0076                     init_ds1307@dummy:	
  1236                           ; 1 bytes @ 0x6
  1237                           
  1238     0076                     ??_init_ds1307:	
  1239                           ; 1 bytes @ 0x6
  1240                           
  1241     0076                     ??_clear_screen:	
  1242                           ; 1 bytes @ 0x6
  1243                           
  1244     0076                     ??_init_display_controller:	
  1245                           ; 1 bytes @ 0x6
  1246                           
  1247     0076                     ??_get_time:	
  1248                           ; 1 bytes @ 0x6
  1249                           
  1250                           
  1251                           ; 1 bytes @ 0x6
  1252     0076                     	ds	1
  1253     0077                     clcd_print@addr:
  1254     0077                     ___lldiv@counter:	
  1255                           ; 1 bytes @ 0x7
  1256                           
  1257     0077                     ___wmul@multiplicand:	
  1258                           ; 1 bytes @ 0x7
  1259                           
  1260     0077                     ___awdiv@dividend:	
  1261                           ; 2 bytes @ 0x7
  1262                           
  1263     0077                     ___awmod@dividend:	
  1264                           ; 2 bytes @ 0x7
  1265                           
  1266     0077                     ??_extract_time_date:	
  1267                           ; 2 bytes @ 0x7
  1268                           
  1269                           
  1270                           ; 1 bytes @ 0x7
  1271     0077                     	ds	1
  1272     0078                     ??_init_clcd:
  1273     0078                     ??_init_config:	
  1274                           ; 1 bytes @ 0x8
  1275                           
  1276     0078                     ??_clcd_print:	
  1277                           ; 1 bytes @ 0x8
  1278                           
  1279                           
  1280                           ; 1 bytes @ 0x8
  1281     0078                     	ds	1
  1282     0079                     ??_default_screen:
  1283     0079                     ??_display_config_menu:	
  1284                           ; 1 bytes @ 0x9
  1285                           
  1286     0079                     ??_main:	
  1287                           ; 1 bytes @ 0x9
  1288                           
  1289     0079                     ??_clcd_putch:	
  1290                           ; 1 bytes @ 0x9
  1291                           
  1292     0079                     ??___wmul:	
  1293                           ; 1 bytes @ 0x9
  1294                           
  1295     0079                     ??___awdiv:	
  1296                           ; 1 bytes @ 0x9
  1297                           
  1298     0079                     ??___awmod:	
  1299                           ; 1 bytes @ 0x9
  1300                           
  1301                           
  1302                           	psect	cstackBANK0
  1303     0050                     __pcstackBANK0:	
  1304                           ; 1 bytes @ 0x9
  1305                           
  1306     0050                     ?___lldiv:
  1307     0050                     delete_alarm@index:	
  1308                           ; 4 bytes @ 0x0
  1309                           
  1310     0050                     ___awdiv@counter:	
  1311                           ; 1 bytes @ 0x0
  1312                           
  1313     0050                     ___awmod@counter:	
  1314                           ; 1 bytes @ 0x0
  1315                           
  1316     0050                     ___wmul@product:	
  1317                           ; 1 bytes @ 0x0
  1318                           
  1319     0050                     ___lldiv@divisor:	
  1320                           ; 2 bytes @ 0x0
  1321                           
  1322                           
  1323                           ; 4 bytes @ 0x0
  1324     0050                     	ds	1
  1325     0051                     delete_alarm@i:
  1326     0051                     ___awdiv@sign:	
  1327                           ; 1 bytes @ 0x1
  1328                           
  1329     0051                     ___awmod@sign:	
  1330                           ; 1 bytes @ 0x1
  1331                           
  1332                           
  1333                           ; 1 bytes @ 0x1
  1334     0051                     	ds	1
  1335     0052                     ?_get_next_alarm:
  1336     0052                     ___awdiv@quotient:	
  1337                           ; 2 bytes @ 0x2
  1338                           
  1339                           
  1340                           ; 2 bytes @ 0x2
  1341     0052                     	ds	2
  1342     0054                     ?_clcd_putch:
  1343     0054                     clcd_putch@addr:	
  1344                           ; 1 bytes @ 0x4
  1345                           
  1346     0054                     ___lldiv@dividend:	
  1347                           ; 1 bytes @ 0x4
  1348                           
  1349     0054                     ??_get_next_alarm:	
  1350                           ; 4 bytes @ 0x4
  1351                           
  1352     0054                     ??_save_time_date:	
  1353                           ; 1 bytes @ 0x4
  1354                           
  1355                           
  1356                           ; 1 bytes @ 0x4
  1357     0054                     	ds	1
  1358     0055                     clcd_putch@data:
  1359                           
  1360                           ; 1 bytes @ 0x5
  1361     0055                     	ds	1
  1362     0056                     ?_display_config_menu:
  1363     0056                     ?_set_view_alarm:	
  1364                           ; 1 bytes @ 0x6
  1365                           
  1366     0056                     ?_add_edit_alarm:	
  1367                           ; 1 bytes @ 0x6
  1368                           
  1369     0056                     display_config_menu@screen_flag:	
  1370                           ; 1 bytes @ 0x6
  1371                           
  1372     0056                     add_edit_alarm@key:	
  1373                           ; 1 bytes @ 0x6
  1374                           
  1375     0056                     set_view_alarm@key:	
  1376                           ; 1 bytes @ 0x6
  1377                           
  1378                           
  1379                           ; 1 bytes @ 0x6
  1380     0056                     	ds	1
  1381     0057                     display_config_menu@reset_flag:
  1382     0057                     add_edit_alarm@screen_flag:	
  1383                           ; 1 bytes @ 0x7
  1384                           
  1385     0057                     set_view_alarm@screen_flag:	
  1386                           ; 1 bytes @ 0x7
  1387                           
  1388     0057                     get_next_alarm@cur_time:	
  1389                           ; 1 bytes @ 0x7
  1390                           
  1391                           
  1392                           ; 2 bytes @ 0x7
  1393     0057                     	ds	1
  1394     0058                     ?_init_i2c:
  1395     0058                     display_config_menu@key:	
  1396                           ; 1 bytes @ 0x8
  1397                           
  1398     0058                     add_edit_alarm@reset_flag:	
  1399                           ; 1 bytes @ 0x8
  1400                           
  1401     0058                     set_view_alarm@reset_flag:	
  1402                           ; 1 bytes @ 0x8
  1403                           
  1404     0058                     init_i2c@baud:	
  1405                           ; 1 bytes @ 0x8
  1406                           
  1407                           
  1408                           ; 4 bytes @ 0x8
  1409     0058                     	ds	1
  1410     0059                     get_next_alarm@alarm_time:
  1411     0059                     ??_set_view_alarm:	
  1412                           ; 2 bytes @ 0x9
  1413                           
  1414     0059                     ??_add_edit_alarm:	
  1415                           ; 1 bytes @ 0x9
  1416                           
  1417                           
  1418                           ; 1 bytes @ 0x9
  1419     0059                     	ds	2
  1420     005B                     ?_set_time_date:
  1421     005B                     set_time_date@key:	
  1422                           ; 1 bytes @ 0xB
  1423                           
  1424     005B                     get_next_alarm@min_diff:	
  1425                           ; 1 bytes @ 0xB
  1426                           
  1427                           
  1428                           ; 2 bytes @ 0xB
  1429     005B                     	ds	1
  1430     005C                     set_time_date@screen_flag:
  1431     005C                     ??_init_i2c:	
  1432                           ; 1 bytes @ 0xC
  1433                           
  1434                           
  1435                           ; 1 bytes @ 0xC
  1436     005C                     	ds	1
  1437     005D                     set_time_date@reset_flag:
  1438     005D                     get_next_alarm@next_alarm:	
  1439                           ; 1 bytes @ 0xD
  1440                           
  1441                           
  1442                           ; 2 bytes @ 0xD
  1443     005D                     	ds	1
  1444     005E                     ??_set_time_date:
  1445                           
  1446                           ; 1 bytes @ 0xE
  1447     005E                     	ds	1
  1448     005F                     get_next_alarm@diff:
  1449                           
  1450                           ; 2 bytes @ 0xF
  1451     005F                     	ds	2
  1452     0061                     get_next_alarm@i:
  1453                           
  1454                           ; 1 bytes @ 0x11
  1455     0061                     	ds	1
  1456     0062                     ??_display_next_event:
  1457                           
  1458                           ; 1 bytes @ 0x12
  1459     0062                     	ds	2
  1460     0064                     display_next_event@index:
  1461                           
  1462                           ; 2 bytes @ 0x14
  1463     0064                     	ds	2
  1464     0066                     main@reset_flag:
  1465                           
  1466                           ; 1 bytes @ 0x16
  1467     0066                     	ds	1
  1468     0067                     main@screen_flag:
  1469                           
  1470                           ; 1 bytes @ 0x17
  1471     0067                     	ds	1
  1472     0068                     main@key:
  1473                           
  1474                           ; 1 bytes @ 0x18
  1475     0068                     	ds	1
  1476                           
  1477                           	psect	maintext
  1478     1733                     __pmaintext:	
  1479 ;;
  1480 ;;Main: autosize = 0, tempsize = 0, incstack = 0, save=0
  1481 ;;
  1482 ;; *************** function _main *****************
  1483 ;; Defined at:
  1484 ;;		line 56 in file "main.c"
  1485 ;; Parameters:    Size  Location     Type
  1486 ;;		None
  1487 ;; Auto vars:     Size  Location     Type
  1488 ;;  key             1   24[BANK0 ] unsigned char 
  1489 ;;  screen_flag     1   23[BANK0 ] unsigned char 
  1490 ;;  reset_flag      1   22[BANK0 ] unsigned char 
  1491 ;; Return value:  Size  Location     Type
  1492 ;;                  1    wreg      void 
  1493 ;; Registers used:
  1494 ;;		wreg, fsr0l, fsr0h, status,2, status,0, pclath, cstack
  1495 ;; Tracked objects:
  1496 ;;		On entry : B00/0
  1497 ;;		On exit  : 0/0
  1498 ;;		Unchanged: 0/0
  1499 ;; Data sizes:     COMMON   BANK0   BANK1   BANK3   BANK2
  1500 ;;      Params:         0       0       0       0       0
  1501 ;;      Locals:         0       3       0       0       0
  1502 ;;      Temps:          0       0       0       0       0
  1503 ;;      Totals:         0       3       0       0       0
  1504 ;;Total ram usage:        3 bytes
  1505 ;; Hardware stack levels required when called: 9
  1506 ;; This function calls:
  1507 ;;		_add_edit_alarm
  1508 ;;		_clear_screen
  1509 ;;		_default_screen
  1510 ;;		_display_config_menu
  1511 ;;		_init_config
  1512 ;;		_read_digital_keypad
  1513 ;;		_set_time_date
  1514 ;;		_set_view_alarm
  1515 ;; This function is called by:
  1516 ;;		Startup code after reset
  1517 ;; This function uses a non-reentrant model
  1518 ;;
  1519                           
  1520     1733                     _main:	
  1521                           ;psect for function _main
  1522                           
  1523     1733                     l3819:	
  1524                           ;incstack = 0
  1525 ;; hardware stack exceeded
  1526                           ; Regs used in _main: [wreg-fsr0h+status,2+status,0+pclath+cstack]
  1527                           
  1528                           
  1529                           ;main.c: 58:                         case 0x3D:
  1530     1733  3001               	movlw	1
  1531     1734  1283               	bcf	3,5	;RP0=0, select bank0
  1532     1735  1303               	bcf	3,6	;RP1=0, select bank0
  1533     1736  00E7               	movwf	main@screen_flag
  1534                           
  1535                           ;main.c: 59:                             key = 0xFD;
  1536     1737  30F4               	movlw	244
  1537     1738  00E6               	movwf	main@reset_flag
  1538     1739                     l3821:
  1539                           
  1540                           ;main.c: 61:                         case 0x3B:;main.c: 62:                             
      +                          key = 0xFB;;main.c: 63:                             break;;main.c: 66:                  
      +                                     break;
  1541     1739  160A  118A  22A6  160A  118A  	fcall	_init_config
  1542     173E                     l44:	
  1543                           ;main.c: 68:                             key = 0xFF;
  1544                           
  1545                           
  1546                           ;main.c: 71:                 }
  1547     173E  3000               	movlw	0
  1548     173F  160A  118A  22CC  160A  118A  	fcall	_read_digital_keypad
  1549     1744  1283               	bcf	3,5	;RP0=0, select bank0
  1550     1745  1303               	bcf	3,6	;RP1=0, select bank0
  1551     1746  00E8               	movwf	main@key
  1552     1747                     l3823:
  1553                           
  1554                           ;main.c: 73:                 {
  1555     1747  303F               	movlw	63
  1556     1748  0668               	xorwf	main@key,w
  1557     1749  1903               	btfsc	3,2
  1558     174A  2F4C               	goto	u4251
  1559     174B  2F4D               	goto	u4250
  1560     174C                     u4251:
  1561     174C  2F61               	goto	l3835
  1562     174D                     u4250:
  1563     174D                     l3825:
  1564                           
  1565                           ;main.c: 74:                     key = prev_key;;main.c: 75:                 }
  1566     174D  0868               	movf	main@key,w
  1567     174E  066C               	xorwf	main@prev_key,w
  1568     174F  1D03               	skipz
  1569     1750  2F52               	goto	u4261
  1570     1751  2F53               	goto	u4260
  1571     1752                     u4261:
  1572     1752  2F5A               	goto	l3829
  1573     1753                     u4260:
  1574     1753                     l3827:
  1575                           
  1576                           ;main.c: 76:                 prev_key = 0x3F;
  1577     1753  3001               	movlw	1
  1578     1754  07C2               	addwf	main@press_time,f
  1579     1755  1803               	skipnc
  1580     1756  0AC3               	incf	main@press_time+1,f
  1581     1757  3000               	movlw	0
  1582     1758  07C3               	addwf	main@press_time+1,f
  1583     1759  2F5E               	goto	l3833
  1584     175A                     l3829:
  1585                           
  1586                           ;main.c: 78:             };main.c: 79:             else
  1587     175A  0868               	movf	main@key,w
  1588     175B  00EC               	movwf	main@prev_key
  1589     175C                     l3831:
  1590                           
  1591                           ;main.c: 80:             {
  1592     175C  01C2               	clrf	main@press_time
  1593     175D  01C3               	clrf	main@press_time+1
  1594     175E                     l3833:
  1595                           
  1596                           ;main.c: 82:             }
  1597     175E  3003               	movlw	3
  1598     175F  00E8               	movwf	main@key
  1599                           
  1600                           ;main.c: 83:         }
  1601     1760  2F97               	goto	l3851
  1602     1761                     l3835:
  1603                           
  1604                           ;main.c: 85: ;main.c: 86:         if(screen_flag == 0x01 && (key == 0x3E || key == 0x3D)
      +                          )
  1605     1761  303F               	movlw	63
  1606     1762  066C               	xorwf	main@prev_key,w
  1607     1763  1903               	btfsc	3,2
  1608     1764  2F66               	goto	u4271
  1609     1765  2F67               	goto	u4270
  1610     1766                     u4271:
  1611     1766  2F5E               	goto	l3833
  1612     1767                     u4270:
  1613     1767                     l3837:
  1614                           
  1615                           ;main.c: 87:         {;main.c: 88:             screen_flag = 0x02;
  1616     1767  3000               	movlw	0
  1617     1768  0243               	subwf	main@press_time+1,w
  1618     1769  3005               	movlw	5
  1619     176A  1903               	skipnz
  1620     176B  0242               	subwf	main@press_time,w
  1621     176C  1C03               	skipc
  1622     176D  2F6F               	goto	u4281
  1623     176E  2F70               	goto	u4280
  1624     176F                     u4281:
  1625     176F  2F91               	goto	l3845
  1626     1770                     u4280:
  1627     1770  2F80               	goto	l3843
  1628     1771                     l52:	
  1629                           ;main.c: 91: ;main.c: 92:             TMR2ON = 1;
  1630                           
  1631                           
  1632                           ;main.c: 93:         }
  1633     1771  30FE               	movlw	254
  1634     1772  00E8               	movwf	main@key
  1635                           
  1636                           ;main.c: 94: 
  1637     1773  2F93               	goto	l3847
  1638     1774                     l54:	
  1639                           ;main.c: 95:         switch(screen_flag)
  1640                           
  1641                           
  1642                           ;main.c: 96:         {
  1643     1774  30FD               	movlw	253
  1644     1775  00E8               	movwf	main@key
  1645                           
  1646                           ;main.c: 97:             case 0x01:
  1647     1776  2F93               	goto	l3847
  1648     1777                     l55:	
  1649                           ;main.c: 98:                 default_screen();
  1650                           
  1651                           
  1652                           ;main.c: 99:                 break;
  1653     1777  30FB               	movlw	251
  1654     1778  00E8               	movwf	main@key
  1655                           
  1656                           ;main.c: 100:             case 0x02:
  1657     1779  2F93               	goto	l3847
  1658     177A                     l56:	
  1659                           ;main.c: 101:                 display_config_menu(key, &screen_flag, &reset_flag);
  1660                           
  1661                           
  1662                           ;main.c: 102:                 break;
  1663     177A  30F7               	movlw	247
  1664     177B  00E8               	movwf	main@key
  1665                           
  1666                           ;main.c: 103:             case 0x03:
  1667     177C  2F93               	goto	l3847
  1668     177D                     l57:	
  1669                           ;main.c: 104:                 TMR2ON = 0;
  1670                           
  1671                           
  1672                           ;main.c: 105:                 set_time_date(&key, &screen_flag, &reset_flag);
  1673     177D  30FF               	movlw	255
  1674     177E  00E8               	movwf	main@key
  1675                           
  1676                           ;main.c: 106:                 break;
  1677     177F  2F93               	goto	l3847
  1678     1780                     l3843:
  1679     1780  086C               	movf	main@prev_key,w
  1680                           
  1681                           ; Switch size 1, requested type "simple"
  1682                           ; Number of cases is 5, Range of values is 47 to 62
  1683                           ; switch strategies available:
  1684                           ; Name         Instructions Cycles
  1685                           ; simple_byte           16     9 (average)
  1686                           ; direct_byte           59    11 (fixed)
  1687                           ; jumptable            263     9 (fixed)
  1688                           ;	Chosen strategy is simple_byte
  1689     1781  3A2F               	xorlw	47	; case 47
  1690     1782  1903               	skipnz
  1691     1783  2F7D               	goto	l57
  1692     1784  3A18               	xorlw	24	; case 55
  1693     1785  1903               	skipnz
  1694     1786  2F7A               	goto	l56
  1695     1787  3A0C               	xorlw	12	; case 59
  1696     1788  1903               	skipnz
  1697     1789  2F77               	goto	l55
  1698     178A  3A06               	xorlw	6	; case 61
  1699     178B  1903               	skipnz
  1700     178C  2F74               	goto	l54
  1701     178D  3A03               	xorlw	3	; case 62
  1702     178E  1903               	skipnz
  1703     178F  2F71               	goto	l52
  1704     1790  2F93               	goto	l3847
  1705     1791                     l3845:
  1706                           
  1707                           ;main.c: 110:                 break;;main.c: 111:             case 0x06:
  1708     1791  086C               	movf	main@prev_key,w
  1709     1792  00E8               	movwf	main@key
  1710     1793                     l3847:
  1711                           
  1712                           ;main.c: 113:                 break;
  1713     1793  303F               	movlw	63
  1714     1794  00EC               	movwf	main@prev_key
  1715     1795                     l3849:
  1716                           
  1717                           ;main.c: 114:         }
  1718     1795  01C2               	clrf	main@press_time
  1719     1796  01C3               	clrf	main@press_time+1
  1720     1797                     l3851:	
  1721                           ;main.c: 115:     }
  1722                           
  1723     1797  0367               	decf	main@screen_flag,w
  1724     1798  1D03               	btfss	3,2
  1725     1799  2F9B               	goto	u4291
  1726     179A  2F9C               	goto	u4290
  1727     179B                     u4291:
  1728     179B  2FEC               	goto	l3875
  1729     179C                     u4290:
  1730     179C                     l3853:
  1731     179C  303E               	movlw	62
  1732     179D  0668               	xorwf	main@key,w
  1733     179E  1903               	btfsc	3,2
  1734     179F  2FA1               	goto	u4301
  1735     17A0  2FA2               	goto	u4300
  1736     17A1                     u4301:
  1737     17A1  2FA8               	goto	l62
  1738     17A2                     u4300:
  1739     17A2                     l3855:
  1740     17A2  303D               	movlw	61
  1741     17A3  0668               	xorwf	main@key,w
  1742     17A4  1D03               	btfss	3,2
  1743     17A5  2FA7               	goto	u4311
  1744     17A6  2FA8               	goto	u4310
  1745     17A7                     u4311:
  1746     17A7  2FEC               	goto	l3875
  1747     17A8                     u4310:
  1748     17A8                     l62:
  1749     17A8  3002               	movlw	2
  1750     17A9  00E7               	movwf	main@screen_flag
  1751     17AA                     l3857:
  1752     17AA  160A  118A  21E4  160A  118A  	fcall	_clear_screen
  1753     17AF                     l3859:
  1754     17AF  3005               	movlw	5
  1755     17B0  1283               	bcf	3,5	;RP0=0, select bank0
  1756     17B1  1303               	bcf	3,6	;RP1=0, select bank0
  1757     17B2  00CF               	movwf	_return_time	;volatile
  1758     17B3                     l3861:
  1759     17B3  1512               	bsf	18,2	;volatile
  1760     17B4  2FEC               	goto	l3875
  1761     17B5                     l3863:
  1762     17B5  120A  158A  226C  160A  118A  	fcall	_default_screen
  1763     17BA  2F3E               	goto	l44
  1764     17BB                     l3865:
  1765     17BB  3067               	movlw	(low (main@screen_flag| 0))& (0+255)
  1766     17BC  00D6               	movwf	display_config_menu@screen_flag
  1767     17BD  3066               	movlw	(low (main@reset_flag| 0))& (0+255)
  1768     17BE  00D7               	movwf	display_config_menu@reset_flag
  1769     17BF  0868               	movf	main@key,w
  1770     17C0  160A  118A  2601  160A  118A  	fcall	_display_config_menu
  1771     17C5  2F3E               	goto	l44
  1772     17C6                     l67:
  1773     17C6  1112               	bcf	18,2	;volatile
  1774     17C7                     l3867:
  1775     17C7  3068               	movlw	(low (main@key| 0))& (0+255)
  1776     17C8  00DB               	movwf	set_time_date@key
  1777     17C9  3067               	movlw	(low (main@screen_flag| 0))& (0+255)
  1778     17CA  00DC               	movwf	set_time_date@screen_flag
  1779     17CB  3066               	movlw	(low (main@reset_flag| 0))& (0+255)
  1780     17CC  00DD               	movwf	set_time_date@reset_flag
  1781     17CD  120A  118A  203F  160A  118A  	fcall	_set_time_date
  1782     17D2  2F3E               	goto	l44
  1783     17D3                     l68:
  1784     17D3  1512               	bsf	18,2	;volatile
  1785     17D4                     l3869:
  1786     17D4  3068               	movlw	(low (main@key| 0))& (0+255)
  1787     17D5  00D6               	movwf	set_view_alarm@key
  1788     17D6  3067               	movlw	(low (main@screen_flag| 0))& (0+255)
  1789     17D7  00D7               	movwf	set_view_alarm@screen_flag
  1790     17D8  3066               	movlw	(low (main@reset_flag| 0))& (0+255)
  1791     17D9  00D8               	movwf	set_view_alarm@reset_flag
  1792     17DA  120A  158A  236E  160A  118A  	fcall	_set_view_alarm
  1793     17DF  2F3E               	goto	l44
  1794     17E0                     l3871:
  1795     17E0  3068               	movlw	(low (main@key| 0))& (0+255)
  1796     17E1  00D6               	movwf	add_edit_alarm@key
  1797     17E2  3067               	movlw	(low (main@screen_flag| 0))& (0+255)
  1798     17E3  00D7               	movwf	add_edit_alarm@screen_flag
  1799     17E4  3066               	movlw	(low (main@reset_flag| 0))& (0+255)
  1800     17E5  00D8               	movwf	add_edit_alarm@reset_flag
  1801     17E6  120A  158A  2549  160A  118A  	fcall	_add_edit_alarm
  1802     17EB  2F3E               	goto	l44
  1803     17EC                     l3875:
  1804     17EC  0867               	movf	main@screen_flag,w
  1805                           
  1806                           ; Switch size 1, requested type "simple"
  1807                           ; Number of cases is 5, Range of values is 1 to 6
  1808                           ; switch strategies available:
  1809                           ; Name         Instructions Cycles
  1810                           ; simple_byte           16     9 (average)
  1811                           ; direct_byte           29    11 (fixed)
  1812                           ; jumptable            263     9 (fixed)
  1813                           ;	Chosen strategy is simple_byte
  1814     17ED  3A01               	xorlw	1	; case 1
  1815     17EE  1903               	skipnz
  1816     17EF  2FB5               	goto	l3863
  1817     17F0  3A03               	xorlw	3	; case 2
  1818     17F1  1903               	skipnz
  1819     17F2  2FBB               	goto	l3865
  1820     17F3  3A01               	xorlw	1	; case 3
  1821     17F4  1903               	skipnz
  1822     17F5  2FC6               	goto	l67
  1823     17F6  3A07               	xorlw	7	; case 4
  1824     17F7  1903               	skipnz
  1825     17F8  2FD3               	goto	l68
  1826     17F9  3A02               	xorlw	2	; case 6
  1827     17FA  1903               	skipnz
  1828     17FB  2FE0               	goto	l3871
  1829     17FC  2F3E               	goto	l44
  1830     17FD  120A  118A  280C   	ljmp	start
  1831     1800                     __end_of_main:
  1832                           
  1833                           	psect	text1
  1834     0B6E                     __ptext1:	
  1835 ;; *************** function _set_view_alarm *****************
  1836 ;; Defined at:
  1837 ;;		line 575 in file "digital_timer.c"
  1838 ;; Parameters:    Size  Location     Type
  1839 ;;  key             1    6[BANK0 ] PTR unsigned char 
  1840 ;;		 -> main@key(1), 
  1841 ;;  screen_flag     1    7[BANK0 ] PTR unsigned char 
  1842 ;;		 -> main@screen_flag(1), 
  1843 ;;  reset_flag      1    8[BANK0 ] PTR unsigned char 
  1844 ;;		 -> main@reset_flag(1), 
  1845 ;; Auto vars:     Size  Location     Type
  1846 ;;		None
  1847 ;; Return value:  Size  Location     Type
  1848 ;;                  1    wreg      void 
  1849 ;; Registers used:
  1850 ;;		wreg, fsr0l, fsr0h, status,2, status,0, pclath, cstack
  1851 ;; Tracked objects:
  1852 ;;		On entry : 0/0
  1853 ;;		On exit  : 0/0
  1854 ;;		Unchanged: 0/0
  1855 ;; Data sizes:     COMMON   BANK0   BANK1   BANK3   BANK2
  1856 ;;      Params:         0       3       0       0       0
  1857 ;;      Locals:         0       0       0       0       0
  1858 ;;      Temps:          0       3       0       0       0
  1859 ;;      Totals:         0       6       0       0       0
  1860 ;;Total ram usage:        6 bytes
  1861 ;; Hardware stack levels used: 1
  1862 ;; Hardware stack levels required when called: 3
  1863 ;; This function calls:
  1864 ;;		___awdiv
  1865 ;;		___awmod
  1866 ;;		___bmul
  1867 ;;		_clcd_print
  1868 ;;		_clcd_putch
  1869 ;;		_clear_screen
  1870 ;;		_delete_alarm
  1871 ;; This function is called by:
  1872 ;;		_main
  1873 ;; This function uses a non-reentrant model
  1874 ;;
  1875                           
  1876     0B6E                     _set_view_alarm:	
  1877                           ;psect for function _set_view_alarm
  1878                           
  1879     0B6E                     l3593:	
  1880                           ;incstack = 0
  1881                           ; Regs used in _set_view_alarm: [wreg-fsr0h+status,2+status,0+pclath+cstack]
  1882                           
  1883                           
  1884                           ;digital_timer.c: 577:     if (*reset_flag == 0xF2) {
  1885     0B6E  1283               	bcf	3,5	;RP0=0, select bank0
  1886     0B6F  1303               	bcf	3,6	;RP1=0, select bank0
  1887     0B70  0858               	movf	set_view_alarm@reset_flag,w
  1888     0B71  0084               	movwf	4
  1889     0B72  30F2               	movlw	242
  1890     0B73  1383               	bcf	3,7	;select IRP bank0
  1891     0B74  0600               	xorwf	0,w
  1892     0B75  1D03               	btfss	3,2
  1893     0B76  2B78               	goto	u3931
  1894     0B77  2B79               	goto	u3930
  1895     0B78                     u3931:
  1896     0B78  2B84               	goto	l3601
  1897     0B79                     u3930:
  1898     0B79                     l3595:
  1899                           
  1900                           ;digital_timer.c: 578:         *key = 0x3F;
  1901     0B79  0856               	movf	set_view_alarm@key,w
  1902     0B7A  0084               	movwf	4
  1903     0B7B  303F               	movlw	63
  1904     0B7C  0080               	movwf	0
  1905                           
  1906                           ;digital_timer.c: 579:         *reset_flag = 0xF4;
  1907     0B7D  0858               	movf	set_view_alarm@reset_flag,w
  1908     0B7E  0084               	movwf	4
  1909     0B7F  30F4               	movlw	244
  1910     0B80  0080               	movwf	0
  1911     0B81                     l3597:
  1912                           
  1913                           ;digital_timer.c: 580:         return_time = 5;
  1914     0B81  3005               	movlw	5
  1915     0B82  00CF               	movwf	_return_time	;volatile
  1916     0B83                     l3599:
  1917                           
  1918                           ;digital_timer.c: 581:         alarm_pos = 0;
  1919     0B83  01F9               	clrf	_alarm_pos
  1920     0B84                     l3601:
  1921                           
  1922                           ;digital_timer.c: 584:     if (return_time == 0) {
  1923     0B84  084F               	movf	_return_time,w	;volatile
  1924     0B85  1D03               	btfss	3,2
  1925     0B86  2B88               	goto	u3941
  1926     0B87  2B89               	goto	u3940
  1927     0B88                     u3941:
  1928     0B88  2B9A               	goto	l3611
  1929     0B89                     u3940:
  1930     0B89                     l3603:
  1931                           
  1932                           ;digital_timer.c: 585:         clear_screen();
  1933     0B89  160A  118A  21E4  120A  158A  	fcall	_clear_screen
  1934     0B8E                     l3605:
  1935                           
  1936                           ;digital_timer.c: 586:         *screen_flag = 0x02;
  1937     0B8E  1283               	bcf	3,5	;RP0=0, select bank0
  1938     0B8F  1303               	bcf	3,6	;RP1=0, select bank0
  1939     0B90  0857               	movf	set_view_alarm@screen_flag,w
  1940     0B91  0084               	movwf	4
  1941     0B92  3002               	movlw	2
  1942     0B93  1383               	bcf	3,7	;select IRP bank0
  1943     0B94  0080               	movwf	0
  1944     0B95                     l3607:
  1945                           
  1946                           ;digital_timer.c: 587:         return_time = 5;
  1947     0B95  3005               	movlw	5
  1948     0B96  1283               	bcf	3,5	;RP0=0, select bank0
  1949     0B97  1303               	bcf	3,6	;RP1=0, select bank0
  1950     0B98  00CF               	movwf	_return_time	;volatile
  1951     0B99  2D48               	goto	l438
  1952     0B9A                     l3611:
  1953                           
  1954                           ;digital_timer.c: 591:     if (alarm_pos == alarm_count) {
  1955     0B9A  0879               	movf	_alarm_pos,w
  1956     0B9B  0646               	xorwf	_alarm_count,w
  1957     0B9C  1D03               	skipz
  1958     0B9D  2B9F               	goto	u3951
  1959     0B9E  2BA0               	goto	u3950
  1960     0B9F                     u3951:
  1961     0B9F  2BB3               	goto	l3615
  1962     0BA0                     u3950:
  1963     0BA0                     l3613:
  1964                           
  1965                           ;digital_timer.c: 592:         clcd_print("* Add Alarm", (0x80 + 0));
  1966     0BA0  3066               	movlw	(low ((STR_27-__stringbase)| (0+32768)))& (0+255)
  1967     0BA1  00F6               	movwf	clcd_print@str
  1968     0BA2  3080               	movlw	128
  1969     0BA3  00F7               	movwf	clcd_print@addr
  1970     0BA4  160A  118A  225B  120A  158A  	fcall	_clcd_print
  1971                           
  1972                           ;digital_timer.c: 593:         clcd_print("                ", (0xC0 + 0));
  1973     0BA9  3001               	movlw	(low ((STR_28-__stringbase)| (0+32768)))& (0+255)
  1974     0BAA  00F6               	movwf	clcd_print@str
  1975     0BAB  30C0               	movlw	192
  1976     0BAC  00F7               	movwf	clcd_print@addr
  1977     0BAD  160A  118A  225B  120A  158A  	fcall	_clcd_print
  1978                           
  1979                           ;digital_timer.c: 594:     } else {
  1980     0BB2  2C86               	goto	l3625
  1981     0BB3                     l3615:
  1982                           
  1983                           ;digital_timer.c: 595:         clcd_print("* Alarm ", (0x80 + 0));
  1984     0BB3  3088               	movlw	(low ((STR_29-__stringbase)| (0+32768)))& (0+255)
  1985     0BB4  00F6               	movwf	clcd_print@str
  1986     0BB5  3080               	movlw	128
  1987     0BB6  00F7               	movwf	clcd_print@addr
  1988     0BB7  160A  118A  225B  120A  158A  	fcall	_clcd_print
  1989     0BBC                     l3617:
  1990                           
  1991                           ;digital_timer.c: 596:         clcd_putch((alarm_pos + 1) + '0', (0x80 + 8));
  1992     0BBC  3088               	movlw	136
  1993     0BBD  1283               	bcf	3,5	;RP0=0, select bank0
  1994     0BBE  1303               	bcf	3,6	;RP1=0, select bank0
  1995     0BBF  00D4               	movwf	clcd_putch@addr
  1996     0BC0  0879               	movf	_alarm_pos,w
  1997     0BC1  3E31               	addlw	49
  1998     0BC2  160A  118A  2207  120A  158A  	fcall	_clcd_putch
  1999     0BC7                     l3619:
  2000                           
  2001                           ;digital_timer.c: 598:         clcd_putch((alarms[alarm_pos].hr / 10) + '0', (0xC0 + 2))
      +                          ;
  2002     0BC7  30C2               	movlw	194
  2003     0BC8  1283               	bcf	3,5	;RP0=0, select bank0
  2004     0BC9  1303               	bcf	3,6	;RP1=0, select bank0
  2005     0BCA  00D4               	movwf	clcd_putch@addr
  2006     0BCB  300A               	movlw	10
  2007     0BCC  00F5               	movwf	___awdiv@divisor
  2008     0BCD  3000               	movlw	0
  2009     0BCE  00F6               	movwf	___awdiv@divisor+1
  2010     0BCF  3003               	movlw	3
  2011     0BD0  00F2               	movwf	___bmul@multiplicand
  2012     0BD1  0879               	movf	_alarm_pos,w
  2013     0BD2  120A  118A  27ED  120A  158A  	fcall	___bmul
  2014     0BD7  3EA0               	addlw	(low (_alarms| 0))& (0+255)
  2015     0BD8  0084               	movwf	4
  2016     0BD9  1383               	bcf	3,7	;select IRP bank1
  2017     0BDA  0800               	movf	0,w
  2018     0BDB  1283               	bcf	3,5	;RP0=0, select bank0
  2019     0BDC  1303               	bcf	3,6	;RP1=0, select bank0
  2020     0BDD  00D9               	movwf	??_set_view_alarm
  2021     0BDE  01DA               	clrf	??_set_view_alarm+1
  2022     0BDF  0859               	movf	??_set_view_alarm,w
  2023     0BE0  00F7               	movwf	___awdiv@dividend
  2024     0BE1  085A               	movf	??_set_view_alarm+1,w
  2025     0BE2  00F8               	movwf	___awdiv@dividend+1
  2026     0BE3  160A  118A  24CA  120A  158A  	fcall	___awdiv
  2027     0BE8  0875               	movf	?___awdiv,w
  2028     0BE9  3E30               	addlw	48
  2029     0BEA  160A  118A  2207  120A  158A  	fcall	_clcd_putch
  2030     0BEF                     l3621:
  2031                           
  2032                           ;digital_timer.c: 599:         clcd_putch((alarms[alarm_pos].hr % 10) + '0', (0xC0 + 3))
      +                          ;
  2033     0BEF  30C3               	movlw	195
  2034     0BF0  1283               	bcf	3,5	;RP0=0, select bank0
  2035     0BF1  1303               	bcf	3,6	;RP1=0, select bank0
  2036     0BF2  00D4               	movwf	clcd_putch@addr
  2037     0BF3  300A               	movlw	10
  2038     0BF4  00F5               	movwf	___awmod@divisor
  2039     0BF5  3000               	movlw	0
  2040     0BF6  00F6               	movwf	___awmod@divisor+1
  2041     0BF7  3003               	movlw	3
  2042     0BF8  00F2               	movwf	___bmul@multiplicand
  2043     0BF9  0879               	movf	_alarm_pos,w
  2044     0BFA  120A  118A  27ED  120A  158A  	fcall	___bmul
  2045     0BFF  3EA0               	addlw	(low (_alarms| 0))& (0+255)
  2046     0C00  0084               	movwf	4
  2047     0C01  1383               	bcf	3,7	;select IRP bank1
  2048     0C02  0800               	movf	0,w
  2049     0C03  1283               	bcf	3,5	;RP0=0, select bank0
  2050     0C04  1303               	bcf	3,6	;RP1=0, select bank0
  2051     0C05  00D9               	movwf	??_set_view_alarm
  2052     0C06  01DA               	clrf	??_set_view_alarm+1
  2053     0C07  0859               	movf	??_set_view_alarm,w
  2054     0C08  00F7               	movwf	___awmod@dividend
  2055     0C09  085A               	movf	??_set_view_alarm+1,w
  2056     0C0A  00F8               	movwf	___awmod@dividend+1
  2057     0C0B  160A  118A  240E  120A  158A  	fcall	___awmod
  2058     0C10  0875               	movf	?___awmod,w
  2059     0C11  3E30               	addlw	48
  2060     0C12  160A  118A  2207  120A  158A  	fcall	_clcd_putch
  2061     0C17                     l3623:
  2062                           
  2063                           ;digital_timer.c: 600:         clcd_putch(':', (0xC0 + 4));
  2064     0C17  30C4               	movlw	196
  2065     0C18  1283               	bcf	3,5	;RP0=0, select bank0
  2066     0C19  1303               	bcf	3,6	;RP1=0, select bank0
  2067     0C1A  00D4               	movwf	clcd_putch@addr
  2068     0C1B  303A               	movlw	58
  2069     0C1C  160A  118A  2207  120A  158A  	fcall	_clcd_putch
  2070                           
  2071                           ;digital_timer.c: 601:         clcd_putch((alarms[alarm_pos].min / 10) + '0', (0xC0 + 5)
      +                          );
  2072     0C21  30C5               	movlw	197
  2073     0C22  1283               	bcf	3,5	;RP0=0, select bank0
  2074     0C23  1303               	bcf	3,6	;RP1=0, select bank0
  2075     0C24  00D4               	movwf	clcd_putch@addr
  2076     0C25  300A               	movlw	10
  2077     0C26  00F5               	movwf	___awdiv@divisor
  2078     0C27  3000               	movlw	0
  2079     0C28  00F6               	movwf	___awdiv@divisor+1
  2080     0C29  3003               	movlw	3
  2081     0C2A  00F2               	movwf	___bmul@multiplicand
  2082     0C2B  0879               	movf	_alarm_pos,w
  2083     0C2C  120A  118A  27ED  120A  158A  	fcall	___bmul
  2084     0C31  3EA1               	addlw	(low ((_alarms| 0+1)))& (0+255)
  2085     0C32  0084               	movwf	4
  2086     0C33  1383               	bcf	3,7	;select IRP bank1
  2087     0C34  0800               	movf	0,w
  2088     0C35  1283               	bcf	3,5	;RP0=0, select bank0
  2089     0C36  1303               	bcf	3,6	;RP1=0, select bank0
  2090     0C37  00D9               	movwf	??_set_view_alarm
  2091     0C38  01DA               	clrf	??_set_view_alarm+1
  2092     0C39  0859               	movf	??_set_view_alarm,w
  2093     0C3A  00F7               	movwf	___awdiv@dividend
  2094     0C3B  085A               	movf	??_set_view_alarm+1,w
  2095     0C3C  00F8               	movwf	___awdiv@dividend+1
  2096     0C3D  160A  118A  24CA  120A  158A  	fcall	___awdiv
  2097     0C42  0875               	movf	?___awdiv,w
  2098     0C43  3E30               	addlw	48
  2099     0C44  160A  118A  2207  120A  158A  	fcall	_clcd_putch
  2100                           
  2101                           ;digital_timer.c: 602:         clcd_putch((alarms[alarm_pos].min % 10) + '0', (0xC0 + 6)
      +                          );
  2102     0C49  30C6               	movlw	198
  2103     0C4A  1283               	bcf	3,5	;RP0=0, select bank0
  2104     0C4B  1303               	bcf	3,6	;RP1=0, select bank0
  2105     0C4C  00D4               	movwf	clcd_putch@addr
  2106     0C4D  300A               	movlw	10
  2107     0C4E  00F5               	movwf	___awmod@divisor
  2108     0C4F  3000               	movlw	0
  2109     0C50  00F6               	movwf	___awmod@divisor+1
  2110     0C51  3003               	movlw	3
  2111     0C52  00F2               	movwf	___bmul@multiplicand
  2112     0C53  0879               	movf	_alarm_pos,w
  2113     0C54  120A  118A  27ED  120A  158A  	fcall	___bmul
  2114     0C59  3EA1               	addlw	(low ((_alarms| 0+1)))& (0+255)
  2115     0C5A  0084               	movwf	4
  2116     0C5B  1383               	bcf	3,7	;select IRP bank1
  2117     0C5C  0800               	movf	0,w
  2118     0C5D  1283               	bcf	3,5	;RP0=0, select bank0
  2119     0C5E  1303               	bcf	3,6	;RP1=0, select bank0
  2120     0C5F  00D9               	movwf	??_set_view_alarm
  2121     0C60  01DA               	clrf	??_set_view_alarm+1
  2122     0C61  0859               	movf	??_set_view_alarm,w
  2123     0C62  00F7               	movwf	___awmod@dividend
  2124     0C63  085A               	movf	??_set_view_alarm+1,w
  2125     0C64  00F8               	movwf	___awmod@dividend+1
  2126     0C65  160A  118A  240E  120A  158A  	fcall	___awmod
  2127     0C6A  0875               	movf	?___awmod,w
  2128     0C6B  3E30               	addlw	48
  2129     0C6C  160A  118A  2207  120A  158A  	fcall	_clcd_putch
  2130                           
  2131                           ;digital_timer.c: 603:         clcd_putch((alarms[alarm_pos].type), (0xC0 + 8));
  2132     0C71  30C8               	movlw	200
  2133     0C72  1283               	bcf	3,5	;RP0=0, select bank0
  2134     0C73  1303               	bcf	3,6	;RP1=0, select bank0
  2135     0C74  00D4               	movwf	clcd_putch@addr
  2136     0C75  3003               	movlw	3
  2137     0C76  00F2               	movwf	___bmul@multiplicand
  2138     0C77  0879               	movf	_alarm_pos,w
  2139     0C78  120A  118A  27ED  120A  158A  	fcall	___bmul
  2140     0C7D  3EA2               	addlw	(low ((_alarms| 0+2)))& (0+255)
  2141     0C7E  0084               	movwf	4
  2142     0C7F  1383               	bcf	3,7	;select IRP bank1
  2143     0C80  0800               	movf	0,w
  2144     0C81  160A  118A  2207  120A  158A  	fcall	_clcd_putch
  2145     0C86                     l3625:
  2146                           
  2147                           ;digital_timer.c: 607:     if (*key == 0x3E) {
  2148     0C86  1283               	bcf	3,5	;RP0=0, select bank0
  2149     0C87  1303               	bcf	3,6	;RP1=0, select bank0
  2150     0C88  0856               	movf	set_view_alarm@key,w
  2151     0C89  0084               	movwf	4
  2152     0C8A  303E               	movlw	62
  2153     0C8B  1383               	bcf	3,7	;select IRP bank0
  2154     0C8C  0600               	xorwf	0,w
  2155     0C8D  1D03               	btfss	3,2
  2156     0C8E  2C90               	goto	u3961
  2157     0C8F  2C91               	goto	u3960
  2158     0C90                     u3961:
  2159     0C90  2C9F               	goto	l3635
  2160     0C91                     u3960:
  2161     0C91                     l3627:
  2162                           
  2163                           ;digital_timer.c: 608:         if (alarm_pos < alarm_count) {
  2164     0C91  0846               	movf	_alarm_count,w
  2165     0C92  0279               	subwf	_alarm_pos,w
  2166     0C93  1803               	skipnc
  2167     0C94  2C96               	goto	u3971
  2168     0C95  2C97               	goto	u3970
  2169     0C96                     u3971:
  2170     0C96  2B95               	goto	l3607
  2171     0C97                     u3970:
  2172     0C97                     l3629:
  2173                           
  2174                           ;digital_timer.c: 609:             alarm_pos++;
  2175     0C97  3001               	movlw	1
  2176     0C98  07F9               	addwf	_alarm_pos,f
  2177     0C99                     l3631:
  2178                           
  2179                           ;digital_timer.c: 610:             clear_screen();
  2180     0C99  160A  118A  21E4  120A  158A  	fcall	_clear_screen
  2181     0C9E  2B95               	goto	l3607
  2182     0C9F                     l3635:
  2183     0C9F  0856               	movf	set_view_alarm@key,w
  2184     0CA0  0084               	movwf	4
  2185     0CA1  303D               	movlw	61
  2186     0CA2  0600               	xorwf	0,w
  2187     0CA3  1D03               	btfss	3,2
  2188     0CA4  2CA6               	goto	u3981
  2189     0CA5  2CA7               	goto	u3980
  2190     0CA6                     u3981:
  2191     0CA6  2CAF               	goto	l3645
  2192     0CA7                     u3980:
  2193     0CA7                     l3637:
  2194                           
  2195                           ;digital_timer.c: 615:         if (alarm_pos > 0) {
  2196     0CA7  0879               	movf	_alarm_pos,w
  2197     0CA8  1903               	btfsc	3,2
  2198     0CA9  2CAB               	goto	u3991
  2199     0CAA  2CAC               	goto	u3990
  2200     0CAB                     u3991:
  2201     0CAB  2B95               	goto	l3607
  2202     0CAC                     u3990:
  2203     0CAC                     l3639:
  2204                           
  2205                           ;digital_timer.c: 616:             alarm_pos--;
  2206     0CAC  3001               	movlw	1
  2207     0CAD  02F9               	subwf	_alarm_pos,f
  2208     0CAE  2C99               	goto	l3631
  2209     0CAF                     l3645:
  2210     0CAF  0856               	movf	set_view_alarm@key,w
  2211     0CB0  0084               	movwf	4
  2212     0CB1  30FD               	movlw	253
  2213     0CB2  0600               	xorwf	0,w
  2214     0CB3  1D03               	btfss	3,2
  2215     0CB4  2CB6               	goto	u4001
  2216     0CB5  2CB7               	goto	u4000
  2217     0CB6                     u4001:
  2218     0CB6  2D04               	goto	l3667
  2219     0CB7                     u4000:
  2220     0CB7                     l3647:
  2221                           
  2222                           ;digital_timer.c: 622:         if (alarm_pos == alarm_count) {
  2223     0CB7  0879               	movf	_alarm_pos,w
  2224     0CB8  0646               	xorwf	_alarm_count,w
  2225     0CB9  1D03               	skipz
  2226     0CBA  2CBC               	goto	u4011
  2227     0CBB  2CBD               	goto	u4010
  2228     0CBC                     u4011:
  2229     0CBC  2CC4               	goto	l448
  2230     0CBD                     u4010:
  2231     0CBD                     l3649:
  2232                           
  2233                           ;digital_timer.c: 624:             edit_mode = 0xA1;
  2234     0CBD  30A1               	movlw	161
  2235     0CBE  00C5               	movwf	_edit_mode
  2236     0CBF                     l3651:
  2237                           
  2238                           ;digital_timer.c: 626:             hr = 0;
  2239     0CBF  01CD               	clrf	_hr
  2240                           
  2241                           ;digital_timer.c: 627:             min = 0;
  2242     0CC0  01CC               	clrf	_min
  2243     0CC1                     l3653:
  2244                           
  2245                           ;digital_timer.c: 628:             type = 'D';
  2246     0CC1  3044               	movlw	68
  2247     0CC2  00CB               	movwf	_type
  2248                           
  2249                           ;digital_timer.c: 629:         } else {
  2250     0CC3  2CF3               	goto	l3657
  2251     0CC4                     l448:
  2252                           
  2253                           ;digital_timer.c: 631:             edit_mode = 0xB1;
  2254     0CC4  30B1               	movlw	177
  2255     0CC5  00C5               	movwf	_edit_mode
  2256     0CC6                     l3655:
  2257                           
  2258                           ;digital_timer.c: 633:             hr = alarms[alarm_pos].hr;
  2259     0CC6  3003               	movlw	3
  2260     0CC7  00F2               	movwf	___bmul@multiplicand
  2261     0CC8  0879               	movf	_alarm_pos,w
  2262     0CC9  120A  118A  27ED  120A  158A  	fcall	___bmul
  2263     0CCE  3EA0               	addlw	(low (_alarms| 0))& (0+255)
  2264     0CCF  0084               	movwf	4
  2265     0CD0  1383               	bcf	3,7	;select IRP bank1
  2266     0CD1  0800               	movf	0,w
  2267     0CD2  1283               	bcf	3,5	;RP0=0, select bank0
  2268     0CD3  1303               	bcf	3,6	;RP1=0, select bank0
  2269     0CD4  00CD               	movwf	_hr
  2270                           
  2271                           ;digital_timer.c: 634:             min = alarms[alarm_pos].min;
  2272     0CD5  3003               	movlw	3
  2273     0CD6  00F2               	movwf	___bmul@multiplicand
  2274     0CD7  0879               	movf	_alarm_pos,w
  2275     0CD8  120A  118A  27ED  120A  158A  	fcall	___bmul
  2276     0CDD  3EA1               	addlw	(low ((_alarms| 0+1)))& (0+255)
  2277     0CDE  0084               	movwf	4
  2278     0CDF  1383               	bcf	3,7	;select IRP bank1
  2279     0CE0  0800               	movf	0,w
  2280     0CE1  1283               	bcf	3,5	;RP0=0, select bank0
  2281     0CE2  1303               	bcf	3,6	;RP1=0, select bank0
  2282     0CE3  00CC               	movwf	_min
  2283                           
  2284                           ;digital_timer.c: 635:             type = alarms[alarm_pos].type;
  2285     0CE4  3003               	movlw	3
  2286     0CE5  00F2               	movwf	___bmul@multiplicand
  2287     0CE6  0879               	movf	_alarm_pos,w
  2288     0CE7  120A  118A  27ED  120A  158A  	fcall	___bmul
  2289     0CEC  3EA2               	addlw	(low ((_alarms| 0+2)))& (0+255)
  2290     0CED  0084               	movwf	4
  2291     0CEE  1383               	bcf	3,7	;select IRP bank1
  2292     0CEF  0800               	movf	0,w
  2293     0CF0  1283               	bcf	3,5	;RP0=0, select bank0
  2294     0CF1  1303               	bcf	3,6	;RP1=0, select bank0
  2295     0CF2  00CB               	movwf	_type
  2296     0CF3                     l3657:
  2297                           
  2298                           ;digital_timer.c: 637:         *screen_flag = 0x06;
  2299     0CF3  0857               	movf	set_view_alarm@screen_flag,w
  2300     0CF4  0084               	movwf	4
  2301     0CF5  3006               	movlw	6
  2302     0CF6  0080               	movwf	0
  2303     0CF7                     l3659:
  2304                           
  2305                           ;digital_timer.c: 638:         *reset_flag = 0xF3;
  2306     0CF7  0858               	movf	set_view_alarm@reset_flag,w
  2307     0CF8  0084               	movwf	4
  2308     0CF9  30F3               	movlw	243
  2309     0CFA  0080               	movwf	0
  2310     0CFB                     l3661:
  2311                           
  2312                           ;digital_timer.c: 639:         TMR2ON = 0;
  2313     0CFB  1112               	bcf	18,2	;volatile
  2314     0CFC                     l3663:
  2315                           
  2316                           ;digital_timer.c: 640:         return_time = 5;
  2317     0CFC  3005               	movlw	5
  2318     0CFD  00CF               	movwf	_return_time	;volatile
  2319     0CFE                     l3665:
  2320                           
  2321                           ;digital_timer.c: 641:         clear_screen();
  2322     0CFE  160A  118A  21E4  120A  158A  	fcall	_clear_screen
  2323                           
  2324                           ;digital_timer.c: 642:     }
  2325     0D03  2D48               	goto	l438
  2326     0D04                     l3667:
  2327     0D04  0856               	movf	set_view_alarm@key,w
  2328     0D05  0084               	movwf	4
  2329     0D06  30FE               	movlw	254
  2330     0D07  0600               	xorwf	0,w
  2331     0D08  1D03               	btfss	3,2
  2332     0D09  2D0B               	goto	u4021
  2333     0D0A  2D0C               	goto	u4020
  2334     0D0B                     u4021:
  2335     0D0B  2D48               	goto	l438
  2336     0D0C                     u4020:
  2337     0D0C                     l3669:
  2338                           
  2339                           ;digital_timer.c: 644:         delete_alarm(alarm_pos);
  2340     0D0C  0879               	movf	_alarm_pos,w
  2341     0D0D  160A  118A  23B6  120A  158A  	fcall	_delete_alarm
  2342     0D12                     l3671:
  2343                           
  2344                           ;digital_timer.c: 645:         clear_screen();
  2345     0D12  160A  118A  21E4  120A  158A  	fcall	_clear_screen
  2346     0D17                     l3673:
  2347                           
  2348                           ;digital_timer.c: 646:         clcd_print("Alarm Deleted", (0x80 + 0));
  2349     0D17  3031               	movlw	(low ((STR_30-__stringbase)| (0+32768)))& (0+255)
  2350     0D18  00F6               	movwf	clcd_print@str
  2351     0D19  3080               	movlw	128
  2352     0D1A  00F7               	movwf	clcd_print@addr
  2353     0D1B  160A  118A  225B  120A  158A  	fcall	_clcd_print
  2354     0D20                     l3675:
  2355                           
  2356                           ;digital_timer.c: 647:         clcd_print("Successfully", (0xC0 + 0));
  2357     0D20  304D               	movlw	(low ((STR_31-__stringbase)| (0+32768)))& (0+255)
  2358     0D21  00F6               	movwf	clcd_print@str
  2359     0D22  30C0               	movlw	192
  2360     0D23  00F7               	movwf	clcd_print@addr
  2361     0D24  160A  118A  225B  120A  158A  	fcall	_clcd_print
  2362     0D29                     l3677:
  2363                           
  2364                           ;digital_timer.c: 648:         _delay((unsigned long)((2000)*(20000000/4000.0)));
  2365     0D29  3033               	movlw	51
  2366     0D2A  1283               	bcf	3,5	;RP0=0, select bank0
  2367     0D2B  1303               	bcf	3,6	;RP1=0, select bank0
  2368     0D2C  00DB               	movwf	??_set_view_alarm+2
  2369     0D2D  30BB               	movlw	187
  2370     0D2E  00DA               	movwf	??_set_view_alarm+1
  2371     0D2F  30DF               	movlw	223
  2372     0D30  00D9               	movwf	??_set_view_alarm
  2373     0D31                     u4327:
  2374     0D31  0BD9               	decfsz	??_set_view_alarm,f
  2375     0D32  2D31               	goto	u4327
  2376     0D33  0BDA               	decfsz	??_set_view_alarm+1,f
  2377     0D34  2D31               	goto	u4327
  2378     0D35  0BDB               	decfsz	??_set_view_alarm+2,f
  2379     0D36  2D31               	goto	u4327
  2380     0D37                     l3679:
  2381                           
  2382                           ;digital_timer.c: 649:         clear_screen();
  2383     0D37  160A  118A  21E4  120A  158A  	fcall	_clear_screen
  2384     0D3C                     l3681:
  2385                           
  2386                           ;digital_timer.c: 650:         *screen_flag = 0x04;
  2387     0D3C  1283               	bcf	3,5	;RP0=0, select bank0
  2388     0D3D  1303               	bcf	3,6	;RP1=0, select bank0
  2389     0D3E  0857               	movf	set_view_alarm@screen_flag,w
  2390     0D3F  0084               	movwf	4
  2391     0D40  3004               	movlw	4
  2392     0D41  1383               	bcf	3,7	;select IRP bank0
  2393     0D42  0080               	movwf	0
  2394     0D43                     l3683:
  2395                           
  2396                           ;digital_timer.c: 651:         *reset_flag = 0xF2;
  2397     0D43  0858               	movf	set_view_alarm@reset_flag,w
  2398     0D44  0084               	movwf	4
  2399     0D45  30F2               	movlw	242
  2400     0D46  0080               	movwf	0
  2401     0D47  2B95               	goto	l3607
  2402     0D48                     l438:
  2403     0D48  0008               	return
  2404     0D49                     __end_of_set_view_alarm:
  2405                           
  2406                           	psect	text2
  2407     13B6                     __ptext2:	
  2408 ;; *************** function _delete_alarm *****************
  2409 ;; Defined at:
  2410 ;;		line 563 in file "digital_timer.c"
  2411 ;; Parameters:    Size  Location     Type
  2412 ;;  index           1    wreg     unsigned char 
  2413 ;; Auto vars:     Size  Location     Type
  2414 ;;  index           1    0[BANK0 ] unsigned char 
  2415 ;;  i               1    1[BANK0 ] unsigned char 
  2416 ;; Return value:  Size  Location     Type
  2417 ;;                  1    wreg      void 
  2418 ;; Registers used:
  2419 ;;		wreg, fsr0l, fsr0h, status,2, status,0, pclath, cstack
  2420 ;; Tracked objects:
  2421 ;;		On entry : 0/0
  2422 ;;		On exit  : 0/0
  2423 ;;		Unchanged: 0/0
  2424 ;; Data sizes:     COMMON   BANK0   BANK1   BANK3   BANK2
  2425 ;;      Params:         0       0       0       0       0
  2426 ;;      Locals:         0       2       0       0       0
  2427 ;;      Temps:          3       0       0       0       0
  2428 ;;      Totals:         3       2       0       0       0
  2429 ;;Total ram usage:        5 bytes
  2430 ;; Hardware stack levels used: 1
  2431 ;; Hardware stack levels required when called: 2
  2432 ;; This function calls:
  2433 ;;		___bmul
  2434 ;; This function is called by:
  2435 ;;		_set_view_alarm
  2436 ;; This function uses a non-reentrant model
  2437 ;;
  2438                           
  2439     13B6                     _delete_alarm:	
  2440                           ;psect for function _delete_alarm
  2441                           
  2442                           
  2443                           ;incstack = 0
  2444                           ; Regs used in _delete_alarm: [wreg-fsr0h+status,2+status,0+pclath+cstack]
  2445                           ;delete_alarm@index stored from wreg
  2446     13B6  1283               	bcf	3,5	;RP0=0, select bank0
  2447     13B7  1303               	bcf	3,6	;RP1=0, select bank0
  2448     13B8  00D0               	movwf	delete_alarm@index
  2449     13B9                     l3249:
  2450                           
  2451                           ;digital_timer.c: 564:     unsigned char i;;digital_timer.c: 565:     for (i = index; i 
      +                          < alarm_count - 1; i++) {
  2452     13B9  0850               	movf	delete_alarm@index,w
  2453     13BA  00D1               	movwf	delete_alarm@i
  2454     13BB  2BEA               	goto	l3255
  2455     13BC                     l3251:
  2456                           
  2457                           ;digital_timer.c: 566:         alarms[i] = alarms[i + 1];
  2458     13BC  3003               	movlw	3
  2459     13BD  00F2               	movwf	___bmul@multiplicand
  2460     13BE  1283               	bcf	3,5	;RP0=0, select bank0
  2461     13BF  1303               	bcf	3,6	;RP1=0, select bank0
  2462     13C0  0851               	movf	delete_alarm@i,w
  2463     13C1  120A  118A  27ED  160A  118A  	fcall	___bmul
  2464     13C6  3EA3               	addlw	(low ((_alarms| 0+3)))& (0+255)
  2465     13C7  0084               	movwf	4
  2466     13C8  1383               	bcf	3,7	;select IRP bank1
  2467     13C9  0800               	movf	0,w
  2468     13CA  00F5               	movwf	??_delete_alarm
  2469     13CB  0A84               	incf	4,f
  2470     13CC  0800               	movf	0,w
  2471     13CD  00F6               	movwf	??_delete_alarm+1
  2472     13CE  0A84               	incf	4,f
  2473     13CF  0800               	movf	0,w
  2474     13D0  00F7               	movwf	??_delete_alarm+2
  2475     13D1  3003               	movlw	3
  2476     13D2  00F2               	movwf	___bmul@multiplicand
  2477     13D3  1283               	bcf	3,5	;RP0=0, select bank0
  2478     13D4  1303               	bcf	3,6	;RP1=0, select bank0
  2479     13D5  0851               	movf	delete_alarm@i,w
  2480     13D6  120A  118A  27ED  160A  118A  	fcall	___bmul
  2481     13DB  3EA0               	addlw	(low (_alarms| 0))& (0+255)
  2482     13DC  0084               	movwf	4
  2483     13DD  0875               	movf	??_delete_alarm,w
  2484     13DE  1383               	bcf	3,7	;select IRP bank1
  2485     13DF  0080               	movwf	0
  2486     13E0  0A84               	incf	4,f
  2487     13E1  0876               	movf	??_delete_alarm+1,w
  2488     13E2  0080               	movwf	0
  2489     13E3  0A84               	incf	4,f
  2490     13E4  0877               	movf	??_delete_alarm+2,w
  2491     13E5  0080               	movwf	0
  2492     13E6                     l3253:
  2493                           
  2494                           ;digital_timer.c: 567:     }
  2495     13E6  3001               	movlw	1
  2496     13E7  1283               	bcf	3,5	;RP0=0, select bank0
  2497     13E8  1303               	bcf	3,6	;RP1=0, select bank0
  2498     13E9  07D1               	addwf	delete_alarm@i,f
  2499     13EA                     l3255:
  2500     13EA  0846               	movf	_alarm_count,w
  2501     13EB  3EFF               	addlw	255
  2502     13EC  00F5               	movwf	??_delete_alarm
  2503     13ED  30FF               	movlw	255
  2504     13EE  1803               	skipnc
  2505     13EF  3000               	movlw	0
  2506     13F0  00F6               	movwf	??_delete_alarm+1
  2507     13F1  0876               	movf	??_delete_alarm+1,w
  2508     13F2  3A80               	xorlw	128
  2509     13F3  3C80               	sublw	128
  2510     13F4  1D03               	skipz
  2511     13F5  2BF8               	goto	u3455
  2512     13F6  0875               	movf	??_delete_alarm,w
  2513     13F7  0251               	subwf	delete_alarm@i,w
  2514     13F8                     u3455:
  2515     13F8  1C03               	skipc
  2516     13F9  2BFB               	goto	u3451
  2517     13FA  2BFC               	goto	u3450
  2518     13FB                     u3451:
  2519     13FB  2BBC               	goto	l3251
  2520     13FC                     u3450:
  2521     13FC                     l3257:
  2522                           
  2523                           ;digital_timer.c: 568:     alarm_count--;
  2524     13FC  3001               	movlw	1
  2525     13FD  1283               	bcf	3,5	;RP0=0, select bank0
  2526     13FE  1303               	bcf	3,6	;RP1=0, select bank0
  2527     13FF  02C6               	subwf	_alarm_count,f
  2528     1400                     l3259:
  2529                           
  2530                           ;digital_timer.c: 570:     if (alarm_pos >= alarm_count && alarm_pos > 0) {
  2531     1400  0846               	movf	_alarm_count,w
  2532     1401  0279               	subwf	_alarm_pos,w
  2533     1402  1C03               	skipc
  2534     1403  2C05               	goto	u3461
  2535     1404  2C06               	goto	u3460
  2536     1405                     u3461:
  2537     1405  2C0D               	goto	l433
  2538     1406                     u3460:
  2539     1406                     l3261:
  2540     1406  0879               	movf	_alarm_pos,w
  2541     1407  1903               	btfsc	3,2
  2542     1408  2C0A               	goto	u3471
  2543     1409  2C0B               	goto	u3470
  2544     140A                     u3471:
  2545     140A  2C0D               	goto	l433
  2546     140B                     u3470:
  2547     140B                     l3263:
  2548                           
  2549                           ;digital_timer.c: 571:         alarm_pos--;
  2550     140B  3001               	movlw	1
  2551     140C  02F9               	subwf	_alarm_pos,f
  2552     140D                     l433:
  2553     140D  0008               	return
  2554     140E                     __end_of_delete_alarm:
  2555                           
  2556                           	psect	text3
  2557     003F                     __ptext3:	
  2558 ;; *************** function _set_time_date *****************
  2559 ;; Defined at:
  2560 ;;		line 246 in file "digital_timer.c"
  2561 ;; Parameters:    Size  Location     Type
  2562 ;;  key             1   11[BANK0 ] PTR unsigned char 
  2563 ;;		 -> main@key(1), 
  2564 ;;  screen_flag     1   12[BANK0 ] PTR unsigned char 
  2565 ;;		 -> main@screen_flag(1), 
  2566 ;;  reset_flag      1   13[BANK0 ] PTR unsigned char 
  2567 ;;		 -> main@reset_flag(1), 
  2568 ;; Auto vars:     Size  Location     Type
  2569 ;;		None
  2570 ;; Return value:  Size  Location     Type
  2571 ;;                  1    wreg      void 
  2572 ;; Registers used:
  2573 ;;		wreg, fsr0l, fsr0h, status,2, status,0, pclath, cstack
  2574 ;; Tracked objects:
  2575 ;;		On entry : 0/0
  2576 ;;		On exit  : 0/0
  2577 ;;		Unchanged: 0/0
  2578 ;; Data sizes:     COMMON   BANK0   BANK1   BANK3   BANK2
  2579 ;;      Params:         0       3       0       0       0
  2580 ;;      Locals:         0       0       0       0       0
  2581 ;;      Temps:          0       3       0       0       0
  2582 ;;      Totals:         0       6       0       0       0
  2583 ;;Total ram usage:        6 bytes
  2584 ;; Hardware stack levels used: 1
  2585 ;; Hardware stack levels required when called: 3
  2586 ;; This function calls:
  2587 ;;		___awdiv
  2588 ;;		___awmod
  2589 ;;		_clcd_print
  2590 ;;		_clcd_putch
  2591 ;;		_clear_screen
  2592 ;;		_extract_time_date
  2593 ;;		_save_time_date
  2594 ;; This function is called by:
  2595 ;;		_main
  2596 ;; This function uses a non-reentrant model
  2597 ;;
  2598                           
  2599     003F                     _set_time_date:	
  2600                           ;psect for function _set_time_date
  2601                           
  2602     003F                     l3367:	
  2603                           ;incstack = 0
  2604                           ; Regs used in _set_time_date: [wreg-fsr0h+status,2+status,0+pclath+cstack]
  2605                           
  2606                           
  2607                           ;digital_timer.c: 248:     if (*reset_flag == 0xF1) {
  2608     003F  1283               	bcf	3,5	;RP0=0, select bank0
  2609     0040  1303               	bcf	3,6	;RP1=0, select bank0
  2610     0041  085D               	movf	set_time_date@reset_flag,w
  2611     0042  0084               	movwf	4
  2612     0043  30F1               	movlw	241
  2613     0044  1383               	bcf	3,7	;select IRP bank0
  2614     0045  0600               	xorwf	0,w
  2615     0046  1D03               	btfss	3,2
  2616     0047  2849               	goto	u3581
  2617     0048  284A               	goto	u3580
  2618     0049                     u3581:
  2619     0049  2872               	goto	l3385
  2620     004A                     u3580:
  2621     004A                     l3369:
  2622                           
  2623                           ;digital_timer.c: 249:         extract_time_date();
  2624     004A  120A  158A  2001  120A  118A  	fcall	_extract_time_date
  2625     004F                     l3371:
  2626                           
  2627                           ;digital_timer.c: 250:         *key = 0x3F;
  2628     004F  1283               	bcf	3,5	;RP0=0, select bank0
  2629     0050  1303               	bcf	3,6	;RP1=0, select bank0
  2630     0051  085B               	movf	set_time_date@key,w
  2631     0052  0084               	movwf	4
  2632     0053  303F               	movlw	63
  2633     0054  1383               	bcf	3,7	;select IRP bank0
  2634     0055  0080               	movwf	0
  2635     0056                     l3373:
  2636                           
  2637                           ;digital_timer.c: 251:         *reset_flag = 0xF4;
  2638     0056  085D               	movf	set_time_date@reset_flag,w
  2639     0057  0084               	movwf	4
  2640     0058  30F4               	movlw	244
  2641     0059  0080               	movwf	0
  2642     005A                     l3375:
  2643                           
  2644                           ;digital_timer.c: 252:         delay = 5;
  2645     005A  3005               	movlw	5
  2646     005B  00BE               	movwf	_delay
  2647     005C  3000               	movlw	0
  2648     005D  00BF               	movwf	_delay+1
  2649     005E                     l3377:
  2650                           
  2651                           ;digital_timer.c: 253:         field = 0;
  2652     005E  01FA               	clrf	_field
  2653     005F                     l3379:
  2654                           
  2655                           ;digital_timer.c: 254:         blink_flag = 0;
  2656     005F  01CA               	clrf	_blink_flag
  2657     0060                     l3381:
  2658                           
  2659                           ;digital_timer.c: 255:         clcd_print("DD/MM/YYYY", (0x80 + 3));
  2660     0060  3072               	movlw	(low ((STR_9-__stringbase)| (0+32768)))& (0+255)
  2661     0061  00F6               	movwf	clcd_print@str
  2662     0062  3083               	movlw	131
  2663     0063  00F7               	movwf	clcd_print@addr
  2664     0064  160A  118A  225B  120A  118A  	fcall	_clcd_print
  2665     0069                     l3383:
  2666                           
  2667                           ;digital_timer.c: 256:         clcd_print("HH:MM:SS", (0x90 + 4));
  2668     0069  3091               	movlw	(low ((STR_10-__stringbase)| (0+32768)))& (0+255)
  2669     006A  00F6               	movwf	clcd_print@str
  2670     006B  3094               	movlw	148
  2671     006C  00F7               	movwf	clcd_print@addr
  2672     006D  160A  118A  225B  120A  118A  	fcall	_clcd_print
  2673     0072                     l3385:
  2674                           
  2675                           ;digital_timer.c: 260:     if (*key == 0x3D) {
  2676     0072  1283               	bcf	3,5	;RP0=0, select bank0
  2677     0073  1303               	bcf	3,6	;RP1=0, select bank0
  2678     0074  085B               	movf	set_time_date@key,w
  2679     0075  0084               	movwf	4
  2680     0076  303D               	movlw	61
  2681     0077  1383               	bcf	3,7	;select IRP bank0
  2682     0078  0600               	xorwf	0,w
  2683     0079  1D03               	btfss	3,2
  2684     007A  287C               	goto	u3591
  2685     007B  287D               	goto	u3590
  2686     007C                     u3591:
  2687     007C  28E2               	goto	l3437
  2688     007D                     u3590:
  2689     007D                     l3387:
  2690                           
  2691                           ;digital_timer.c: 261:         if (field == 0) {
  2692     007D  087A               	movf	_field,w
  2693     007E  1D03               	btfss	3,2
  2694     007F  2881               	goto	u3601
  2695     0080  2882               	goto	u3600
  2696     0081                     u3601:
  2697     0081  288D               	goto	l3395
  2698     0082                     u3600:
  2699     0082                     l3389:
  2700                           
  2701                           ;digital_timer.c: 262:             dd++;
  2702     0082  3001               	movlw	1
  2703     0083  07C9               	addwf	_dd,f
  2704     0084                     l3391:
  2705                           
  2706                           ;digital_timer.c: 263:             if (dd > 31)
  2707     0084  3020               	movlw	32
  2708     0085  0249               	subwf	_dd,w
  2709     0086  1C03               	skipc
  2710     0087  2889               	goto	u3611
  2711     0088  288A               	goto	u3610
  2712     0089                     u3611:
  2713     0089  28DC               	goto	l333
  2714     008A                     u3610:
  2715     008A                     l3393:
  2716                           
  2717                           ;digital_timer.c: 264:                 dd = 1;
  2718     008A  3001               	movlw	1
  2719     008B  00C9               	movwf	_dd
  2720     008C  28DC               	goto	l333
  2721     008D                     l3395:
  2722     008D  037A               	decf	_field,w
  2723     008E  1D03               	btfss	3,2
  2724     008F  2891               	goto	u3621
  2725     0090  2892               	goto	u3620
  2726     0091                     u3621:
  2727     0091  289D               	goto	l3403
  2728     0092                     u3620:
  2729     0092                     l3397:
  2730                           
  2731                           ;digital_timer.c: 266:             mm++;
  2732     0092  3001               	movlw	1
  2733     0093  07C8               	addwf	_mm,f
  2734     0094                     l3399:
  2735                           
  2736                           ;digital_timer.c: 267:             if (mm > 12)
  2737     0094  300D               	movlw	13
  2738     0095  0248               	subwf	_mm,w
  2739     0096  1C03               	skipc
  2740     0097  2899               	goto	u3631
  2741     0098  289A               	goto	u3630
  2742     0099                     u3631:
  2743     0099  28DC               	goto	l333
  2744     009A                     u3630:
  2745     009A                     l3401:
  2746                           
  2747                           ;digital_timer.c: 268:                 mm = 1;
  2748     009A  3001               	movlw	1
  2749     009B  00C8               	movwf	_mm
  2750     009C  28DC               	goto	l333
  2751     009D                     l3403:
  2752     009D  3002               	movlw	2
  2753     009E  067A               	xorwf	_field,w
  2754     009F  1D03               	btfss	3,2
  2755     00A0  28A2               	goto	u3641
  2756     00A1  28A3               	goto	u3640
  2757     00A2                     u3641:
  2758     00A2  28AD               	goto	l3411
  2759     00A3                     u3640:
  2760     00A3                     l3405:
  2761                           
  2762                           ;digital_timer.c: 270:             yy++;
  2763     00A3  3001               	movlw	1
  2764     00A4  07C7               	addwf	_yy,f
  2765     00A5                     l3407:
  2766                           
  2767                           ;digital_timer.c: 271:             if (yy > 99)
  2768     00A5  3064               	movlw	100
  2769     00A6  0247               	subwf	_yy,w
  2770     00A7  1C03               	skipc
  2771     00A8  28AA               	goto	u3651
  2772     00A9  28AB               	goto	u3650
  2773     00AA                     u3651:
  2774     00AA  28DC               	goto	l333
  2775     00AB                     u3650:
  2776     00AB                     l3409:
  2777                           
  2778                           ;digital_timer.c: 272:                 yy = 0;
  2779     00AB  01C7               	clrf	_yy
  2780     00AC  28DC               	goto	l333
  2781     00AD                     l3411:
  2782     00AD  3005               	movlw	5
  2783     00AE  067A               	xorwf	_field,w
  2784     00AF  1D03               	btfss	3,2
  2785     00B0  28B2               	goto	u3661
  2786     00B1  28B3               	goto	u3660
  2787     00B2                     u3661:
  2788     00B2  28BD               	goto	l3419
  2789     00B3                     u3660:
  2790     00B3                     l3413:
  2791                           
  2792                           ;digital_timer.c: 274:             sec++;
  2793     00B3  3001               	movlw	1
  2794     00B4  07FB               	addwf	_sec,f
  2795     00B5                     l3415:
  2796                           
  2797                           ;digital_timer.c: 275:             if (sec >= 60)
  2798     00B5  303C               	movlw	60
  2799     00B6  027B               	subwf	_sec,w
  2800     00B7  1C03               	skipc
  2801     00B8  28BA               	goto	u3671
  2802     00B9  28BB               	goto	u3670
  2803     00BA                     u3671:
  2804     00BA  28DC               	goto	l333
  2805     00BB                     u3670:
  2806     00BB                     l3417:
  2807                           
  2808                           ;digital_timer.c: 276:                 sec = 0;
  2809     00BB  01FB               	clrf	_sec
  2810     00BC  28DC               	goto	l333
  2811     00BD                     l3419:
  2812     00BD  3004               	movlw	4
  2813     00BE  067A               	xorwf	_field,w
  2814     00BF  1D03               	btfss	3,2
  2815     00C0  28C2               	goto	u3681
  2816     00C1  28C3               	goto	u3680
  2817     00C2                     u3681:
  2818     00C2  28CD               	goto	l3427
  2819     00C3                     u3680:
  2820     00C3                     l3421:
  2821                           
  2822                           ;digital_timer.c: 278:             min++;
  2823     00C3  3001               	movlw	1
  2824     00C4  07CC               	addwf	_min,f
  2825     00C5                     l3423:
  2826                           
  2827                           ;digital_timer.c: 279:             if (min >= 60)
  2828     00C5  303C               	movlw	60
  2829     00C6  024C               	subwf	_min,w
  2830     00C7  1C03               	skipc
  2831     00C8  28CA               	goto	u3691
  2832     00C9  28CB               	goto	u3690
  2833     00CA                     u3691:
  2834     00CA  28DC               	goto	l333
  2835     00CB                     u3690:
  2836     00CB                     l3425:
  2837                           
  2838                           ;digital_timer.c: 280:                 min = 0;
  2839     00CB  01CC               	clrf	_min
  2840     00CC  28DC               	goto	l333
  2841     00CD                     l3427:
  2842     00CD  3003               	movlw	3
  2843     00CE  067A               	xorwf	_field,w
  2844     00CF  1D03               	btfss	3,2
  2845     00D0  28D2               	goto	u3701
  2846     00D1  28D3               	goto	u3700
  2847     00D2                     u3701:
  2848     00D2  28DC               	goto	l333
  2849     00D3                     u3700:
  2850     00D3                     l3429:
  2851                           
  2852                           ;digital_timer.c: 282:             hr++;
  2853     00D3  3001               	movlw	1
  2854     00D4  07CD               	addwf	_hr,f
  2855     00D5                     l3431:
  2856                           
  2857                           ;digital_timer.c: 283:             if (hr >= 24)
  2858     00D5  3018               	movlw	24
  2859     00D6  024D               	subwf	_hr,w
  2860     00D7  1C03               	skipc
  2861     00D8  28DA               	goto	u3711
  2862     00D9  28DB               	goto	u3710
  2863     00DA                     u3711:
  2864     00DA  28DC               	goto	l333
  2865     00DB                     u3710:
  2866     00DB                     l3433:
  2867                           
  2868                           ;digital_timer.c: 284:                 hr = 0;
  2869     00DB  01CD               	clrf	_hr
  2870     00DC                     l333:
  2871                           
  2872                           ;digital_timer.c: 286:         blink_flag = 0;
  2873     00DC  01CA               	clrf	_blink_flag
  2874     00DD                     l3435:
  2875                           
  2876                           ;digital_timer.c: 287:         delay = 5;
  2877     00DD  3005               	movlw	5
  2878     00DE  00BE               	movwf	_delay
  2879     00DF  3000               	movlw	0
  2880     00E0  00BF               	movwf	_delay+1
  2881                           
  2882                           ;digital_timer.c: 288:     }
  2883     00E1  293B               	goto	l3469
  2884     00E2                     l3437:
  2885     00E2  085B               	movf	set_time_date@key,w
  2886     00E3  0084               	movwf	4
  2887     00E4  303E               	movlw	62
  2888     00E5  0600               	xorwf	0,w
  2889     00E6  1D03               	btfss	3,2
  2890     00E7  28E9               	goto	u3721
  2891     00E8  28EA               	goto	u3720
  2892     00E9                     u3721:
  2893     00E9  28F5               	goto	l3447
  2894     00EA                     u3720:
  2895     00EA                     l3439:
  2896                           
  2897                           ;digital_timer.c: 290:         if (field < 5)
  2898     00EA  3005               	movlw	5
  2899     00EB  027A               	subwf	_field,w
  2900     00EC  1803               	skipnc
  2901     00ED  28EF               	goto	u3731
  2902     00EE  28F0               	goto	u3730
  2903     00EF                     u3731:
  2904     00EF  28F3               	goto	l3443
  2905     00F0                     u3730:
  2906     00F0                     l3441:
  2907                           
  2908                           ;digital_timer.c: 291:             field++;
  2909     00F0  3001               	movlw	1
  2910     00F1  07FA               	addwf	_field,f
  2911     00F2  28DC               	goto	l333
  2912     00F3                     l3443:
  2913                           
  2914                           ;digital_timer.c: 293:             field = 0;
  2915     00F3  01FA               	clrf	_field
  2916     00F4  28DC               	goto	l333
  2917     00F5                     l3447:
  2918     00F5  085B               	movf	set_time_date@key,w
  2919     00F6  0084               	movwf	4
  2920     00F7  30FD               	movlw	253
  2921     00F8  0600               	xorwf	0,w
  2922     00F9  1D03               	btfss	3,2
  2923     00FA  28FC               	goto	u3741
  2924     00FB  28FD               	goto	u3740
  2925     00FC                     u3741:
  2926     00FC  293B               	goto	l3469
  2927     00FD                     u3740:
  2928     00FD                     l3449:
  2929                           
  2930                           ;digital_timer.c: 298:         save_time_date();
  2931     00FD  120A  118A  267A  120A  118A  	fcall	_save_time_date
  2932                           
  2933                           ;digital_timer.c: 299:         clear_screen();
  2934     0102  160A  118A  21E4  120A  118A  	fcall	_clear_screen
  2935     0107                     l3451:
  2936                           
  2937                           ;digital_timer.c: 300:         clcd_print("Time / Date set", (0xC0 + 0));
  2938     0107  3012               	movlw	(low ((STR_11-__stringbase)| (0+32768)))& (0+255)
  2939     0108  00F6               	movwf	clcd_print@str
  2940     0109  30C0               	movlw	192
  2941     010A  00F7               	movwf	clcd_print@addr
  2942     010B  160A  118A  225B  120A  118A  	fcall	_clcd_print
  2943     0110                     l3453:
  2944                           
  2945                           ;digital_timer.c: 301:         clcd_print("Successful", (0x90 + 0));
  2946     0110  307D               	movlw	(low ((STR_12-__stringbase)| (0+32768)))& (0+255)
  2947     0111  00F6               	movwf	clcd_print@str
  2948     0112  3090               	movlw	144
  2949     0113  00F7               	movwf	clcd_print@addr
  2950     0114  160A  118A  225B  120A  118A  	fcall	_clcd_print
  2951     0119                     l3455:
  2952                           
  2953                           ;digital_timer.c: 302:         _delay((unsigned long)((2000)*(20000000/4000.0)));
  2954     0119  3033               	movlw	51
  2955     011A  1283               	bcf	3,5	;RP0=0, select bank0
  2956     011B  1303               	bcf	3,6	;RP1=0, select bank0
  2957     011C  00E0               	movwf	??_set_time_date+2
  2958     011D  30BB               	movlw	187
  2959     011E  00DF               	movwf	??_set_time_date+1
  2960     011F  30DF               	movlw	223
  2961     0120  00DE               	movwf	??_set_time_date
  2962     0121                     u4337:
  2963     0121  0BDE               	decfsz	??_set_time_date,f
  2964     0122  2921               	goto	u4337
  2965     0123  0BDF               	decfsz	??_set_time_date+1,f
  2966     0124  2921               	goto	u4337
  2967     0125  0BE0               	decfsz	??_set_time_date+2,f
  2968     0126  2921               	goto	u4337
  2969     0127                     l3457:
  2970                           
  2971                           ;digital_timer.c: 303:         clear_screen();
  2972     0127  160A  118A  21E4  120A  118A  	fcall	_clear_screen
  2973     012C                     l3459:
  2974                           
  2975                           ;digital_timer.c: 304:         *screen_flag = 0x02;
  2976     012C  1283               	bcf	3,5	;RP0=0, select bank0
  2977     012D  1303               	bcf	3,6	;RP1=0, select bank0
  2978     012E  085C               	movf	set_time_date@screen_flag,w
  2979     012F  0084               	movwf	4
  2980     0130  3002               	movlw	2
  2981     0131  1383               	bcf	3,7	;select IRP bank0
  2982     0132  0080               	movwf	0
  2983     0133                     l3461:
  2984                           
  2985                           ;digital_timer.c: 305:         return_time = 5;
  2986     0133  3005               	movlw	5
  2987     0134  00CF               	movwf	_return_time	;volatile
  2988     0135                     l3463:
  2989                           
  2990                           ;digital_timer.c: 306:         TMR2ON = 1;
  2991     0135  1512               	bsf	18,2	;volatile
  2992     0136                     l3465:
  2993                           
  2994                           ;digital_timer.c: 307:         *reset_flag = 0xF1;
  2995     0136  085D               	movf	set_time_date@reset_flag,w
  2996     0137  0084               	movwf	4
  2997     0138  30F1               	movlw	241
  2998     0139  0080               	movwf	0
  2999     013A  2E79               	goto	l354
  3000     013B                     l3469:
  3001                           
  3002                           ;digital_timer.c: 312:     if (field == 5) {
  3003     013B  3005               	movlw	5
  3004     013C  067A               	xorwf	_field,w
  3005     013D  1D03               	btfss	3,2
  3006     013E  2940               	goto	u3751
  3007     013F  2941               	goto	u3750
  3008     0140                     u3751:
  3009     0140  2A1C               	goto	l3487
  3010     0141                     u3750:
  3011     0141                     l3471:
  3012                           
  3013                           ;digital_timer.c: 313:         clcd_putch((hr / 10) + '0', (0xD0 + 4));
  3014     0141  30D4               	movlw	212
  3015     0142  00D4               	movwf	clcd_putch@addr
  3016     0143  300A               	movlw	10
  3017     0144  00F5               	movwf	___awdiv@divisor
  3018     0145  3000               	movlw	0
  3019     0146  00F6               	movwf	___awdiv@divisor+1
  3020     0147  084D               	movf	_hr,w
  3021     0148  00DE               	movwf	??_set_time_date
  3022     0149  01DF               	clrf	??_set_time_date+1
  3023     014A  085E               	movf	??_set_time_date,w
  3024     014B  00F7               	movwf	___awdiv@dividend
  3025     014C  085F               	movf	??_set_time_date+1,w
  3026     014D  00F8               	movwf	___awdiv@dividend+1
  3027     014E  160A  118A  24CA  120A  118A  	fcall	___awdiv
  3028     0153  0875               	movf	?___awdiv,w
  3029     0154  3E30               	addlw	48
  3030     0155  160A  118A  2207  120A  118A  	fcall	_clcd_putch
  3031                           
  3032                           ;digital_timer.c: 314:         clcd_putch((hr % 10) + '0', (0xD0 + 5));
  3033     015A  30D5               	movlw	213
  3034     015B  1283               	bcf	3,5	;RP0=0, select bank0
  3035     015C  1303               	bcf	3,6	;RP1=0, select bank0
  3036     015D  00D4               	movwf	clcd_putch@addr
  3037     015E  300A               	movlw	10
  3038     015F  00F5               	movwf	___awmod@divisor
  3039     0160  3000               	movlw	0
  3040     0161  00F6               	movwf	___awmod@divisor+1
  3041     0162  084D               	movf	_hr,w
  3042     0163  00DE               	movwf	??_set_time_date
  3043     0164  01DF               	clrf	??_set_time_date+1
  3044     0165  085E               	movf	??_set_time_date,w
  3045     0166  00F7               	movwf	___awmod@dividend
  3046     0167  085F               	movf	??_set_time_date+1,w
  3047     0168  00F8               	movwf	___awmod@dividend+1
  3048     0169  160A  118A  240E  120A  118A  	fcall	___awmod
  3049     016E  0875               	movf	?___awmod,w
  3050     016F  3E30               	addlw	48
  3051     0170  160A  118A  2207  120A  118A  	fcall	_clcd_putch
  3052                           
  3053                           ;digital_timer.c: 315:         clcd_putch(':', (0xD0 + 6));
  3054     0175  30D6               	movlw	214
  3055     0176  1283               	bcf	3,5	;RP0=0, select bank0
  3056     0177  1303               	bcf	3,6	;RP1=0, select bank0
  3057     0178  00D4               	movwf	clcd_putch@addr
  3058     0179  303A               	movlw	58
  3059     017A  160A  118A  2207  120A  118A  	fcall	_clcd_putch
  3060                           
  3061                           ;digital_timer.c: 316:         clcd_putch((min / 10) + '0', (0xD0 + 7));
  3062     017F  30D7               	movlw	215
  3063     0180  1283               	bcf	3,5	;RP0=0, select bank0
  3064     0181  1303               	bcf	3,6	;RP1=0, select bank0
  3065     0182  00D4               	movwf	clcd_putch@addr
  3066     0183  300A               	movlw	10
  3067     0184  00F5               	movwf	___awdiv@divisor
  3068     0185  3000               	movlw	0
  3069     0186  00F6               	movwf	___awdiv@divisor+1
  3070     0187  084C               	movf	_min,w
  3071     0188  00DE               	movwf	??_set_time_date
  3072     0189  01DF               	clrf	??_set_time_date+1
  3073     018A  085E               	movf	??_set_time_date,w
  3074     018B  00F7               	movwf	___awdiv@dividend
  3075     018C  085F               	movf	??_set_time_date+1,w
  3076     018D  00F8               	movwf	___awdiv@dividend+1
  3077     018E  160A  118A  24CA  120A  118A  	fcall	___awdiv
  3078     0193  0875               	movf	?___awdiv,w
  3079     0194  3E30               	addlw	48
  3080     0195  160A  118A  2207  120A  118A  	fcall	_clcd_putch
  3081                           
  3082                           ;digital_timer.c: 317:         clcd_putch((min % 10) + '0', (0xD0 + 8));
  3083     019A  30D8               	movlw	216
  3084     019B  1283               	bcf	3,5	;RP0=0, select bank0
  3085     019C  1303               	bcf	3,6	;RP1=0, select bank0
  3086     019D  00D4               	movwf	clcd_putch@addr
  3087     019E  300A               	movlw	10
  3088     019F  00F5               	movwf	___awmod@divisor
  3089     01A0  3000               	movlw	0
  3090     01A1  00F6               	movwf	___awmod@divisor+1
  3091     01A2  084C               	movf	_min,w
  3092     01A3  00DE               	movwf	??_set_time_date
  3093     01A4  01DF               	clrf	??_set_time_date+1
  3094     01A5  085E               	movf	??_set_time_date,w
  3095     01A6  00F7               	movwf	___awmod@dividend
  3096     01A7  085F               	movf	??_set_time_date+1,w
  3097     01A8  00F8               	movwf	___awmod@dividend+1
  3098     01A9  160A  118A  240E  120A  118A  	fcall	___awmod
  3099     01AE  0875               	movf	?___awmod,w
  3100     01AF  3E30               	addlw	48
  3101     01B0  160A  118A  2207  120A  118A  	fcall	_clcd_putch
  3102                           
  3103                           ;digital_timer.c: 318:         clcd_putch(':', (0xD0 + 9));
  3104     01B5  30D9               	movlw	217
  3105     01B6  1283               	bcf	3,5	;RP0=0, select bank0
  3106     01B7  1303               	bcf	3,6	;RP1=0, select bank0
  3107     01B8  00D4               	movwf	clcd_putch@addr
  3108     01B9  303A               	movlw	58
  3109     01BA  160A  118A  2207  120A  118A  	fcall	_clcd_putch
  3110     01BF                     l3473:
  3111                           
  3112                           ;digital_timer.c: 320:         if (--delay == 0) {
  3113     01BF  3001               	movlw	1
  3114     01C0  1283               	bcf	3,5	;RP0=0, select bank0
  3115     01C1  1303               	bcf	3,6	;RP1=0, select bank0
  3116     01C2  02BE               	subwf	_delay,f
  3117     01C3  3000               	movlw	0
  3118     01C4  1C03               	skipc
  3119     01C5  03BF               	decf	_delay+1,f
  3120     01C6  02BF               	subwf	_delay+1,f
  3121     01C7  083E               	movf	_delay,w
  3122     01C8  043F               	iorwf	_delay+1,w
  3123     01C9  1D03               	btfss	3,2
  3124     01CA  29CC               	goto	u3761
  3125     01CB  29CD               	goto	u3760
  3126     01CC                     u3761:
  3127     01CC  2E79               	goto	l354
  3128     01CD                     u3760:
  3129     01CD                     l3475:
  3130                           
  3131                           ;digital_timer.c: 321:             delay = 5;
  3132     01CD  3005               	movlw	5
  3133     01CE  00BE               	movwf	_delay
  3134     01CF  3000               	movlw	0
  3135     01D0  00BF               	movwf	_delay+1
  3136     01D1                     l3477:
  3137                           
  3138                           ;digital_timer.c: 322:             if (blink_flag == 0) {
  3139     01D1  084A               	movf	_blink_flag,w
  3140     01D2  1D03               	btfss	3,2
  3141     01D3  29D5               	goto	u3771
  3142     01D4  29D6               	goto	u3770
  3143     01D5                     u3771:
  3144     01D5  2A0F               	goto	l3483
  3145     01D6                     u3770:
  3146     01D6                     l3479:
  3147                           
  3148                           ;digital_timer.c: 323:                 clcd_putch((sec / 10) + '0', (0xD0 + 10));
  3149     01D6  30DA               	movlw	218
  3150     01D7  00D4               	movwf	clcd_putch@addr
  3151     01D8  300A               	movlw	10
  3152     01D9  00F5               	movwf	___awdiv@divisor
  3153     01DA  3000               	movlw	0
  3154     01DB  00F6               	movwf	___awdiv@divisor+1
  3155     01DC  087B               	movf	_sec,w
  3156     01DD  00DE               	movwf	??_set_time_date
  3157     01DE  01DF               	clrf	??_set_time_date+1
  3158     01DF  085E               	movf	??_set_time_date,w
  3159     01E0  00F7               	movwf	___awdiv@dividend
  3160     01E1  085F               	movf	??_set_time_date+1,w
  3161     01E2  00F8               	movwf	___awdiv@dividend+1
  3162     01E3  160A  118A  24CA  120A  118A  	fcall	___awdiv
  3163     01E8  0875               	movf	?___awdiv,w
  3164     01E9  3E30               	addlw	48
  3165     01EA  160A  118A  2207  120A  118A  	fcall	_clcd_putch
  3166                           
  3167                           ;digital_timer.c: 324:                 clcd_putch((sec % 10) + '0', (0xD0 + 11));
  3168     01EF  30DB               	movlw	219
  3169     01F0  1283               	bcf	3,5	;RP0=0, select bank0
  3170     01F1  1303               	bcf	3,6	;RP1=0, select bank0
  3171     01F2  00D4               	movwf	clcd_putch@addr
  3172     01F3  300A               	movlw	10
  3173     01F4  00F5               	movwf	___awmod@divisor
  3174     01F5  3000               	movlw	0
  3175     01F6  00F6               	movwf	___awmod@divisor+1
  3176     01F7  087B               	movf	_sec,w
  3177     01F8  00DE               	movwf	??_set_time_date
  3178     01F9  01DF               	clrf	??_set_time_date+1
  3179     01FA  085E               	movf	??_set_time_date,w
  3180     01FB  00F7               	movwf	___awmod@dividend
  3181     01FC  085F               	movf	??_set_time_date+1,w
  3182     01FD  00F8               	movwf	___awmod@dividend+1
  3183     01FE  160A  118A  240E  120A  118A  	fcall	___awmod
  3184     0203  0875               	movf	?___awmod,w
  3185     0204  3E30               	addlw	48
  3186     0205  160A  118A  2207  120A  118A  	fcall	_clcd_putch
  3187     020A                     l3481:
  3188                           
  3189                           ;digital_timer.c: 325:                 blink_flag = 1;
  3190     020A  3001               	movlw	1
  3191     020B  1283               	bcf	3,5	;RP0=0, select bank0
  3192     020C  1303               	bcf	3,6	;RP1=0, select bank0
  3193     020D  00CA               	movwf	_blink_flag
  3194                           
  3195                           ;digital_timer.c: 326:             } else {
  3196     020E  2E79               	goto	l354
  3197     020F                     l3483:
  3198                           
  3199                           ;digital_timer.c: 327:                 clcd_print("  ", (0xD0 + 10));
  3200     020F  300F               	movlw	(low (((STR_28+14)-__stringbase)| (0+32768)))& (0+255)
  3201     0210  00F6               	movwf	clcd_print@str
  3202     0211  30DA               	movlw	218
  3203     0212  00F7               	movwf	clcd_print@addr
  3204     0213  160A  118A  225B  120A  118A  	fcall	_clcd_print
  3205     0218                     l3485:
  3206                           
  3207                           ;digital_timer.c: 328:                 blink_flag = 0;
  3208     0218  1283               	bcf	3,5	;RP0=0, select bank0
  3209     0219  1303               	bcf	3,6	;RP1=0, select bank0
  3210     021A  01CA               	clrf	_blink_flag
  3211     021B  2E79               	goto	l354
  3212     021C                     l3487:
  3213     021C  3004               	movlw	4
  3214     021D  067A               	xorwf	_field,w
  3215     021E  1D03               	btfss	3,2
  3216     021F  2A21               	goto	u3781
  3217     0220  2A22               	goto	u3780
  3218     0221                     u3781:
  3219     0221  2AF6               	goto	l3505
  3220     0222                     u3780:
  3221     0222                     l3489:
  3222                           
  3223                           ;digital_timer.c: 333:         clcd_putch((hr / 10) + '0', (0xD0 + 4));
  3224     0222  30D4               	movlw	212
  3225     0223  00D4               	movwf	clcd_putch@addr
  3226     0224  300A               	movlw	10
  3227     0225  00F5               	movwf	___awdiv@divisor
  3228     0226  3000               	movlw	0
  3229     0227  00F6               	movwf	___awdiv@divisor+1
  3230     0228  084D               	movf	_hr,w
  3231     0229  00DE               	movwf	??_set_time_date
  3232     022A  01DF               	clrf	??_set_time_date+1
  3233     022B  085E               	movf	??_set_time_date,w
  3234     022C  00F7               	movwf	___awdiv@dividend
  3235     022D  085F               	movf	??_set_time_date+1,w
  3236     022E  00F8               	movwf	___awdiv@dividend+1
  3237     022F  160A  118A  24CA  120A  118A  	fcall	___awdiv
  3238     0234  0875               	movf	?___awdiv,w
  3239     0235  3E30               	addlw	48
  3240     0236  160A  118A  2207  120A  118A  	fcall	_clcd_putch
  3241                           
  3242                           ;digital_timer.c: 334:         clcd_putch((hr % 10) + '0', (0xD0 + 5));
  3243     023B  30D5               	movlw	213
  3244     023C  1283               	bcf	3,5	;RP0=0, select bank0
  3245     023D  1303               	bcf	3,6	;RP1=0, select bank0
  3246     023E  00D4               	movwf	clcd_putch@addr
  3247     023F  300A               	movlw	10
  3248     0240  00F5               	movwf	___awmod@divisor
  3249     0241  3000               	movlw	0
  3250     0242  00F6               	movwf	___awmod@divisor+1
  3251     0243  084D               	movf	_hr,w
  3252     0244  00DE               	movwf	??_set_time_date
  3253     0245  01DF               	clrf	??_set_time_date+1
  3254     0246  085E               	movf	??_set_time_date,w
  3255     0247  00F7               	movwf	___awmod@dividend
  3256     0248  085F               	movf	??_set_time_date+1,w
  3257     0249  00F8               	movwf	___awmod@dividend+1
  3258     024A  160A  118A  240E  120A  118A  	fcall	___awmod
  3259     024F  0875               	movf	?___awmod,w
  3260     0250  3E30               	addlw	48
  3261     0251  160A  118A  2207  120A  118A  	fcall	_clcd_putch
  3262                           
  3263                           ;digital_timer.c: 335:         clcd_putch(':', (0xD0 + 6));
  3264     0256  30D6               	movlw	214
  3265     0257  1283               	bcf	3,5	;RP0=0, select bank0
  3266     0258  1303               	bcf	3,6	;RP1=0, select bank0
  3267     0259  00D4               	movwf	clcd_putch@addr
  3268     025A  303A               	movlw	58
  3269     025B  160A  118A  2207  120A  118A  	fcall	_clcd_putch
  3270                           
  3271                           ;digital_timer.c: 336:         clcd_putch(':', (0xD0 + 9));
  3272     0260  30D9               	movlw	217
  3273     0261  1283               	bcf	3,5	;RP0=0, select bank0
  3274     0262  1303               	bcf	3,6	;RP1=0, select bank0
  3275     0263  00D4               	movwf	clcd_putch@addr
  3276     0264  303A               	movlw	58
  3277     0265  160A  118A  2207  120A  118A  	fcall	_clcd_putch
  3278                           
  3279                           ;digital_timer.c: 337:         clcd_putch((sec / 10) + '0', (0xD0 + 10));
  3280     026A  30DA               	movlw	218
  3281     026B  1283               	bcf	3,5	;RP0=0, select bank0
  3282     026C  1303               	bcf	3,6	;RP1=0, select bank0
  3283     026D  00D4               	movwf	clcd_putch@addr
  3284     026E  300A               	movlw	10
  3285     026F  00F5               	movwf	___awdiv@divisor
  3286     0270  3000               	movlw	0
  3287     0271  00F6               	movwf	___awdiv@divisor+1
  3288     0272  087B               	movf	_sec,w
  3289     0273  00DE               	movwf	??_set_time_date
  3290     0274  01DF               	clrf	??_set_time_date+1
  3291     0275  085E               	movf	??_set_time_date,w
  3292     0276  00F7               	movwf	___awdiv@dividend
  3293     0277  085F               	movf	??_set_time_date+1,w
  3294     0278  00F8               	movwf	___awdiv@dividend+1
  3295     0279  160A  118A  24CA  120A  118A  	fcall	___awdiv
  3296     027E  0875               	movf	?___awdiv,w
  3297     027F  3E30               	addlw	48
  3298     0280  160A  118A  2207  120A  118A  	fcall	_clcd_putch
  3299                           
  3300                           ;digital_timer.c: 338:         clcd_putch((sec % 10) + '0', (0xD0 + 11));
  3301     0285  30DB               	movlw	219
  3302     0286  1283               	bcf	3,5	;RP0=0, select bank0
  3303     0287  1303               	bcf	3,6	;RP1=0, select bank0
  3304     0288  00D4               	movwf	clcd_putch@addr
  3305     0289  300A               	movlw	10
  3306     028A  00F5               	movwf	___awmod@divisor
  3307     028B  3000               	movlw	0
  3308     028C  00F6               	movwf	___awmod@divisor+1
  3309     028D  087B               	movf	_sec,w
  3310     028E  00DE               	movwf	??_set_time_date
  3311     028F  01DF               	clrf	??_set_time_date+1
  3312     0290  085E               	movf	??_set_time_date,w
  3313     0291  00F7               	movwf	___awmod@dividend
  3314     0292  085F               	movf	??_set_time_date+1,w
  3315     0293  00F8               	movwf	___awmod@dividend+1
  3316     0294  160A  118A  240E  120A  118A  	fcall	___awmod
  3317     0299  0875               	movf	?___awmod,w
  3318     029A  3E30               	addlw	48
  3319     029B  160A  118A  2207  120A  118A  	fcall	_clcd_putch
  3320     02A0                     l3491:
  3321                           
  3322                           ;digital_timer.c: 340:         if (--delay == 0) {
  3323     02A0  3001               	movlw	1
  3324     02A1  1283               	bcf	3,5	;RP0=0, select bank0
  3325     02A2  1303               	bcf	3,6	;RP1=0, select bank0
  3326     02A3  02BE               	subwf	_delay,f
  3327     02A4  3000               	movlw	0
  3328     02A5  1C03               	skipc
  3329     02A6  03BF               	decf	_delay+1,f
  3330     02A7  02BF               	subwf	_delay+1,f
  3331     02A8  083E               	movf	_delay,w
  3332     02A9  043F               	iorwf	_delay+1,w
  3333     02AA  1D03               	btfss	3,2
  3334     02AB  2AAD               	goto	u3791
  3335     02AC  2AAE               	goto	u3790
  3336     02AD                     u3791:
  3337     02AD  2E79               	goto	l354
  3338     02AE                     u3790:
  3339     02AE                     l3493:
  3340                           
  3341                           ;digital_timer.c: 341:             delay = 5;
  3342     02AE  3005               	movlw	5
  3343     02AF  00BE               	movwf	_delay
  3344     02B0  3000               	movlw	0
  3345     02B1  00BF               	movwf	_delay+1
  3346     02B2                     l3495:
  3347                           
  3348                           ;digital_timer.c: 342:             if (blink_flag == 0) {
  3349     02B2  084A               	movf	_blink_flag,w
  3350     02B3  1D03               	btfss	3,2
  3351     02B4  2AB6               	goto	u3801
  3352     02B5  2AB7               	goto	u3800
  3353     02B6                     u3801:
  3354     02B6  2AEC               	goto	l3501
  3355     02B7                     u3800:
  3356     02B7                     l3497:
  3357                           
  3358                           ;digital_timer.c: 343:                 clcd_putch((min / 10) + '0', (0xD0 + 7));
  3359     02B7  30D7               	movlw	215
  3360     02B8  00D4               	movwf	clcd_putch@addr
  3361     02B9  300A               	movlw	10
  3362     02BA  00F5               	movwf	___awdiv@divisor
  3363     02BB  3000               	movlw	0
  3364     02BC  00F6               	movwf	___awdiv@divisor+1
  3365     02BD  084C               	movf	_min,w
  3366     02BE  00DE               	movwf	??_set_time_date
  3367     02BF  01DF               	clrf	??_set_time_date+1
  3368     02C0  085E               	movf	??_set_time_date,w
  3369     02C1  00F7               	movwf	___awdiv@dividend
  3370     02C2  085F               	movf	??_set_time_date+1,w
  3371     02C3  00F8               	movwf	___awdiv@dividend+1
  3372     02C4  160A  118A  24CA  120A  118A  	fcall	___awdiv
  3373     02C9  0875               	movf	?___awdiv,w
  3374     02CA  3E30               	addlw	48
  3375     02CB  160A  118A  2207  120A  118A  	fcall	_clcd_putch
  3376                           
  3377                           ;digital_timer.c: 344:                 clcd_putch((min % 10) + '0', (0xD0 + 8));
  3378     02D0  30D8               	movlw	216
  3379     02D1  1283               	bcf	3,5	;RP0=0, select bank0
  3380     02D2  1303               	bcf	3,6	;RP1=0, select bank0
  3381     02D3  00D4               	movwf	clcd_putch@addr
  3382     02D4  300A               	movlw	10
  3383     02D5  00F5               	movwf	___awmod@divisor
  3384     02D6  3000               	movlw	0
  3385     02D7  00F6               	movwf	___awmod@divisor+1
  3386     02D8  084C               	movf	_min,w
  3387     02D9  00DE               	movwf	??_set_time_date
  3388     02DA  01DF               	clrf	??_set_time_date+1
  3389     02DB  085E               	movf	??_set_time_date,w
  3390     02DC  00F7               	movwf	___awmod@dividend
  3391     02DD  085F               	movf	??_set_time_date+1,w
  3392     02DE  00F8               	movwf	___awmod@dividend+1
  3393     02DF  160A  118A  240E  120A  118A  	fcall	___awmod
  3394     02E4  0875               	movf	?___awmod,w
  3395     02E5  3E30               	addlw	48
  3396     02E6  160A  118A  2207  120A  118A  	fcall	_clcd_putch
  3397     02EB  2A0A               	goto	l3481
  3398     02EC                     l3501:
  3399                           
  3400                           ;digital_timer.c: 347:                 clcd_print("  ", (0xD0 + 7));
  3401     02EC  300F               	movlw	(low (((STR_28+14)-__stringbase)| (0+32768)))& (0+255)
  3402     02ED  00F6               	movwf	clcd_print@str
  3403     02EE  30D7               	movlw	215
  3404     02EF  00F7               	movwf	clcd_print@addr
  3405     02F0  160A  118A  225B  120A  118A  	fcall	_clcd_print
  3406     02F5  2A18               	goto	l3485
  3407     02F6                     l3505:
  3408     02F6  3003               	movlw	3
  3409     02F7  067A               	xorwf	_field,w
  3410     02F8  1D03               	btfss	3,2
  3411     02F9  2AFB               	goto	u3811
  3412     02FA  2AFC               	goto	u3810
  3413     02FB                     u3811:
  3414     02FB  2BD0               	goto	l3523
  3415     02FC                     u3810:
  3416     02FC                     l3507:
  3417                           
  3418                           ;digital_timer.c: 353:         clcd_putch(':', (0xD0 + 6));
  3419     02FC  30D6               	movlw	214
  3420     02FD  00D4               	movwf	clcd_putch@addr
  3421     02FE  303A               	movlw	58
  3422     02FF  160A  118A  2207  120A  118A  	fcall	_clcd_putch
  3423                           
  3424                           ;digital_timer.c: 354:         clcd_putch((min / 10) + '0', (0xD0 + 7));
  3425     0304  30D7               	movlw	215
  3426     0305  1283               	bcf	3,5	;RP0=0, select bank0
  3427     0306  1303               	bcf	3,6	;RP1=0, select bank0
  3428     0307  00D4               	movwf	clcd_putch@addr
  3429     0308  300A               	movlw	10
  3430     0309  00F5               	movwf	___awdiv@divisor
  3431     030A  3000               	movlw	0
  3432     030B  00F6               	movwf	___awdiv@divisor+1
  3433     030C  084C               	movf	_min,w
  3434     030D  00DE               	movwf	??_set_time_date
  3435     030E  01DF               	clrf	??_set_time_date+1
  3436     030F  085E               	movf	??_set_time_date,w
  3437     0310  00F7               	movwf	___awdiv@dividend
  3438     0311  085F               	movf	??_set_time_date+1,w
  3439     0312  00F8               	movwf	___awdiv@dividend+1
  3440     0313  160A  118A  24CA  120A  118A  	fcall	___awdiv
  3441     0318  0875               	movf	?___awdiv,w
  3442     0319  3E30               	addlw	48
  3443     031A  160A  118A  2207  120A  118A  	fcall	_clcd_putch
  3444                           
  3445                           ;digital_timer.c: 355:         clcd_putch((min % 10) + '0', (0xD0 + 8));
  3446     031F  30D8               	movlw	216
  3447     0320  1283               	bcf	3,5	;RP0=0, select bank0
  3448     0321  1303               	bcf	3,6	;RP1=0, select bank0
  3449     0322  00D4               	movwf	clcd_putch@addr
  3450     0323  300A               	movlw	10
  3451     0324  00F5               	movwf	___awmod@divisor
  3452     0325  3000               	movlw	0
  3453     0326  00F6               	movwf	___awmod@divisor+1
  3454     0327  084C               	movf	_min,w
  3455     0328  00DE               	movwf	??_set_time_date
  3456     0329  01DF               	clrf	??_set_time_date+1
  3457     032A  085E               	movf	??_set_time_date,w
  3458     032B  00F7               	movwf	___awmod@dividend
  3459     032C  085F               	movf	??_set_time_date+1,w
  3460     032D  00F8               	movwf	___awmod@dividend+1
  3461     032E  160A  118A  240E  120A  118A  	fcall	___awmod
  3462     0333  0875               	movf	?___awmod,w
  3463     0334  3E30               	addlw	48
  3464     0335  160A  118A  2207  120A  118A  	fcall	_clcd_putch
  3465                           
  3466                           ;digital_timer.c: 356:         clcd_putch(':', (0xD0 + 9));
  3467     033A  30D9               	movlw	217
  3468     033B  1283               	bcf	3,5	;RP0=0, select bank0
  3469     033C  1303               	bcf	3,6	;RP1=0, select bank0
  3470     033D  00D4               	movwf	clcd_putch@addr
  3471     033E  303A               	movlw	58
  3472     033F  160A  118A  2207  120A  118A  	fcall	_clcd_putch
  3473                           
  3474                           ;digital_timer.c: 357:         clcd_putch((sec / 10) + '0', (0xD0 + 10));
  3475     0344  30DA               	movlw	218
  3476     0345  1283               	bcf	3,5	;RP0=0, select bank0
  3477     0346  1303               	bcf	3,6	;RP1=0, select bank0
  3478     0347  00D4               	movwf	clcd_putch@addr
  3479     0348  300A               	movlw	10
  3480     0349  00F5               	movwf	___awdiv@divisor
  3481     034A  3000               	movlw	0
  3482     034B  00F6               	movwf	___awdiv@divisor+1
  3483     034C  087B               	movf	_sec,w
  3484     034D  00DE               	movwf	??_set_time_date
  3485     034E  01DF               	clrf	??_set_time_date+1
  3486     034F  085E               	movf	??_set_time_date,w
  3487     0350  00F7               	movwf	___awdiv@dividend
  3488     0351  085F               	movf	??_set_time_date+1,w
  3489     0352  00F8               	movwf	___awdiv@dividend+1
  3490     0353  160A  118A  24CA  120A  118A  	fcall	___awdiv
  3491     0358  0875               	movf	?___awdiv,w
  3492     0359  3E30               	addlw	48
  3493     035A  160A  118A  2207  120A  118A  	fcall	_clcd_putch
  3494                           
  3495                           ;digital_timer.c: 358:         clcd_putch((sec % 10) + '0', (0xD0 + 11));
  3496     035F  30DB               	movlw	219
  3497     0360  1283               	bcf	3,5	;RP0=0, select bank0
  3498     0361  1303               	bcf	3,6	;RP1=0, select bank0
  3499     0362  00D4               	movwf	clcd_putch@addr
  3500     0363  300A               	movlw	10
  3501     0364  00F5               	movwf	___awmod@divisor
  3502     0365  3000               	movlw	0
  3503     0366  00F6               	movwf	___awmod@divisor+1
  3504     0367  087B               	movf	_sec,w
  3505     0368  00DE               	movwf	??_set_time_date
  3506     0369  01DF               	clrf	??_set_time_date+1
  3507     036A  085E               	movf	??_set_time_date,w
  3508     036B  00F7               	movwf	___awmod@dividend
  3509     036C  085F               	movf	??_set_time_date+1,w
  3510     036D  00F8               	movwf	___awmod@dividend+1
  3511     036E  160A  118A  240E  120A  118A  	fcall	___awmod
  3512     0373  0875               	movf	?___awmod,w
  3513     0374  3E30               	addlw	48
  3514     0375  160A  118A  2207  120A  118A  	fcall	_clcd_putch
  3515     037A                     l3509:
  3516                           
  3517                           ;digital_timer.c: 360:         if (--delay == 0) {
  3518     037A  3001               	movlw	1
  3519     037B  1283               	bcf	3,5	;RP0=0, select bank0
  3520     037C  1303               	bcf	3,6	;RP1=0, select bank0
  3521     037D  02BE               	subwf	_delay,f
  3522     037E  3000               	movlw	0
  3523     037F  1C03               	skipc
  3524     0380  03BF               	decf	_delay+1,f
  3525     0381  02BF               	subwf	_delay+1,f
  3526     0382  083E               	movf	_delay,w
  3527     0383  043F               	iorwf	_delay+1,w
  3528     0384  1D03               	btfss	3,2
  3529     0385  2B87               	goto	u3821
  3530     0386  2B88               	goto	u3820
  3531     0387                     u3821:
  3532     0387  2E79               	goto	l354
  3533     0388                     u3820:
  3534     0388                     l3511:
  3535                           
  3536                           ;digital_timer.c: 361:             delay = 5;
  3537     0388  3005               	movlw	5
  3538     0389  00BE               	movwf	_delay
  3539     038A  3000               	movlw	0
  3540     038B  00BF               	movwf	_delay+1
  3541     038C                     l3513:
  3542                           
  3543                           ;digital_timer.c: 362:             if (blink_flag == 0) {
  3544     038C  084A               	movf	_blink_flag,w
  3545     038D  1D03               	btfss	3,2
  3546     038E  2B90               	goto	u3831
  3547     038F  2B91               	goto	u3830
  3548     0390                     u3831:
  3549     0390  2BC6               	goto	l3519
  3550     0391                     u3830:
  3551     0391                     l3515:
  3552                           
  3553                           ;digital_timer.c: 363:                 clcd_putch((hr / 10) + '0', (0xD0 + 4));
  3554     0391  30D4               	movlw	212
  3555     0392  00D4               	movwf	clcd_putch@addr
  3556     0393  300A               	movlw	10
  3557     0394  00F5               	movwf	___awdiv@divisor
  3558     0395  3000               	movlw	0
  3559     0396  00F6               	movwf	___awdiv@divisor+1
  3560     0397  084D               	movf	_hr,w
  3561     0398  00DE               	movwf	??_set_time_date
  3562     0399  01DF               	clrf	??_set_time_date+1
  3563     039A  085E               	movf	??_set_time_date,w
  3564     039B  00F7               	movwf	___awdiv@dividend
  3565     039C  085F               	movf	??_set_time_date+1,w
  3566     039D  00F8               	movwf	___awdiv@dividend+1
  3567     039E  160A  118A  24CA  120A  118A  	fcall	___awdiv
  3568     03A3  0875               	movf	?___awdiv,w
  3569     03A4  3E30               	addlw	48
  3570     03A5  160A  118A  2207  120A  118A  	fcall	_clcd_putch
  3571                           
  3572                           ;digital_timer.c: 364:                 clcd_putch((hr % 10) + '0', (0xD0 + 5));
  3573     03AA  30D5               	movlw	213
  3574     03AB  1283               	bcf	3,5	;RP0=0, select bank0
  3575     03AC  1303               	bcf	3,6	;RP1=0, select bank0
  3576     03AD  00D4               	movwf	clcd_putch@addr
  3577     03AE  300A               	movlw	10
  3578     03AF  00F5               	movwf	___awmod@divisor
  3579     03B0  3000               	movlw	0
  3580     03B1  00F6               	movwf	___awmod@divisor+1
  3581     03B2  084D               	movf	_hr,w
  3582     03B3  00DE               	movwf	??_set_time_date
  3583     03B4  01DF               	clrf	??_set_time_date+1
  3584     03B5  085E               	movf	??_set_time_date,w
  3585     03B6  00F7               	movwf	___awmod@dividend
  3586     03B7  085F               	movf	??_set_time_date+1,w
  3587     03B8  00F8               	movwf	___awmod@dividend+1
  3588     03B9  160A  118A  240E  120A  118A  	fcall	___awmod
  3589     03BE  0875               	movf	?___awmod,w
  3590     03BF  3E30               	addlw	48
  3591     03C0  160A  118A  2207  120A  118A  	fcall	_clcd_putch
  3592     03C5  2A0A               	goto	l3481
  3593     03C6                     l3519:
  3594                           
  3595                           ;digital_timer.c: 367:                 clcd_print("  ", (0xD0 + 4));
  3596     03C6  300F               	movlw	(low (((STR_28+14)-__stringbase)| (0+32768)))& (0+255)
  3597     03C7  00F6               	movwf	clcd_print@str
  3598     03C8  30D4               	movlw	212
  3599     03C9  00F7               	movwf	clcd_print@addr
  3600     03CA  160A  118A  225B  120A  118A  	fcall	_clcd_print
  3601     03CF  2A18               	goto	l3485
  3602     03D0                     l3523:
  3603     03D0  3002               	movlw	2
  3604     03D1  067A               	xorwf	_field,w
  3605     03D2  1D03               	btfss	3,2
  3606     03D3  2BD5               	goto	u3841
  3607     03D4  2BD6               	goto	u3840
  3608     03D5                     u3841:
  3609     03D5  2CB5               	goto	l3545
  3610     03D6                     u3840:
  3611     03D6                     l3525:
  3612                           
  3613                           ;digital_timer.c: 373:         clcd_putch((dd / 10) + '0', (0xC0 + 3));
  3614     03D6  30C3               	movlw	195
  3615     03D7  00D4               	movwf	clcd_putch@addr
  3616     03D8  300A               	movlw	10
  3617     03D9  00F5               	movwf	___awdiv@divisor
  3618     03DA  3000               	movlw	0
  3619     03DB  00F6               	movwf	___awdiv@divisor+1
  3620     03DC  0849               	movf	_dd,w
  3621     03DD  00DE               	movwf	??_set_time_date
  3622     03DE  01DF               	clrf	??_set_time_date+1
  3623     03DF  085E               	movf	??_set_time_date,w
  3624     03E0  00F7               	movwf	___awdiv@dividend
  3625     03E1  085F               	movf	??_set_time_date+1,w
  3626     03E2  00F8               	movwf	___awdiv@dividend+1
  3627     03E3  160A  118A  24CA  120A  118A  	fcall	___awdiv
  3628     03E8  0875               	movf	?___awdiv,w
  3629     03E9  3E30               	addlw	48
  3630     03EA  160A  118A  2207  120A  118A  	fcall	_clcd_putch
  3631                           
  3632                           ;digital_timer.c: 374:         clcd_putch((dd % 10) + '0', (0xC0 + 4));
  3633     03EF  30C4               	movlw	196
  3634     03F0  1283               	bcf	3,5	;RP0=0, select bank0
  3635     03F1  1303               	bcf	3,6	;RP1=0, select bank0
  3636     03F2  00D4               	movwf	clcd_putch@addr
  3637     03F3  300A               	movlw	10
  3638     03F4  00F5               	movwf	___awmod@divisor
  3639     03F5  3000               	movlw	0
  3640     03F6  00F6               	movwf	___awmod@divisor+1
  3641     03F7  0849               	movf	_dd,w
  3642     03F8  00DE               	movwf	??_set_time_date
  3643     03F9  01DF               	clrf	??_set_time_date+1
  3644     03FA  085E               	movf	??_set_time_date,w
  3645     03FB  00F7               	movwf	___awmod@dividend
  3646     03FC  085F               	movf	??_set_time_date+1,w
  3647     03FD  00F8               	movwf	___awmod@dividend+1
  3648     03FE  160A  118A  240E  120A  118A  	fcall	___awmod
  3649     0403  0875               	movf	?___awmod,w
  3650     0404  3E30               	addlw	48
  3651     0405  160A  118A  2207  120A  118A  	fcall	_clcd_putch
  3652                           
  3653                           ;digital_timer.c: 375:         clcd_putch('/', (0xC0 + 5));
  3654     040A  30C5               	movlw	197
  3655     040B  1283               	bcf	3,5	;RP0=0, select bank0
  3656     040C  1303               	bcf	3,6	;RP1=0, select bank0
  3657     040D  00D4               	movwf	clcd_putch@addr
  3658     040E  302F               	movlw	47
  3659     040F  160A  118A  2207  120A  118A  	fcall	_clcd_putch
  3660                           
  3661                           ;digital_timer.c: 376:         clcd_putch((mm / 10) + '0', (0xC0 + 6));
  3662     0414  30C6               	movlw	198
  3663     0415  1283               	bcf	3,5	;RP0=0, select bank0
  3664     0416  1303               	bcf	3,6	;RP1=0, select bank0
  3665     0417  00D4               	movwf	clcd_putch@addr
  3666     0418  300A               	movlw	10
  3667     0419  00F5               	movwf	___awdiv@divisor
  3668     041A  3000               	movlw	0
  3669     041B  00F6               	movwf	___awdiv@divisor+1
  3670     041C  0848               	movf	_mm,w
  3671     041D  00DE               	movwf	??_set_time_date
  3672     041E  01DF               	clrf	??_set_time_date+1
  3673     041F  085E               	movf	??_set_time_date,w
  3674     0420  00F7               	movwf	___awdiv@dividend
  3675     0421  085F               	movf	??_set_time_date+1,w
  3676     0422  00F8               	movwf	___awdiv@dividend+1
  3677     0423  160A  118A  24CA  120A  118A  	fcall	___awdiv
  3678     0428  0875               	movf	?___awdiv,w
  3679     0429  3E30               	addlw	48
  3680     042A  160A  118A  2207  120A  118A  	fcall	_clcd_putch
  3681                           
  3682                           ;digital_timer.c: 377:         clcd_putch((mm % 10) + '0', (0xC0 + 7));
  3683     042F  30C7               	movlw	199
  3684     0430  1283               	bcf	3,5	;RP0=0, select bank0
  3685     0431  1303               	bcf	3,6	;RP1=0, select bank0
  3686     0432  00D4               	movwf	clcd_putch@addr
  3687     0433  300A               	movlw	10
  3688     0434  00F5               	movwf	___awmod@divisor
  3689     0435  3000               	movlw	0
  3690     0436  00F6               	movwf	___awmod@divisor+1
  3691     0437  0848               	movf	_mm,w
  3692     0438  00DE               	movwf	??_set_time_date
  3693     0439  01DF               	clrf	??_set_time_date+1
  3694     043A  085E               	movf	??_set_time_date,w
  3695     043B  00F7               	movwf	___awmod@dividend
  3696     043C  085F               	movf	??_set_time_date+1,w
  3697     043D  00F8               	movwf	___awmod@dividend+1
  3698     043E  160A  118A  240E  120A  118A  	fcall	___awmod
  3699     0443  0875               	movf	?___awmod,w
  3700     0444  3E30               	addlw	48
  3701     0445  160A  118A  2207  120A  118A  	fcall	_clcd_putch
  3702                           
  3703                           ;digital_timer.c: 378:         clcd_putch('/', (0xC0 + 8));
  3704     044A  30C8               	movlw	200
  3705     044B  1283               	bcf	3,5	;RP0=0, select bank0
  3706     044C  1303               	bcf	3,6	;RP1=0, select bank0
  3707     044D  00D4               	movwf	clcd_putch@addr
  3708     044E  302F               	movlw	47
  3709     044F  160A  118A  2207  120A  118A  	fcall	_clcd_putch
  3710     0454                     l3527:
  3711                           
  3712                           ;digital_timer.c: 380:         if (--delay == 0) {
  3713     0454  3001               	movlw	1
  3714     0455  1283               	bcf	3,5	;RP0=0, select bank0
  3715     0456  1303               	bcf	3,6	;RP1=0, select bank0
  3716     0457  02BE               	subwf	_delay,f
  3717     0458  3000               	movlw	0
  3718     0459  1C03               	skipc
  3719     045A  03BF               	decf	_delay+1,f
  3720     045B  02BF               	subwf	_delay+1,f
  3721     045C  083E               	movf	_delay,w
  3722     045D  043F               	iorwf	_delay+1,w
  3723     045E  1D03               	btfss	3,2
  3724     045F  2C61               	goto	u3851
  3725     0460  2C62               	goto	u3850
  3726     0461                     u3851:
  3727     0461  2E79               	goto	l354
  3728     0462                     u3850:
  3729     0462                     l3529:
  3730                           
  3731                           ;digital_timer.c: 381:             delay = 5;
  3732     0462  3005               	movlw	5
  3733     0463  00BE               	movwf	_delay
  3734     0464  3000               	movlw	0
  3735     0465  00BF               	movwf	_delay+1
  3736     0466                     l3531:
  3737                           
  3738                           ;digital_timer.c: 382:             if (blink_flag == 0) {
  3739     0466  084A               	movf	_blink_flag,w
  3740     0467  1D03               	btfss	3,2
  3741     0468  2C6A               	goto	u3861
  3742     0469  2C6B               	goto	u3860
  3743     046A                     u3861:
  3744     046A  2CAB               	goto	l3541
  3745     046B                     u3860:
  3746     046B                     l3533:
  3747                           
  3748                           ;digital_timer.c: 383:                 clcd_print("20", (0xC0 + 9));
  3749     046B  30B0               	movlw	(low ((STR_16-__stringbase)| (0+32768)))& (0+255)
  3750     046C  00F6               	movwf	clcd_print@str
  3751     046D  30C9               	movlw	201
  3752     046E  00F7               	movwf	clcd_print@addr
  3753     046F  160A  118A  225B  120A  118A  	fcall	_clcd_print
  3754     0474                     l3535:
  3755                           
  3756                           ;digital_timer.c: 384:                 clcd_putch((yy / 10) + '0', (0xC0 + 11));
  3757     0474  30CB               	movlw	203
  3758     0475  1283               	bcf	3,5	;RP0=0, select bank0
  3759     0476  1303               	bcf	3,6	;RP1=0, select bank0
  3760     0477  00D4               	movwf	clcd_putch@addr
  3761     0478  300A               	movlw	10
  3762     0479  00F5               	movwf	___awdiv@divisor
  3763     047A  3000               	movlw	0
  3764     047B  00F6               	movwf	___awdiv@divisor+1
  3765     047C  0847               	movf	_yy,w
  3766     047D  00DE               	movwf	??_set_time_date
  3767     047E  01DF               	clrf	??_set_time_date+1
  3768     047F  085E               	movf	??_set_time_date,w
  3769     0480  00F7               	movwf	___awdiv@dividend
  3770     0481  085F               	movf	??_set_time_date+1,w
  3771     0482  00F8               	movwf	___awdiv@dividend+1
  3772     0483  160A  118A  24CA  120A  118A  	fcall	___awdiv
  3773     0488  0875               	movf	?___awdiv,w
  3774     0489  3E30               	addlw	48
  3775     048A  160A  118A  2207  120A  118A  	fcall	_clcd_putch
  3776     048F                     l3537:
  3777                           
  3778                           ;digital_timer.c: 385:                 clcd_putch((yy % 10) + '0', (0xC0 + 12));
  3779     048F  30CC               	movlw	204
  3780     0490  1283               	bcf	3,5	;RP0=0, select bank0
  3781     0491  1303               	bcf	3,6	;RP1=0, select bank0
  3782     0492  00D4               	movwf	clcd_putch@addr
  3783     0493  300A               	movlw	10
  3784     0494  00F5               	movwf	___awmod@divisor
  3785     0495  3000               	movlw	0
  3786     0496  00F6               	movwf	___awmod@divisor+1
  3787     0497  0847               	movf	_yy,w
  3788     0498  00DE               	movwf	??_set_time_date
  3789     0499  01DF               	clrf	??_set_time_date+1
  3790     049A  085E               	movf	??_set_time_date,w
  3791     049B  00F7               	movwf	___awmod@dividend
  3792     049C  085F               	movf	??_set_time_date+1,w
  3793     049D  00F8               	movwf	___awmod@dividend+1
  3794     049E  160A  118A  240E  120A  118A  	fcall	___awmod
  3795     04A3  0875               	movf	?___awmod,w
  3796     04A4  3E30               	addlw	48
  3797     04A5  160A  118A  2207  120A  118A  	fcall	_clcd_putch
  3798     04AA  2A0A               	goto	l3481
  3799     04AB                     l3541:
  3800                           
  3801                           ;digital_timer.c: 388:                 clcd_print("    ", (0xC0 + 9));
  3802     04AB  300D               	movlw	(low (((STR_28+12)-__stringbase)| (0+32768)))& (0+255)
  3803     04AC  00F6               	movwf	clcd_print@str
  3804     04AD  30C9               	movlw	201
  3805     04AE  00F7               	movwf	clcd_print@addr
  3806     04AF  160A  118A  225B  120A  118A  	fcall	_clcd_print
  3807     04B4  2A18               	goto	l3485
  3808     04B5                     l3545:
  3809     04B5  037A               	decf	_field,w
  3810     04B6  1D03               	btfss	3,2
  3811     04B7  2CB9               	goto	u3871
  3812     04B8  2CBA               	goto	u3870
  3813     04B9                     u3871:
  3814     04B9  2D97               	goto	l3569
  3815     04BA                     u3870:
  3816     04BA                     l3547:
  3817                           
  3818                           ;digital_timer.c: 394:         clcd_putch((dd / 10) + '0', (0xC0 + 3));
  3819     04BA  30C3               	movlw	195
  3820     04BB  00D4               	movwf	clcd_putch@addr
  3821     04BC  300A               	movlw	10
  3822     04BD  00F5               	movwf	___awdiv@divisor
  3823     04BE  3000               	movlw	0
  3824     04BF  00F6               	movwf	___awdiv@divisor+1
  3825     04C0  0849               	movf	_dd,w
  3826     04C1  00DE               	movwf	??_set_time_date
  3827     04C2  01DF               	clrf	??_set_time_date+1
  3828     04C3  085E               	movf	??_set_time_date,w
  3829     04C4  00F7               	movwf	___awdiv@dividend
  3830     04C5  085F               	movf	??_set_time_date+1,w
  3831     04C6  00F8               	movwf	___awdiv@dividend+1
  3832     04C7  160A  118A  24CA  120A  118A  	fcall	___awdiv
  3833     04CC  0875               	movf	?___awdiv,w
  3834     04CD  3E30               	addlw	48
  3835     04CE  160A  118A  2207  120A  118A  	fcall	_clcd_putch
  3836                           
  3837                           ;digital_timer.c: 395:         clcd_putch((dd % 10) + '0', (0xC0 + 4));
  3838     04D3  30C4               	movlw	196
  3839     04D4  1283               	bcf	3,5	;RP0=0, select bank0
  3840     04D5  1303               	bcf	3,6	;RP1=0, select bank0
  3841     04D6  00D4               	movwf	clcd_putch@addr
  3842     04D7  300A               	movlw	10
  3843     04D8  00F5               	movwf	___awmod@divisor
  3844     04D9  3000               	movlw	0
  3845     04DA  00F6               	movwf	___awmod@divisor+1
  3846     04DB  0849               	movf	_dd,w
  3847     04DC  00DE               	movwf	??_set_time_date
  3848     04DD  01DF               	clrf	??_set_time_date+1
  3849     04DE  085E               	movf	??_set_time_date,w
  3850     04DF  00F7               	movwf	___awmod@dividend
  3851     04E0  085F               	movf	??_set_time_date+1,w
  3852     04E1  00F8               	movwf	___awmod@dividend+1
  3853     04E2  160A  118A  240E  120A  118A  	fcall	___awmod
  3854     04E7  0875               	movf	?___awmod,w
  3855     04E8  3E30               	addlw	48
  3856     04E9  160A  118A  2207  120A  118A  	fcall	_clcd_putch
  3857                           
  3858                           ;digital_timer.c: 396:         clcd_putch('/', (0xC0 + 5));
  3859     04EE  30C5               	movlw	197
  3860     04EF  1283               	bcf	3,5	;RP0=0, select bank0
  3861     04F0  1303               	bcf	3,6	;RP1=0, select bank0
  3862     04F1  00D4               	movwf	clcd_putch@addr
  3863     04F2  302F               	movlw	47
  3864     04F3  160A  118A  2207  120A  118A  	fcall	_clcd_putch
  3865                           
  3866                           ;digital_timer.c: 397:         clcd_putch('/', (0xC0 + 8));
  3867     04F8  30C8               	movlw	200
  3868     04F9  1283               	bcf	3,5	;RP0=0, select bank0
  3869     04FA  1303               	bcf	3,6	;RP1=0, select bank0
  3870     04FB  00D4               	movwf	clcd_putch@addr
  3871     04FC  302F               	movlw	47
  3872     04FD  160A  118A  2207  120A  118A  	fcall	_clcd_putch
  3873     0502                     l3549:
  3874                           
  3875                           ;digital_timer.c: 398:         clcd_print("20", (0xC0 + 9));
  3876     0502  30B0               	movlw	(low ((STR_16-__stringbase)| (0+32768)))& (0+255)
  3877     0503  00F6               	movwf	clcd_print@str
  3878     0504  30C9               	movlw	201
  3879     0505  00F7               	movwf	clcd_print@addr
  3880     0506  160A  118A  225B  120A  118A  	fcall	_clcd_print
  3881     050B                     l3551:
  3882                           
  3883                           ;digital_timer.c: 399:         clcd_putch((yy / 10) + '0', (0xC0 + 11));
  3884     050B  30CB               	movlw	203
  3885     050C  1283               	bcf	3,5	;RP0=0, select bank0
  3886     050D  1303               	bcf	3,6	;RP1=0, select bank0
  3887     050E  00D4               	movwf	clcd_putch@addr
  3888     050F  300A               	movlw	10
  3889     0510  00F5               	movwf	___awdiv@divisor
  3890     0511  3000               	movlw	0
  3891     0512  00F6               	movwf	___awdiv@divisor+1
  3892     0513  0847               	movf	_yy,w
  3893     0514  00DE               	movwf	??_set_time_date
  3894     0515  01DF               	clrf	??_set_time_date+1
  3895     0516  085E               	movf	??_set_time_date,w
  3896     0517  00F7               	movwf	___awdiv@dividend
  3897     0518  085F               	movf	??_set_time_date+1,w
  3898     0519  00F8               	movwf	___awdiv@dividend+1
  3899     051A  160A  118A  24CA  120A  118A  	fcall	___awdiv
  3900     051F  0875               	movf	?___awdiv,w
  3901     0520  3E30               	addlw	48
  3902     0521  160A  118A  2207  120A  118A  	fcall	_clcd_putch
  3903     0526                     l3553:
  3904                           
  3905                           ;digital_timer.c: 400:         clcd_putch((yy % 10) + '0', (0xC0 + 12));
  3906     0526  30CC               	movlw	204
  3907     0527  1283               	bcf	3,5	;RP0=0, select bank0
  3908     0528  1303               	bcf	3,6	;RP1=0, select bank0
  3909     0529  00D4               	movwf	clcd_putch@addr
  3910     052A  300A               	movlw	10
  3911     052B  00F5               	movwf	___awmod@divisor
  3912     052C  3000               	movlw	0
  3913     052D  00F6               	movwf	___awmod@divisor+1
  3914     052E  0847               	movf	_yy,w
  3915     052F  00DE               	movwf	??_set_time_date
  3916     0530  01DF               	clrf	??_set_time_date+1
  3917     0531  085E               	movf	??_set_time_date,w
  3918     0532  00F7               	movwf	___awmod@dividend
  3919     0533  085F               	movf	??_set_time_date+1,w
  3920     0534  00F8               	movwf	___awmod@dividend+1
  3921     0535  160A  118A  240E  120A  118A  	fcall	___awmod
  3922     053A  0875               	movf	?___awmod,w
  3923     053B  3E30               	addlw	48
  3924     053C  160A  118A  2207  120A  118A  	fcall	_clcd_putch
  3925     0541                     l3555:
  3926                           
  3927                           ;digital_timer.c: 402:         if (--delay == 0) {
  3928     0541  3001               	movlw	1
  3929     0542  1283               	bcf	3,5	;RP0=0, select bank0
  3930     0543  1303               	bcf	3,6	;RP1=0, select bank0
  3931     0544  02BE               	subwf	_delay,f
  3932     0545  3000               	movlw	0
  3933     0546  1C03               	skipc
  3934     0547  03BF               	decf	_delay+1,f
  3935     0548  02BF               	subwf	_delay+1,f
  3936     0549  083E               	movf	_delay,w
  3937     054A  043F               	iorwf	_delay+1,w
  3938     054B  1D03               	btfss	3,2
  3939     054C  2D4E               	goto	u3881
  3940     054D  2D4F               	goto	u3880
  3941     054E                     u3881:
  3942     054E  2E79               	goto	l354
  3943     054F                     u3880:
  3944     054F                     l3557:
  3945                           
  3946                           ;digital_timer.c: 403:             delay = 5;
  3947     054F  3005               	movlw	5
  3948     0550  00BE               	movwf	_delay
  3949     0551  3000               	movlw	0
  3950     0552  00BF               	movwf	_delay+1
  3951     0553                     l3559:
  3952                           
  3953                           ;digital_timer.c: 404:             if (blink_flag == 0) {
  3954     0553  084A               	movf	_blink_flag,w
  3955     0554  1D03               	btfss	3,2
  3956     0555  2D57               	goto	u3891
  3957     0556  2D58               	goto	u3890
  3958     0557                     u3891:
  3959     0557  2D8D               	goto	l3565
  3960     0558                     u3890:
  3961     0558                     l3561:
  3962                           
  3963                           ;digital_timer.c: 405:                 clcd_putch((mm / 10) + '0', (0xC0 + 6));
  3964     0558  30C6               	movlw	198
  3965     0559  00D4               	movwf	clcd_putch@addr
  3966     055A  300A               	movlw	10
  3967     055B  00F5               	movwf	___awdiv@divisor
  3968     055C  3000               	movlw	0
  3969     055D  00F6               	movwf	___awdiv@divisor+1
  3970     055E  0848               	movf	_mm,w
  3971     055F  00DE               	movwf	??_set_time_date
  3972     0560  01DF               	clrf	??_set_time_date+1
  3973     0561  085E               	movf	??_set_time_date,w
  3974     0562  00F7               	movwf	___awdiv@dividend
  3975     0563  085F               	movf	??_set_time_date+1,w
  3976     0564  00F8               	movwf	___awdiv@dividend+1
  3977     0565  160A  118A  24CA  120A  118A  	fcall	___awdiv
  3978     056A  0875               	movf	?___awdiv,w
  3979     056B  3E30               	addlw	48
  3980     056C  160A  118A  2207  120A  118A  	fcall	_clcd_putch
  3981                           
  3982                           ;digital_timer.c: 406:                 clcd_putch((mm % 10) + '0', (0xC0 + 7));
  3983     0571  30C7               	movlw	199
  3984     0572  1283               	bcf	3,5	;RP0=0, select bank0
  3985     0573  1303               	bcf	3,6	;RP1=0, select bank0
  3986     0574  00D4               	movwf	clcd_putch@addr
  3987     0575  300A               	movlw	10
  3988     0576  00F5               	movwf	___awmod@divisor
  3989     0577  3000               	movlw	0
  3990     0578  00F6               	movwf	___awmod@divisor+1
  3991     0579  0848               	movf	_mm,w
  3992     057A  00DE               	movwf	??_set_time_date
  3993     057B  01DF               	clrf	??_set_time_date+1
  3994     057C  085E               	movf	??_set_time_date,w
  3995     057D  00F7               	movwf	___awmod@dividend
  3996     057E  085F               	movf	??_set_time_date+1,w
  3997     057F  00F8               	movwf	___awmod@dividend+1
  3998     0580  160A  118A  240E  120A  118A  	fcall	___awmod
  3999     0585  0875               	movf	?___awmod,w
  4000     0586  3E30               	addlw	48
  4001     0587  160A  118A  2207  120A  118A  	fcall	_clcd_putch
  4002     058C  2A0A               	goto	l3481
  4003     058D                     l3565:
  4004                           
  4005                           ;digital_timer.c: 409:                 clcd_print("  ", (0xC0 + 6));
  4006     058D  300F               	movlw	(low (((STR_28+14)-__stringbase)| (0+32768)))& (0+255)
  4007     058E  00F6               	movwf	clcd_print@str
  4008     058F  30C6               	movlw	198
  4009     0590  00F7               	movwf	clcd_print@addr
  4010     0591  160A  118A  225B  120A  118A  	fcall	_clcd_print
  4011     0596  2A18               	goto	l3485
  4012     0597                     l3569:
  4013     0597  087A               	movf	_field,w
  4014     0598  1D03               	btfss	3,2
  4015     0599  2D9B               	goto	u3901
  4016     059A  2D9C               	goto	u3900
  4017     059B                     u3901:
  4018     059B  2E79               	goto	l354
  4019     059C                     u3900:
  4020     059C                     l3571:
  4021                           
  4022                           ;digital_timer.c: 415:         clcd_putch('/', (0xC0 + 5));
  4023     059C  30C5               	movlw	197
  4024     059D  00D4               	movwf	clcd_putch@addr
  4025     059E  302F               	movlw	47
  4026     059F  160A  118A  2207  120A  118A  	fcall	_clcd_putch
  4027                           
  4028                           ;digital_timer.c: 416:         clcd_putch((mm / 10) + '0', (0xC0 + 6));
  4029     05A4  30C6               	movlw	198
  4030     05A5  1283               	bcf	3,5	;RP0=0, select bank0
  4031     05A6  1303               	bcf	3,6	;RP1=0, select bank0
  4032     05A7  00D4               	movwf	clcd_putch@addr
  4033     05A8  300A               	movlw	10
  4034     05A9  00F5               	movwf	___awdiv@divisor
  4035     05AA  3000               	movlw	0
  4036     05AB  00F6               	movwf	___awdiv@divisor+1
  4037     05AC  0848               	movf	_mm,w
  4038     05AD  00DE               	movwf	??_set_time_date
  4039     05AE  01DF               	clrf	??_set_time_date+1
  4040     05AF  085E               	movf	??_set_time_date,w
  4041     05B0  00F7               	movwf	___awdiv@dividend
  4042     05B1  085F               	movf	??_set_time_date+1,w
  4043     05B2  00F8               	movwf	___awdiv@dividend+1
  4044     05B3  160A  118A  24CA  120A  118A  	fcall	___awdiv
  4045     05B8  0875               	movf	?___awdiv,w
  4046     05B9  3E30               	addlw	48
  4047     05BA  160A  118A  2207  120A  118A  	fcall	_clcd_putch
  4048                           
  4049                           ;digital_timer.c: 417:         clcd_putch((mm % 10) + '0', (0xC0 + 7));
  4050     05BF  30C7               	movlw	199
  4051     05C0  1283               	bcf	3,5	;RP0=0, select bank0
  4052     05C1  1303               	bcf	3,6	;RP1=0, select bank0
  4053     05C2  00D4               	movwf	clcd_putch@addr
  4054     05C3  300A               	movlw	10
  4055     05C4  00F5               	movwf	___awmod@divisor
  4056     05C5  3000               	movlw	0
  4057     05C6  00F6               	movwf	___awmod@divisor+1
  4058     05C7  0848               	movf	_mm,w
  4059     05C8  00DE               	movwf	??_set_time_date
  4060     05C9  01DF               	clrf	??_set_time_date+1
  4061     05CA  085E               	movf	??_set_time_date,w
  4062     05CB  00F7               	movwf	___awmod@dividend
  4063     05CC  085F               	movf	??_set_time_date+1,w
  4064     05CD  00F8               	movwf	___awmod@dividend+1
  4065     05CE  160A  118A  240E  120A  118A  	fcall	___awmod
  4066     05D3  0875               	movf	?___awmod,w
  4067     05D4  3E30               	addlw	48
  4068     05D5  160A  118A  2207  120A  118A  	fcall	_clcd_putch
  4069                           
  4070                           ;digital_timer.c: 418:         clcd_putch('/', (0xC0 + 8));
  4071     05DA  30C8               	movlw	200
  4072     05DB  1283               	bcf	3,5	;RP0=0, select bank0
  4073     05DC  1303               	bcf	3,6	;RP1=0, select bank0
  4074     05DD  00D4               	movwf	clcd_putch@addr
  4075     05DE  302F               	movlw	47
  4076     05DF  160A  118A  2207  120A  118A  	fcall	_clcd_putch
  4077     05E4                     l3573:
  4078                           
  4079                           ;digital_timer.c: 419:         clcd_print("20", (0xC0 + 9));
  4080     05E4  30B0               	movlw	(low ((STR_16-__stringbase)| (0+32768)))& (0+255)
  4081     05E5  00F6               	movwf	clcd_print@str
  4082     05E6  30C9               	movlw	201
  4083     05E7  00F7               	movwf	clcd_print@addr
  4084     05E8  160A  118A  225B  120A  118A  	fcall	_clcd_print
  4085     05ED                     l3575:
  4086                           
  4087                           ;digital_timer.c: 420:         clcd_putch((yy / 10) + '0', (0xC0 + 11));
  4088     05ED  30CB               	movlw	203
  4089     05EE  1283               	bcf	3,5	;RP0=0, select bank0
  4090     05EF  1303               	bcf	3,6	;RP1=0, select bank0
  4091     05F0  00D4               	movwf	clcd_putch@addr
  4092     05F1  300A               	movlw	10
  4093     05F2  00F5               	movwf	___awdiv@divisor
  4094     05F3  3000               	movlw	0
  4095     05F4  00F6               	movwf	___awdiv@divisor+1
  4096     05F5  0847               	movf	_yy,w
  4097     05F6  00DE               	movwf	??_set_time_date
  4098     05F7  01DF               	clrf	??_set_time_date+1
  4099     05F8  085E               	movf	??_set_time_date,w
  4100     05F9  00F7               	movwf	___awdiv@dividend
  4101     05FA  085F               	movf	??_set_time_date+1,w
  4102     05FB  00F8               	movwf	___awdiv@dividend+1
  4103     05FC  160A  118A  24CA  120A  118A  	fcall	___awdiv
  4104     0601  0875               	movf	?___awdiv,w
  4105     0602  3E30               	addlw	48
  4106     0603  160A  118A  2207  120A  118A  	fcall	_clcd_putch
  4107     0608                     l3577:
  4108                           
  4109                           ;digital_timer.c: 421:         clcd_putch((yy % 10) + '0', (0xC0 + 12));
  4110     0608  30CC               	movlw	204
  4111     0609  1283               	bcf	3,5	;RP0=0, select bank0
  4112     060A  1303               	bcf	3,6	;RP1=0, select bank0
  4113     060B  00D4               	movwf	clcd_putch@addr
  4114     060C  300A               	movlw	10
  4115     060D  00F5               	movwf	___awmod@divisor
  4116     060E  3000               	movlw	0
  4117     060F  00F6               	movwf	___awmod@divisor+1
  4118     0610  0847               	movf	_yy,w
  4119     0611  00DE               	movwf	??_set_time_date
  4120     0612  01DF               	clrf	??_set_time_date+1
  4121     0613  085E               	movf	??_set_time_date,w
  4122     0614  00F7               	movwf	___awmod@dividend
  4123     0615  085F               	movf	??_set_time_date+1,w
  4124     0616  00F8               	movwf	___awmod@dividend+1
  4125     0617  160A  118A  240E  120A  118A  	fcall	___awmod
  4126     061C  0875               	movf	?___awmod,w
  4127     061D  3E30               	addlw	48
  4128     061E  160A  118A  2207  120A  118A  	fcall	_clcd_putch
  4129     0623                     l3579:
  4130                           
  4131                           ;digital_timer.c: 423:         if (--delay == 0) {
  4132     0623  3001               	movlw	1
  4133     0624  1283               	bcf	3,5	;RP0=0, select bank0
  4134     0625  1303               	bcf	3,6	;RP1=0, select bank0
  4135     0626  02BE               	subwf	_delay,f
  4136     0627  3000               	movlw	0
  4137     0628  1C03               	skipc
  4138     0629  03BF               	decf	_delay+1,f
  4139     062A  02BF               	subwf	_delay+1,f
  4140     062B  083E               	movf	_delay,w
  4141     062C  043F               	iorwf	_delay+1,w
  4142     062D  1D03               	btfss	3,2
  4143     062E  2E30               	goto	u3911
  4144     062F  2E31               	goto	u3910
  4145     0630                     u3911:
  4146     0630  2E79               	goto	l354
  4147     0631                     u3910:
  4148     0631                     l3581:
  4149                           
  4150                           ;digital_timer.c: 424:             delay = 5;
  4151     0631  3005               	movlw	5
  4152     0632  00BE               	movwf	_delay
  4153     0633  3000               	movlw	0
  4154     0634  00BF               	movwf	_delay+1
  4155     0635                     l3583:
  4156                           
  4157                           ;digital_timer.c: 425:             if (blink_flag == 0) {
  4158     0635  084A               	movf	_blink_flag,w
  4159     0636  1D03               	btfss	3,2
  4160     0637  2E39               	goto	u3921
  4161     0638  2E3A               	goto	u3920
  4162     0639                     u3921:
  4163     0639  2E6F               	goto	l3589
  4164     063A                     u3920:
  4165     063A                     l3585:
  4166                           
  4167                           ;digital_timer.c: 426:                 clcd_putch((dd / 10) + '0', (0xC0 + 3));
  4168     063A  30C3               	movlw	195
  4169     063B  00D4               	movwf	clcd_putch@addr
  4170     063C  300A               	movlw	10
  4171     063D  00F5               	movwf	___awdiv@divisor
  4172     063E  3000               	movlw	0
  4173     063F  00F6               	movwf	___awdiv@divisor+1
  4174     0640  0849               	movf	_dd,w
  4175     0641  00DE               	movwf	??_set_time_date
  4176     0642  01DF               	clrf	??_set_time_date+1
  4177     0643  085E               	movf	??_set_time_date,w
  4178     0644  00F7               	movwf	___awdiv@dividend
  4179     0645  085F               	movf	??_set_time_date+1,w
  4180     0646  00F8               	movwf	___awdiv@dividend+1
  4181     0647  160A  118A  24CA  120A  118A  	fcall	___awdiv
  4182     064C  0875               	movf	?___awdiv,w
  4183     064D  3E30               	addlw	48
  4184     064E  160A  118A  2207  120A  118A  	fcall	_clcd_putch
  4185                           
  4186                           ;digital_timer.c: 427:                 clcd_putch((dd % 10) + '0', (0xC0 + 4));
  4187     0653  30C4               	movlw	196
  4188     0654  1283               	bcf	3,5	;RP0=0, select bank0
  4189     0655  1303               	bcf	3,6	;RP1=0, select bank0
  4190     0656  00D4               	movwf	clcd_putch@addr
  4191     0657  300A               	movlw	10
  4192     0658  00F5               	movwf	___awmod@divisor
  4193     0659  3000               	movlw	0
  4194     065A  00F6               	movwf	___awmod@divisor+1
  4195     065B  0849               	movf	_dd,w
  4196     065C  00DE               	movwf	??_set_time_date
  4197     065D  01DF               	clrf	??_set_time_date+1
  4198     065E  085E               	movf	??_set_time_date,w
  4199     065F  00F7               	movwf	___awmod@dividend
  4200     0660  085F               	movf	??_set_time_date+1,w
  4201     0661  00F8               	movwf	___awmod@dividend+1
  4202     0662  160A  118A  240E  120A  118A  	fcall	___awmod
  4203     0667  0875               	movf	?___awmod,w
  4204     0668  3E30               	addlw	48
  4205     0669  160A  118A  2207  120A  118A  	fcall	_clcd_putch
  4206     066E  2A0A               	goto	l3481
  4207     066F                     l3589:
  4208                           
  4209                           ;digital_timer.c: 430:                 clcd_print("  ", (0xC0 + 3));
  4210     066F  300F               	movlw	(low (((STR_28+14)-__stringbase)| (0+32768)))& (0+255)
  4211     0670  00F6               	movwf	clcd_print@str
  4212     0671  30C3               	movlw	195
  4213     0672  00F7               	movwf	clcd_print@addr
  4214     0673  160A  118A  225B  120A  118A  	fcall	_clcd_print
  4215     0678  2A18               	goto	l3485
  4216     0679                     l354:
  4217     0679  0008               	return
  4218     067A                     __end_of_set_time_date:
  4219                           
  4220                           	psect	text4
  4221     067A                     __ptext4:	
  4222 ;; *************** function _save_time_date *****************
  4223 ;; Defined at:
  4224 ;;		line 228 in file "digital_timer.c"
  4225 ;; Parameters:    Size  Location     Type
  4226 ;;		None
  4227 ;; Auto vars:     Size  Location     Type
  4228 ;;		None
  4229 ;; Return value:  Size  Location     Type
  4230 ;;                  1    wreg      void 
  4231 ;; Registers used:
  4232 ;;		wreg, status,2, status,0, pclath, cstack
  4233 ;; Tracked objects:
  4234 ;;		On entry : 0/0
  4235 ;;		On exit  : 0/0
  4236 ;;		Unchanged: 0/0
  4237 ;; Data sizes:     COMMON   BANK0   BANK1   BANK3   BANK2
  4238 ;;      Params:         0       0       0       0       0
  4239 ;;      Locals:         0       0       0       0       0
  4240 ;;      Temps:          0       7       0       0       0
  4241 ;;      Totals:         0       7       0       0       0
  4242 ;;Total ram usage:        7 bytes
  4243 ;; Hardware stack levels used: 1
  4244 ;; Hardware stack levels required when called: 2
  4245 ;; This function calls:
  4246 ;;		___awdiv
  4247 ;;		___awmod
  4248 ;;		_write_ds1307
  4249 ;; This function is called by:
  4250 ;;		_set_time_date
  4251 ;; This function uses a non-reentrant model
  4252 ;;
  4253                           
  4254     067A                     _save_time_date:	
  4255                           ;psect for function _save_time_date
  4256                           
  4257     067A                     l2429:	
  4258                           ;incstack = 0
  4259                           ; Regs used in _save_time_date: [wreg+status,2+status,0+pclath+cstack]
  4260                           
  4261                           
  4262                           ;digital_timer.c: 229:     dd = (unsigned char) (((dd / 10) << 4) | (dd % 10));
  4263     067A  300A               	movlw	10
  4264     067B  00F5               	movwf	___awmod@divisor
  4265     067C  3000               	movlw	0
  4266     067D  00F6               	movwf	___awmod@divisor+1
  4267     067E  1283               	bcf	3,5	;RP0=0, select bank0
  4268     067F  1303               	bcf	3,6	;RP1=0, select bank0
  4269     0680  0849               	movf	_dd,w
  4270     0681  00D4               	movwf	??_save_time_date
  4271     0682  01D5               	clrf	??_save_time_date+1
  4272     0683  0854               	movf	??_save_time_date,w
  4273     0684  00F7               	movwf	___awmod@dividend
  4274     0685  0855               	movf	??_save_time_date+1,w
  4275     0686  00F8               	movwf	___awmod@dividend+1
  4276     0687  160A  118A  240E  120A  118A  	fcall	___awmod
  4277     068C  0875               	movf	?___awmod,w
  4278     068D  1283               	bcf	3,5	;RP0=0, select bank0
  4279     068E  1303               	bcf	3,6	;RP1=0, select bank0
  4280     068F  00D6               	movwf	??_save_time_date+2
  4281     0690  0876               	movf	?___awmod+1,w
  4282     0691  00D7               	movwf	??_save_time_date+3
  4283     0692  300A               	movlw	10
  4284     0693  00F5               	movwf	___awdiv@divisor
  4285     0694  3000               	movlw	0
  4286     0695  00F6               	movwf	___awdiv@divisor+1
  4287     0696  0849               	movf	_dd,w
  4288     0697  00D8               	movwf	??_save_time_date+4
  4289     0698  01D9               	clrf	??_save_time_date+5
  4290     0699  0858               	movf	??_save_time_date+4,w
  4291     069A  00F7               	movwf	___awdiv@dividend
  4292     069B  0859               	movf	??_save_time_date+5,w
  4293     069C  00F8               	movwf	___awdiv@dividend+1
  4294     069D  160A  118A  24CA  120A  118A  	fcall	___awdiv
  4295     06A2  0875               	movf	?___awdiv,w
  4296     06A3  1283               	bcf	3,5	;RP0=0, select bank0
  4297     06A4  1303               	bcf	3,6	;RP1=0, select bank0
  4298     06A5  00DA               	movwf	??_save_time_date+6
  4299     06A6  3003               	movlw	3
  4300     06A7                     u2185:
  4301     06A7  1003               	clrc
  4302     06A8  0DDA               	rlf	??_save_time_date+6,f
  4303     06A9  3EFF               	addlw	-1
  4304     06AA  1D03               	skipz
  4305     06AB  2EA7               	goto	u2185
  4306     06AC  1003               	clrc
  4307     06AD  0D5A               	rlf	??_save_time_date+6,w
  4308     06AE  0456               	iorwf	??_save_time_date+2,w
  4309     06AF  00C9               	movwf	_dd
  4310                           
  4311                           ;digital_timer.c: 230:     mm = (unsigned char) (((mm / 10) << 4) | (mm % 10));
  4312     06B0  300A               	movlw	10
  4313     06B1  00F5               	movwf	___awmod@divisor
  4314     06B2  3000               	movlw	0
  4315     06B3  00F6               	movwf	___awmod@divisor+1
  4316     06B4  0848               	movf	_mm,w
  4317     06B5  00D4               	movwf	??_save_time_date
  4318     06B6  01D5               	clrf	??_save_time_date+1
  4319     06B7  0854               	movf	??_save_time_date,w
  4320     06B8  00F7               	movwf	___awmod@dividend
  4321     06B9  0855               	movf	??_save_time_date+1,w
  4322     06BA  00F8               	movwf	___awmod@dividend+1
  4323     06BB  160A  118A  240E  120A  118A  	fcall	___awmod
  4324     06C0  0875               	movf	?___awmod,w
  4325     06C1  1283               	bcf	3,5	;RP0=0, select bank0
  4326     06C2  1303               	bcf	3,6	;RP1=0, select bank0
  4327     06C3  00D6               	movwf	??_save_time_date+2
  4328     06C4  0876               	movf	?___awmod+1,w
  4329     06C5  00D7               	movwf	??_save_time_date+3
  4330     06C6  300A               	movlw	10
  4331     06C7  00F5               	movwf	___awdiv@divisor
  4332     06C8  3000               	movlw	0
  4333     06C9  00F6               	movwf	___awdiv@divisor+1
  4334     06CA  0848               	movf	_mm,w
  4335     06CB  00D8               	movwf	??_save_time_date+4
  4336     06CC  01D9               	clrf	??_save_time_date+5
  4337     06CD  0858               	movf	??_save_time_date+4,w
  4338     06CE  00F7               	movwf	___awdiv@dividend
  4339     06CF  0859               	movf	??_save_time_date+5,w
  4340     06D0  00F8               	movwf	___awdiv@dividend+1
  4341     06D1  160A  118A  24CA  120A  118A  	fcall	___awdiv
  4342     06D6  0875               	movf	?___awdiv,w
  4343     06D7  1283               	bcf	3,5	;RP0=0, select bank0
  4344     06D8  1303               	bcf	3,6	;RP1=0, select bank0
  4345     06D9  00DA               	movwf	??_save_time_date+6
  4346     06DA  3003               	movlw	3
  4347     06DB                     u2195:
  4348     06DB  1003               	clrc
  4349     06DC  0DDA               	rlf	??_save_time_date+6,f
  4350     06DD  3EFF               	addlw	-1
  4351     06DE  1D03               	skipz
  4352     06DF  2EDB               	goto	u2195
  4353     06E0  1003               	clrc
  4354     06E1  0D5A               	rlf	??_save_time_date+6,w
  4355     06E2  0456               	iorwf	??_save_time_date+2,w
  4356     06E3  00C8               	movwf	_mm
  4357                           
  4358                           ;digital_timer.c: 231:     yy = (unsigned char) (((yy / 10) << 4) | (yy % 10));
  4359     06E4  300A               	movlw	10
  4360     06E5  00F5               	movwf	___awmod@divisor
  4361     06E6  3000               	movlw	0
  4362     06E7  00F6               	movwf	___awmod@divisor+1
  4363     06E8  0847               	movf	_yy,w
  4364     06E9  00D4               	movwf	??_save_time_date
  4365     06EA  01D5               	clrf	??_save_time_date+1
  4366     06EB  0854               	movf	??_save_time_date,w
  4367     06EC  00F7               	movwf	___awmod@dividend
  4368     06ED  0855               	movf	??_save_time_date+1,w
  4369     06EE  00F8               	movwf	___awmod@dividend+1
  4370     06EF  160A  118A  240E  120A  118A  	fcall	___awmod
  4371     06F4  0875               	movf	?___awmod,w
  4372     06F5  1283               	bcf	3,5	;RP0=0, select bank0
  4373     06F6  1303               	bcf	3,6	;RP1=0, select bank0
  4374     06F7  00D6               	movwf	??_save_time_date+2
  4375     06F8  0876               	movf	?___awmod+1,w
  4376     06F9  00D7               	movwf	??_save_time_date+3
  4377     06FA  300A               	movlw	10
  4378     06FB  00F5               	movwf	___awdiv@divisor
  4379     06FC  3000               	movlw	0
  4380     06FD  00F6               	movwf	___awdiv@divisor+1
  4381     06FE  0847               	movf	_yy,w
  4382     06FF  00D8               	movwf	??_save_time_date+4
  4383     0700  01D9               	clrf	??_save_time_date+5
  4384     0701  0858               	movf	??_save_time_date+4,w
  4385     0702  00F7               	movwf	___awdiv@dividend
  4386     0703  0859               	movf	??_save_time_date+5,w
  4387     0704  00F8               	movwf	___awdiv@dividend+1
  4388     0705  160A  118A  24CA  120A  118A  	fcall	___awdiv
  4389     070A  0875               	movf	?___awdiv,w
  4390     070B  1283               	bcf	3,5	;RP0=0, select bank0
  4391     070C  1303               	bcf	3,6	;RP1=0, select bank0
  4392     070D  00DA               	movwf	??_save_time_date+6
  4393     070E  3003               	movlw	3
  4394     070F                     u2205:
  4395     070F  1003               	clrc
  4396     0710  0DDA               	rlf	??_save_time_date+6,f
  4397     0711  3EFF               	addlw	-1
  4398     0712  1D03               	skipz
  4399     0713  2F0F               	goto	u2205
  4400     0714  1003               	clrc
  4401     0715  0D5A               	rlf	??_save_time_date+6,w
  4402     0716  0456               	iorwf	??_save_time_date+2,w
  4403     0717  00C7               	movwf	_yy
  4404                           
  4405                           ;digital_timer.c: 233:     hr = (unsigned char) (((hr / 10) << 4) | (hr % 10));
  4406     0718  300A               	movlw	10
  4407     0719  00F5               	movwf	___awmod@divisor
  4408     071A  3000               	movlw	0
  4409     071B  00F6               	movwf	___awmod@divisor+1
  4410     071C  084D               	movf	_hr,w
  4411     071D  00D4               	movwf	??_save_time_date
  4412     071E  01D5               	clrf	??_save_time_date+1
  4413     071F  0854               	movf	??_save_time_date,w
  4414     0720  00F7               	movwf	___awmod@dividend
  4415     0721  0855               	movf	??_save_time_date+1,w
  4416     0722  00F8               	movwf	___awmod@dividend+1
  4417     0723  160A  118A  240E  120A  118A  	fcall	___awmod
  4418     0728  0875               	movf	?___awmod,w
  4419     0729  1283               	bcf	3,5	;RP0=0, select bank0
  4420     072A  1303               	bcf	3,6	;RP1=0, select bank0
  4421     072B  00D6               	movwf	??_save_time_date+2
  4422     072C  0876               	movf	?___awmod+1,w
  4423     072D  00D7               	movwf	??_save_time_date+3
  4424     072E  300A               	movlw	10
  4425     072F  00F5               	movwf	___awdiv@divisor
  4426     0730  3000               	movlw	0
  4427     0731  00F6               	movwf	___awdiv@divisor+1
  4428     0732  084D               	movf	_hr,w
  4429     0733  00D8               	movwf	??_save_time_date+4
  4430     0734  01D9               	clrf	??_save_time_date+5
  4431     0735  0858               	movf	??_save_time_date+4,w
  4432     0736  00F7               	movwf	___awdiv@dividend
  4433     0737  0859               	movf	??_save_time_date+5,w
  4434     0738  00F8               	movwf	___awdiv@dividend+1
  4435     0739  160A  118A  24CA  120A  118A  	fcall	___awdiv
  4436     073E  0875               	movf	?___awdiv,w
  4437     073F  1283               	bcf	3,5	;RP0=0, select bank0
  4438     0740  1303               	bcf	3,6	;RP1=0, select bank0
  4439     0741  00DA               	movwf	??_save_time_date+6
  4440     0742  3003               	movlw	3
  4441     0743                     u2215:
  4442     0743  1003               	clrc
  4443     0744  0DDA               	rlf	??_save_time_date+6,f
  4444     0745  3EFF               	addlw	-1
  4445     0746  1D03               	skipz
  4446     0747  2F43               	goto	u2215
  4447     0748  1003               	clrc
  4448     0749  0D5A               	rlf	??_save_time_date+6,w
  4449     074A  0456               	iorwf	??_save_time_date+2,w
  4450     074B  00CD               	movwf	_hr
  4451                           
  4452                           ;digital_timer.c: 234:     min = (unsigned char) (((min / 10) << 4) | (min % 10));
  4453     074C  300A               	movlw	10
  4454     074D  00F5               	movwf	___awmod@divisor
  4455     074E  3000               	movlw	0
  4456     074F  00F6               	movwf	___awmod@divisor+1
  4457     0750  084C               	movf	_min,w
  4458     0751  00D4               	movwf	??_save_time_date
  4459     0752  01D5               	clrf	??_save_time_date+1
  4460     0753  0854               	movf	??_save_time_date,w
  4461     0754  00F7               	movwf	___awmod@dividend
  4462     0755  0855               	movf	??_save_time_date+1,w
  4463     0756  00F8               	movwf	___awmod@dividend+1
  4464     0757  160A  118A  240E  120A  118A  	fcall	___awmod
  4465     075C  0875               	movf	?___awmod,w
  4466     075D  1283               	bcf	3,5	;RP0=0, select bank0
  4467     075E  1303               	bcf	3,6	;RP1=0, select bank0
  4468     075F  00D6               	movwf	??_save_time_date+2
  4469     0760  0876               	movf	?___awmod+1,w
  4470     0761  00D7               	movwf	??_save_time_date+3
  4471     0762  300A               	movlw	10
  4472     0763  00F5               	movwf	___awdiv@divisor
  4473     0764  3000               	movlw	0
  4474     0765  00F6               	movwf	___awdiv@divisor+1
  4475     0766  084C               	movf	_min,w
  4476     0767  00D8               	movwf	??_save_time_date+4
  4477     0768  01D9               	clrf	??_save_time_date+5
  4478     0769  0858               	movf	??_save_time_date+4,w
  4479     076A  00F7               	movwf	___awdiv@dividend
  4480     076B  0859               	movf	??_save_time_date+5,w
  4481     076C  00F8               	movwf	___awdiv@dividend+1
  4482     076D  160A  118A  24CA  120A  118A  	fcall	___awdiv
  4483     0772  0875               	movf	?___awdiv,w
  4484     0773  1283               	bcf	3,5	;RP0=0, select bank0
  4485     0774  1303               	bcf	3,6	;RP1=0, select bank0
  4486     0775  00DA               	movwf	??_save_time_date+6
  4487     0776  3003               	movlw	3
  4488     0777                     u2225:
  4489     0777  1003               	clrc
  4490     0778  0DDA               	rlf	??_save_time_date+6,f
  4491     0779  3EFF               	addlw	-1
  4492     077A  1D03               	skipz
  4493     077B  2F77               	goto	u2225
  4494     077C  1003               	clrc
  4495     077D  0D5A               	rlf	??_save_time_date+6,w
  4496     077E  0456               	iorwf	??_save_time_date+2,w
  4497     077F  00CC               	movwf	_min
  4498                           
  4499                           ;digital_timer.c: 235:     sec = (unsigned char) (((sec / 10) << 4) | (sec % 10));
  4500     0780  300A               	movlw	10
  4501     0781  00F5               	movwf	___awmod@divisor
  4502     0782  3000               	movlw	0
  4503     0783  00F6               	movwf	___awmod@divisor+1
  4504     0784  087B               	movf	_sec,w
  4505     0785  00D4               	movwf	??_save_time_date
  4506     0786  01D5               	clrf	??_save_time_date+1
  4507     0787  0854               	movf	??_save_time_date,w
  4508     0788  00F7               	movwf	___awmod@dividend
  4509     0789  0855               	movf	??_save_time_date+1,w
  4510     078A  00F8               	movwf	___awmod@dividend+1
  4511     078B  160A  118A  240E  120A  118A  	fcall	___awmod
  4512     0790  0875               	movf	?___awmod,w
  4513     0791  1283               	bcf	3,5	;RP0=0, select bank0
  4514     0792  1303               	bcf	3,6	;RP1=0, select bank0
  4515     0793  00D6               	movwf	??_save_time_date+2
  4516     0794  0876               	movf	?___awmod+1,w
  4517     0795  00D7               	movwf	??_save_time_date+3
  4518     0796  300A               	movlw	10
  4519     0797  00F5               	movwf	___awdiv@divisor
  4520     0798  3000               	movlw	0
  4521     0799  00F6               	movwf	___awdiv@divisor+1
  4522     079A  087B               	movf	_sec,w
  4523     079B  00D8               	movwf	??_save_time_date+4
  4524     079C  01D9               	clrf	??_save_time_date+5
  4525     079D  0858               	movf	??_save_time_date+4,w
  4526     079E  00F7               	movwf	___awdiv@dividend
  4527     079F  0859               	movf	??_save_time_date+5,w
  4528     07A0  00F8               	movwf	___awdiv@dividend+1
  4529     07A1  160A  118A  24CA  120A  118A  	fcall	___awdiv
  4530     07A6  0875               	movf	?___awdiv,w
  4531     07A7  1283               	bcf	3,5	;RP0=0, select bank0
  4532     07A8  1303               	bcf	3,6	;RP1=0, select bank0
  4533     07A9  00DA               	movwf	??_save_time_date+6
  4534     07AA  3003               	movlw	3
  4535     07AB                     u2235:
  4536     07AB  1003               	clrc
  4537     07AC  0DDA               	rlf	??_save_time_date+6,f
  4538     07AD  3EFF               	addlw	-1
  4539     07AE  1D03               	skipz
  4540     07AF  2FAB               	goto	u2235
  4541     07B0  1003               	clrc
  4542     07B1  0D5A               	rlf	??_save_time_date+6,w
  4543     07B2  0456               	iorwf	??_save_time_date+2,w
  4544     07B3  00FB               	movwf	_sec
  4545                           
  4546                           ;digital_timer.c: 237:     write_ds1307(0x04, dd);
  4547     07B4  0849               	movf	_dd,w
  4548     07B5  00F3               	movwf	write_ds1307@data
  4549     07B6  3004               	movlw	4
  4550     07B7  160A  118A  221C  120A  118A  	fcall	_write_ds1307
  4551                           
  4552                           ;digital_timer.c: 238:     write_ds1307(0x05, mm);
  4553     07BC  1283               	bcf	3,5	;RP0=0, select bank0
  4554     07BD  1303               	bcf	3,6	;RP1=0, select bank0
  4555     07BE  0848               	movf	_mm,w
  4556     07BF  00F3               	movwf	write_ds1307@data
  4557     07C0  3005               	movlw	5
  4558     07C1  160A  118A  221C  120A  118A  	fcall	_write_ds1307
  4559                           
  4560                           ;digital_timer.c: 239:     write_ds1307(0x06, yy);
  4561     07C6  1283               	bcf	3,5	;RP0=0, select bank0
  4562     07C7  1303               	bcf	3,6	;RP1=0, select bank0
  4563     07C8  0847               	movf	_yy,w
  4564     07C9  00F3               	movwf	write_ds1307@data
  4565     07CA  3006               	movlw	6
  4566     07CB  160A  118A  221C  120A  118A  	fcall	_write_ds1307
  4567                           
  4568                           ;digital_timer.c: 241:     write_ds1307(0x02, hr);
  4569     07D0  1283               	bcf	3,5	;RP0=0, select bank0
  4570     07D1  1303               	bcf	3,6	;RP1=0, select bank0
  4571     07D2  084D               	movf	_hr,w
  4572     07D3  00F3               	movwf	write_ds1307@data
  4573     07D4  3002               	movlw	2
  4574     07D5  160A  118A  221C  120A  118A  	fcall	_write_ds1307
  4575                           
  4576                           ;digital_timer.c: 242:     write_ds1307(0x01, min);
  4577     07DA  1283               	bcf	3,5	;RP0=0, select bank0
  4578     07DB  1303               	bcf	3,6	;RP1=0, select bank0
  4579     07DC  084C               	movf	_min,w
  4580     07DD  00F3               	movwf	write_ds1307@data
  4581     07DE  3001               	movlw	1
  4582     07DF  160A  118A  221C  120A  118A  	fcall	_write_ds1307
  4583                           
  4584                           ;digital_timer.c: 243:     write_ds1307(0x00, sec);
  4585     07E4  087B               	movf	_sec,w
  4586     07E5  00F3               	movwf	write_ds1307@data
  4587     07E6  3000               	movlw	0
  4588     07E7  160A  118A  221C  120A  118A  	fcall	_write_ds1307
  4589     07EC                     l326:
  4590     07EC  0008               	return
  4591     07ED                     __end_of_save_time_date:
  4592                           
  4593                           	psect	text5
  4594     0801                     __ptext5:	
  4595 ;; *************** function _extract_time_date *****************
  4596 ;; Defined at:
  4597 ;;		line 62 in file "digital_timer.c"
  4598 ;; Parameters:    Size  Location     Type
  4599 ;;		None
  4600 ;; Auto vars:     Size  Location     Type
  4601 ;;		None
  4602 ;; Return value:  Size  Location     Type
  4603 ;;                  1    wreg      void 
  4604 ;; Registers used:
  4605 ;;		wreg, status,2, status,0, pclath, cstack
  4606 ;; Tracked objects:
  4607 ;;		On entry : 0/0
  4608 ;;		On exit  : 0/0
  4609 ;;		Unchanged: 0/0
  4610 ;; Data sizes:     COMMON   BANK0   BANK1   BANK3   BANK2
  4611 ;;      Params:         0       0       0       0       0
  4612 ;;      Locals:         0       0       0       0       0
  4613 ;;      Temps:          1       0       0       0       0
  4614 ;;      Totals:         1       0       0       0       0
  4615 ;;Total ram usage:        1 bytes
  4616 ;; Hardware stack levels used: 1
  4617 ;; Hardware stack levels required when called: 2
  4618 ;; This function calls:
  4619 ;;		___bmul
  4620 ;;		_get_time
  4621 ;; This function is called by:
  4622 ;;		_set_time_date
  4623 ;; This function uses a non-reentrant model
  4624 ;;
  4625                           
  4626     0801                     _extract_time_date:	
  4627                           ;psect for function _extract_time_date
  4628                           
  4629     0801                     l3189:	
  4630                           ;incstack = 0
  4631                           ; Regs used in _extract_time_date: [wreg+status,2+status,0+pclath+cstack]
  4632                           
  4633                           
  4634                           ;digital_timer.c: 63:     get_time();
  4635     0801  160A  118A  2696  120A  158A  	fcall	_get_time
  4636     0806                     l3191:
  4637                           
  4638                           ;digital_timer.c: 65:     dd = ((clock_reg[0] >> 4) & 0x0F);
  4639     0806  1283               	bcf	3,5	;RP0=0, select bank0
  4640     0807  1303               	bcf	3,6	;RP1=0, select bank0
  4641     0808  0838               	movf	_clock_reg,w
  4642     0809  00F7               	movwf	??_extract_time_date
  4643     080A  3004               	movlw	4
  4644     080B                     u3365:
  4645     080B  1003               	clrc
  4646     080C  0CF7               	rrf	??_extract_time_date,f
  4647     080D  3EFF               	addlw	-1
  4648     080E  1D03               	skipz
  4649     080F  280B               	goto	u3365
  4650     0810  0877               	movf	??_extract_time_date,w
  4651     0811  00C9               	movwf	_dd
  4652     0812                     l3193:
  4653     0812  300F               	movlw	15
  4654     0813  05C9               	andwf	_dd,f
  4655                           
  4656                           ;digital_timer.c: 66:     dd = dd * 10 + (clock_reg[0] & 0x0F);
  4657     0814  300F               	movlw	15
  4658     0815  0538               	andwf	_clock_reg,w
  4659     0816  00F7               	movwf	??_extract_time_date
  4660     0817  300A               	movlw	10
  4661     0818  00F2               	movwf	___bmul@multiplicand
  4662     0819  0849               	movf	_dd,w
  4663     081A  120A  118A  27ED  120A  158A  	fcall	___bmul
  4664     081F  0777               	addwf	??_extract_time_date,w
  4665     0820  1283               	bcf	3,5	;RP0=0, select bank0
  4666     0821  1303               	bcf	3,6	;RP1=0, select bank0
  4667     0822  00C9               	movwf	_dd
  4668     0823                     l3195:
  4669                           
  4670                           ;digital_timer.c: 68:     mm = ((clock_reg[1] >> 4) & 0x0F);
  4671     0823  0839               	movf	_clock_reg+1,w
  4672     0824  00F7               	movwf	??_extract_time_date
  4673     0825  3004               	movlw	4
  4674     0826                     u3375:
  4675     0826  1003               	clrc
  4676     0827  0CF7               	rrf	??_extract_time_date,f
  4677     0828  3EFF               	addlw	-1
  4678     0829  1D03               	skipz
  4679     082A  2826               	goto	u3375
  4680     082B  0877               	movf	??_extract_time_date,w
  4681     082C  00C8               	movwf	_mm
  4682     082D                     l3197:
  4683     082D  300F               	movlw	15
  4684     082E  05C8               	andwf	_mm,f
  4685                           
  4686                           ;digital_timer.c: 69:     mm = mm * 10 + (clock_reg[1] & 0x0F);
  4687     082F  300F               	movlw	15
  4688     0830  0539               	andwf	_clock_reg+1,w
  4689     0831  00F7               	movwf	??_extract_time_date
  4690     0832  300A               	movlw	10
  4691     0833  00F2               	movwf	___bmul@multiplicand
  4692     0834  0848               	movf	_mm,w
  4693     0835  120A  118A  27ED  120A  158A  	fcall	___bmul
  4694     083A  0777               	addwf	??_extract_time_date,w
  4695     083B  1283               	bcf	3,5	;RP0=0, select bank0
  4696     083C  1303               	bcf	3,6	;RP1=0, select bank0
  4697     083D  00C8               	movwf	_mm
  4698     083E                     l3199:
  4699                           
  4700                           ;digital_timer.c: 71:     yy = ((clock_reg[2] >> 4) & 0x0F);
  4701     083E  083A               	movf	_clock_reg+2,w
  4702     083F  00F7               	movwf	??_extract_time_date
  4703     0840  3004               	movlw	4
  4704     0841                     u3385:
  4705     0841  1003               	clrc
  4706     0842  0CF7               	rrf	??_extract_time_date,f
  4707     0843  3EFF               	addlw	-1
  4708     0844  1D03               	skipz
  4709     0845  2841               	goto	u3385
  4710     0846  0877               	movf	??_extract_time_date,w
  4711     0847  00C7               	movwf	_yy
  4712     0848                     l3201:
  4713     0848  300F               	movlw	15
  4714     0849  05C7               	andwf	_yy,f
  4715                           
  4716                           ;digital_timer.c: 72:     yy = yy * 10 + (clock_reg[2] & 0x0F);
  4717     084A  300F               	movlw	15
  4718     084B  053A               	andwf	_clock_reg+2,w
  4719     084C  00F7               	movwf	??_extract_time_date
  4720     084D  300A               	movlw	10
  4721     084E  00F2               	movwf	___bmul@multiplicand
  4722     084F  0847               	movf	_yy,w
  4723     0850  120A  118A  27ED  120A  158A  	fcall	___bmul
  4724     0855  0777               	addwf	??_extract_time_date,w
  4725     0856  1283               	bcf	3,5	;RP0=0, select bank0
  4726     0857  1303               	bcf	3,6	;RP1=0, select bank0
  4727     0858  00C7               	movwf	_yy
  4728     0859                     l3203:
  4729                           
  4730                           ;digital_timer.c: 75:     hr = ((clock_reg[3] >> 4) & 0x0F);
  4731     0859  083B               	movf	_clock_reg+3,w
  4732     085A  00F7               	movwf	??_extract_time_date
  4733     085B  3004               	movlw	4
  4734     085C                     u3395:
  4735     085C  1003               	clrc
  4736     085D  0CF7               	rrf	??_extract_time_date,f
  4737     085E  3EFF               	addlw	-1
  4738     085F  1D03               	skipz
  4739     0860  285C               	goto	u3395
  4740     0861  0877               	movf	??_extract_time_date,w
  4741     0862  00CD               	movwf	_hr
  4742     0863                     l3205:
  4743     0863  300F               	movlw	15
  4744     0864  05CD               	andwf	_hr,f
  4745                           
  4746                           ;digital_timer.c: 76:     hr = hr * 10 + (clock_reg[3] & 0x0F);
  4747     0865  300F               	movlw	15
  4748     0866  053B               	andwf	_clock_reg+3,w
  4749     0867  00F7               	movwf	??_extract_time_date
  4750     0868  300A               	movlw	10
  4751     0869  00F2               	movwf	___bmul@multiplicand
  4752     086A  084D               	movf	_hr,w
  4753     086B  120A  118A  27ED  120A  158A  	fcall	___bmul
  4754     0870  0777               	addwf	??_extract_time_date,w
  4755     0871  1283               	bcf	3,5	;RP0=0, select bank0
  4756     0872  1303               	bcf	3,6	;RP1=0, select bank0
  4757     0873  00CD               	movwf	_hr
  4758     0874                     l3207:
  4759                           
  4760                           ;digital_timer.c: 78:     min = ((clock_reg[4] >> 4) & 0x0F);
  4761     0874  083C               	movf	_clock_reg+4,w
  4762     0875  00F7               	movwf	??_extract_time_date
  4763     0876  3004               	movlw	4
  4764     0877                     u3405:
  4765     0877  1003               	clrc
  4766     0878  0CF7               	rrf	??_extract_time_date,f
  4767     0879  3EFF               	addlw	-1
  4768     087A  1D03               	skipz
  4769     087B  2877               	goto	u3405
  4770     087C  0877               	movf	??_extract_time_date,w
  4771     087D  00CC               	movwf	_min
  4772     087E                     l3209:
  4773     087E  300F               	movlw	15
  4774     087F  05CC               	andwf	_min,f
  4775                           
  4776                           ;digital_timer.c: 79:     min = min * 10 + (clock_reg[4] & 0x0F);
  4777     0880  300F               	movlw	15
  4778     0881  053C               	andwf	_clock_reg+4,w
  4779     0882  00F7               	movwf	??_extract_time_date
  4780     0883  300A               	movlw	10
  4781     0884  00F2               	movwf	___bmul@multiplicand
  4782     0885  084C               	movf	_min,w
  4783     0886  120A  118A  27ED  120A  158A  	fcall	___bmul
  4784     088B  0777               	addwf	??_extract_time_date,w
  4785     088C  1283               	bcf	3,5	;RP0=0, select bank0
  4786     088D  1303               	bcf	3,6	;RP1=0, select bank0
  4787     088E  00CC               	movwf	_min
  4788     088F                     l3211:
  4789                           
  4790                           ;digital_timer.c: 81:     sec = ((clock_reg[5] >> 4) & 0x0F);
  4791     088F  083D               	movf	_clock_reg+5,w
  4792     0890  00F7               	movwf	??_extract_time_date
  4793     0891  3004               	movlw	4
  4794     0892                     u3415:
  4795     0892  1003               	clrc
  4796     0893  0CF7               	rrf	??_extract_time_date,f
  4797     0894  3EFF               	addlw	-1
  4798     0895  1D03               	skipz
  4799     0896  2892               	goto	u3415
  4800     0897  0877               	movf	??_extract_time_date,w
  4801     0898  00FB               	movwf	_sec
  4802     0899                     l3213:
  4803     0899  300F               	movlw	15
  4804     089A  05FB               	andwf	_sec,f
  4805                           
  4806                           ;digital_timer.c: 82:     sec = sec * 10 + (clock_reg[5] & 0x0F);
  4807     089B  300F               	movlw	15
  4808     089C  053D               	andwf	_clock_reg+5,w
  4809     089D  00F7               	movwf	??_extract_time_date
  4810     089E  300A               	movlw	10
  4811     089F  00F2               	movwf	___bmul@multiplicand
  4812     08A0  087B               	movf	_sec,w
  4813     08A1  120A  118A  27ED  120A  158A  	fcall	___bmul
  4814     08A6  0777               	addwf	??_extract_time_date,w
  4815     08A7  00FB               	movwf	_sec
  4816     08A8                     l3215:
  4817                           
  4818                           ;digital_timer.c: 84:     field = 0;
  4819     08A8  01FA               	clrf	_field
  4820     08A9                     l3217:
  4821                           
  4822                           ;digital_timer.c: 85:     blink_flag = 0;
  4823     08A9  1283               	bcf	3,5	;RP0=0, select bank0
  4824     08AA  1303               	bcf	3,6	;RP1=0, select bank0
  4825     08AB  01CA               	clrf	_blink_flag
  4826     08AC                     l3219:
  4827                           
  4828                           ;digital_timer.c: 86:     delay = 5;
  4829     08AC  3005               	movlw	5
  4830     08AD  00BE               	movwf	_delay
  4831     08AE  3000               	movlw	0
  4832     08AF  00BF               	movwf	_delay+1
  4833     08B0                     l286:
  4834     08B0  0008               	return
  4835     08B1                     __end_of_extract_time_date:
  4836                           
  4837                           	psect	text6
  4838     12CC                     __ptext6:	
  4839 ;; *************** function _read_digital_keypad *****************
  4840 ;; Defined at:
  4841 ;;		line 10 in file "digital_keypad.c"
  4842 ;; Parameters:    Size  Location     Type
  4843 ;;  mode            1    wreg     unsigned char 
  4844 ;; Auto vars:     Size  Location     Type
  4845 ;;  mode            1    3[COMMON] unsigned char 
  4846 ;; Return value:  Size  Location     Type
  4847 ;;                  1    wreg      unsigned char 
  4848 ;; Registers used:
  4849 ;;		wreg, status,2, status,0
  4850 ;; Tracked objects:
  4851 ;;		On entry : 0/0
  4852 ;;		On exit  : 0/0
  4853 ;;		Unchanged: 0/0
  4854 ;; Data sizes:     COMMON   BANK0   BANK1   BANK3   BANK2
  4855 ;;      Params:         0       0       0       0       0
  4856 ;;      Locals:         1       0       0       0       0
  4857 ;;      Temps:          1       0       0       0       0
  4858 ;;      Totals:         2       0       0       0       0
  4859 ;;Total ram usage:        2 bytes
  4860 ;; Hardware stack levels used: 1
  4861 ;; Hardware stack levels required when called: 1
  4862 ;; This function calls:
  4863 ;;		Nothing
  4864 ;; This function is called by:
  4865 ;;		_main
  4866 ;; This function uses a non-reentrant model
  4867 ;;
  4868                           
  4869     12CC                     _read_digital_keypad:	
  4870                           ;psect for function _read_digital_keypad
  4871                           
  4872                           
  4873                           ;incstack = 0
  4874                           ; Regs used in _read_digital_keypad: [wreg+status,2+status,0]
  4875                           ;read_digital_keypad@mode stored from wreg
  4876     12CC  00F3               	movwf	read_digital_keypad@mode
  4877     12CD                     l2465:
  4878                           
  4879                           ;digital_keypad.c: 10: unsigned char read_digital_keypad(unsigned char mode);digital_key
      +                          pad.c: 11: {;digital_keypad.c: 12:     static unsigned char once = 1;;digital_keypad.c: 
      +                          14:     if (mode == 0)
  4880     12CD  0873               	movf	read_digital_keypad@mode,w
  4881     12CE  1D03               	btfss	3,2
  4882     12CF  2AD1               	goto	u2291
  4883     12D0  2AD2               	goto	u2290
  4884     12D1                     u2291:
  4885     12D1  2AD7               	goto	l2473
  4886     12D2                     u2290:
  4887     12D2                     l2467:
  4888                           
  4889                           ;digital_keypad.c: 15:     {;digital_keypad.c: 16:         return PORTB & 0x3F;
  4890     12D2  1283               	bcf	3,5	;RP0=0, select bank0
  4891     12D3  1303               	bcf	3,6	;RP1=0, select bank0
  4892     12D4  0806               	movf	6,w	;volatile
  4893     12D5  393F               	andlw	63
  4894     12D6  2AF5               	goto	l120
  4895     12D7                     l2473:
  4896                           
  4897                           ;digital_keypad.c: 19:     {;digital_keypad.c: 20:         if (((PORTB & 0x3F) != 0x3F) 
      +                          && once)
  4898     12D7  303F               	movlw	63
  4899     12D8  1283               	bcf	3,5	;RP0=0, select bank0
  4900     12D9  1303               	bcf	3,6	;RP1=0, select bank0
  4901     12DA  0506               	andwf	6,w	;volatile
  4902     12DB  00F2               	movwf	??_read_digital_keypad
  4903     12DC  303F               	movlw	63
  4904     12DD  0672               	xorwf	??_read_digital_keypad,w
  4905     12DE  1903               	btfsc	3,2
  4906     12DF  2AE1               	goto	u2301
  4907     12E0  2AE2               	goto	u2300
  4908     12E1                     u2301:
  4909     12E1  2AE9               	goto	l2485
  4910     12E2                     u2300:
  4911     12E2                     l2475:
  4912     12E2  086B               	movf	read_digital_keypad@once,w
  4913     12E3  1903               	btfsc	3,2
  4914     12E4  2AE6               	goto	u2311
  4915     12E5  2AE7               	goto	u2310
  4916     12E6                     u2311:
  4917     12E6  2AE9               	goto	l2485
  4918     12E7                     u2310:
  4919     12E7                     l2477:
  4920                           
  4921                           ;digital_keypad.c: 21:         {;digital_keypad.c: 22:             once = 0;
  4922     12E7  01EB               	clrf	read_digital_keypad@once
  4923     12E8  2AD2               	goto	l2467
  4924     12E9                     l2485:
  4925     12E9  303F               	movlw	63
  4926     12EA  0506               	andwf	6,w	;volatile
  4927     12EB  00F2               	movwf	??_read_digital_keypad
  4928     12EC  303F               	movlw	63
  4929     12ED  0672               	xorwf	??_read_digital_keypad,w
  4930     12EE  1D03               	btfss	3,2
  4931     12EF  2AF1               	goto	u2321
  4932     12F0  2AF2               	goto	u2320
  4933     12F1                     u2321:
  4934     12F1  2AF4               	goto	l2489
  4935     12F2                     u2320:
  4936     12F2                     l2487:
  4937                           
  4938                           ;digital_keypad.c: 27:         {;digital_keypad.c: 28:             once = 1;
  4939     12F2  3001               	movlw	1
  4940     12F3  00EB               	movwf	read_digital_keypad@once
  4941     12F4                     l2489:
  4942                           
  4943                           ;digital_keypad.c: 32:     return 0x3F;
  4944     12F4  303F               	movlw	63
  4945     12F5                     l120:
  4946     12F5  0008               	return
  4947     12F6                     __end_of_read_digital_keypad:
  4948                           
  4949                           	psect	text7
  4950     12A6                     __ptext7:	
  4951 ;; *************** function _init_config *****************
  4952 ;; Defined at:
  4953 ;;		line 39 in file "main.c"
  4954 ;; Parameters:    Size  Location     Type
  4955 ;;		None
  4956 ;; Auto vars:     Size  Location     Type
  4957 ;;		None
  4958 ;; Return value:  Size  Location     Type
  4959 ;;                  1    wreg      void 
  4960 ;; Registers used:
  4961 ;;		wreg, status,2, status,0, pclath, cstack
  4962 ;; Tracked objects:
  4963 ;;		On entry : 0/0
  4964 ;;		On exit  : 0/0
  4965 ;;		Unchanged: 0/0
  4966 ;; Data sizes:     COMMON   BANK0   BANK1   BANK3   BANK2
  4967 ;;      Params:         0       0       0       0       0
  4968 ;;      Locals:         0       0       0       0       0
  4969 ;;      Temps:          0       0       0       0       0
  4970 ;;      Totals:         0       0       0       0       0
  4971 ;;Total ram usage:        0 bytes
  4972 ;; Hardware stack levels used: 1
  4973 ;; Hardware stack levels required when called: 4
  4974 ;; This function calls:
  4975 ;;		_init_clcd
  4976 ;;		_init_digital_keypad
  4977 ;;		_init_ds1307
  4978 ;;		_init_i2c
  4979 ;;		_init_timer2
  4980 ;; This function is called by:
  4981 ;;		_main
  4982 ;; This function uses a non-reentrant model
  4983 ;;
  4984                           
  4985     12A6                     _init_config:	
  4986                           ;psect for function _init_config
  4987                           
  4988     12A6                     l3265:	
  4989                           ;incstack = 0
  4990                           ; Regs used in _init_config: [wreg+status,2+status,0+pclath+cstack]
  4991                           
  4992                           
  4993                           ;main.c: 41:             {
  4994     12A6  3000               	movlw	0
  4995     12A7  1283               	bcf	3,5	;RP0=0, select bank0
  4996     12A8  1303               	bcf	3,6	;RP1=0, select bank0
  4997     12A9  00DB               	movwf	init_i2c@baud+3
  4998     12AA  3001               	movlw	1
  4999     12AB  00DA               	movwf	init_i2c@baud+2
  5000     12AC  3086               	movlw	134
  5001     12AD  00D9               	movwf	init_i2c@baud+1
  5002     12AE  30A0               	movlw	160
  5003     12AF  00D8               	movwf	init_i2c@baud
  5004     12B0  160A  118A  234C  160A  118A  	fcall	_init_i2c
  5005                           
  5006                           ;main.c: 43:                 press_time = 0;
  5007     12B5  160A  118A  21F5  160A  118A  	fcall	_init_ds1307
  5008                           
  5009                           ;main.c: 45:             key = 0x03;
  5010     12BA  160A  118A  21BF  160A  118A  	fcall	_init_clcd
  5011                           
  5012                           ;main.c: 47:         else
  5013     12BF  160A  118A  2189  160A  118A  	fcall	_init_digital_keypad
  5014     12C4                     l3267:
  5015                           
  5016                           ;main.c: 49:             if(prev_key != 0x3F)
  5017     12C4  160A  118A  21D7  160A  118A  	fcall	_init_timer2
  5018     12C9                     l3269:
  5019                           
  5020                           ;main.c: 52:                 {
  5021     12C9  170B               	bsf	11,6	;volatile
  5022     12CA                     l3271:
  5023                           
  5024                           ;main.c: 53:                     switch(prev_key)
  5025     12CA  178B               	bsf	11,7	;volatile
  5026     12CB                     l35:
  5027     12CB  0008               	return
  5028     12CC                     __end_of_init_config:
  5029                           
  5030                           	psect	text8
  5031     11D7                     __ptext8:	
  5032 ;; *************** function _init_timer2 *****************
  5033 ;; Defined at:
  5034 ;;		line 3 in file "timers.c"
  5035 ;; Parameters:    Size  Location     Type
  5036 ;;		None
  5037 ;; Auto vars:     Size  Location     Type
  5038 ;;		None
  5039 ;; Return value:  Size  Location     Type
  5040 ;;                  1    wreg      void 
  5041 ;; Registers used:
  5042 ;;		None
  5043 ;; Tracked objects:
  5044 ;;		On entry : 0/0
  5045 ;;		On exit  : 0/0
  5046 ;;		Unchanged: 0/0
  5047 ;; Data sizes:     COMMON   BANK0   BANK1   BANK3   BANK2
  5048 ;;      Params:         0       0       0       0       0
  5049 ;;      Locals:         0       0       0       0       0
  5050 ;;      Temps:          0       0       0       0       0
  5051 ;;      Totals:         0       0       0       0       0
  5052 ;;Total ram usage:        0 bytes
  5053 ;; Hardware stack levels used: 1
  5054 ;; Hardware stack levels required when called: 1
  5055 ;; This function calls:
  5056 ;;		Nothing
  5057 ;; This function is called by:
  5058 ;;		_init_config
  5059 ;; This function uses a non-reentrant model
  5060 ;;
  5061                           
  5062     11D7                     _init_timer2:	
  5063                           ;psect for function _init_timer2
  5064                           
  5065     11D7                     l2373:	
  5066                           ;incstack = 0
  5067                           ; Regs used in _init_timer2: []
  5068                           
  5069                           
  5070                           ;timers.c: 6:     T2CKPS0 = 1;
  5071     11D7  1283               	bcf	3,5	;RP0=0, select bank0
  5072     11D8  1303               	bcf	3,6	;RP1=0, select bank0
  5073     11D9  1412               	bsf	18,0	;volatile
  5074                           
  5075                           ;timers.c: 7:     T2CKPS1 = 1;
  5076     11DA  1492               	bsf	18,1	;volatile
  5077                           
  5078                           ;timers.c: 10:     PR2 = 250;
  5079     11DB  30FA               	movlw	250
  5080     11DC  1683               	bsf	3,5	;RP0=1, select bank1
  5081     11DD  1303               	bcf	3,6	;RP1=0, select bank1
  5082     11DE  0092               	movwf	18	;volatile
  5083                           
  5084                           ;timers.c: 13:     TMR2IE = 1;
  5085     11DF  148C               	bsf	12,1	;volatile
  5086                           
  5087                           ;timers.c: 16:     TMR2ON = 0;
  5088     11E0  1283               	bcf	3,5	;RP0=0, select bank0
  5089     11E1  1303               	bcf	3,6	;RP1=0, select bank0
  5090     11E2  1112               	bcf	18,2	;volatile
  5091     11E3                     l226:
  5092     11E3  0008               	return
  5093     11E4                     __end_of_init_timer2:
  5094                           
  5095                           	psect	text9
  5096     134C                     __ptext9:	
  5097 ;; *************** function _init_i2c *****************
  5098 ;; Defined at:
  5099 ;;		line 4 in file "i2c.c"
  5100 ;; Parameters:    Size  Location     Type
  5101 ;;  baud            4    8[BANK0 ] unsigned long 
  5102 ;; Auto vars:     Size  Location     Type
  5103 ;;		None
  5104 ;; Return value:  Size  Location     Type
  5105 ;;                  1    wreg      void 
  5106 ;; Registers used:
  5107 ;;		wreg, status,2, status,0, pclath, cstack
  5108 ;; Tracked objects:
  5109 ;;		On entry : 0/0
  5110 ;;		On exit  : 0/0
  5111 ;;		Unchanged: 0/0
  5112 ;; Data sizes:     COMMON   BANK0   BANK1   BANK3   BANK2
  5113 ;;      Params:         0       4       0       0       0
  5114 ;;      Locals:         0       0       0       0       0
  5115 ;;      Temps:          0       4       0       0       0
  5116 ;;      Totals:         0       8       0       0       0
  5117 ;;Total ram usage:        8 bytes
  5118 ;; Hardware stack levels used: 1
  5119 ;; Hardware stack levels required when called: 2
  5120 ;; This function calls:
  5121 ;;		___lldiv
  5122 ;; This function is called by:
  5123 ;;		_init_config
  5124 ;; This function uses a non-reentrant model
  5125 ;;
  5126                           
  5127     134C                     _init_i2c:	
  5128                           ;psect for function _init_i2c
  5129                           
  5130     134C                     l3183:	
  5131                           ;incstack = 0
  5132                           ; Regs used in _init_i2c: [wreg+status,2+status,0+pclath+cstack]
  5133                           
  5134                           
  5135                           ;i2c.c: 4: void init_i2c(unsigned long baud);i2c.c: 5: {;i2c.c: 7:     SSPM3 = 1;
  5136     134C  1283               	bcf	3,5	;RP0=0, select bank0
  5137     134D  1303               	bcf	3,6	;RP1=0, select bank0
  5138     134E  1594               	bsf	20,3	;volatile
  5139     134F                     l3185:
  5140                           
  5141                           ;i2c.c: 10:     SSPADD = (unsigned char)(20000000 / (4 * baud)) - 1;
  5142     134F  0858               	movf	init_i2c@baud,w
  5143     1350  00DC               	movwf	??_init_i2c
  5144     1351  0859               	movf	init_i2c@baud+1,w
  5145     1352  00DD               	movwf	??_init_i2c+1
  5146     1353  085A               	movf	init_i2c@baud+2,w
  5147     1354  00DE               	movwf	??_init_i2c+2
  5148     1355  085B               	movf	init_i2c@baud+3,w
  5149     1356  00DF               	movwf	??_init_i2c+3
  5150     1357  3002               	movlw	2
  5151     1358                     u3355:
  5152     1358  1003               	clrc
  5153     1359  0DDC               	rlf	??_init_i2c,f
  5154     135A  0DDD               	rlf	??_init_i2c+1,f
  5155     135B  0DDE               	rlf	??_init_i2c+2,f
  5156     135C  0DDF               	rlf	??_init_i2c+3,f
  5157     135D                     u3350:
  5158     135D  3EFF               	addlw	-1
  5159     135E  1D03               	skipz
  5160     135F  2B58               	goto	u3355
  5161     1360  085F               	movf	??_init_i2c+3,w
  5162     1361  00D3               	movwf	___lldiv@divisor+3
  5163     1362  085E               	movf	??_init_i2c+2,w
  5164     1363  00D2               	movwf	___lldiv@divisor+2
  5165     1364  085D               	movf	??_init_i2c+1,w
  5166     1365  00D1               	movwf	___lldiv@divisor+1
  5167     1366  085C               	movf	??_init_i2c,w
  5168     1367  00D0               	movwf	___lldiv@divisor
  5169     1368  3001               	movlw	1
  5170     1369  00D7               	movwf	___lldiv@dividend+3
  5171     136A  3031               	movlw	49
  5172     136B  00D6               	movwf	___lldiv@dividend+2
  5173     136C  302D               	movlw	45
  5174     136D  00D5               	movwf	___lldiv@dividend+1
  5175     136E  3000               	movlw	0
  5176     136F  00D4               	movwf	___lldiv@dividend
  5177     1370  160A  118A  252F  160A  118A  	fcall	___lldiv
  5178     1375  1283               	bcf	3,5	;RP0=0, select bank0
  5179     1376  1303               	bcf	3,6	;RP1=0, select bank0
  5180     1377  0850               	movf	?___lldiv,w
  5181     1378  3EFF               	addlw	255
  5182     1379  1683               	bsf	3,5	;RP0=1, select bank1
  5183     137A  1303               	bcf	3,6	;RP1=0, select bank1
  5184     137B  0093               	movwf	19	;volatile
  5185     137C                     l3187:
  5186                           
  5187                           ;i2c.c: 13:     SSPEN = 1;
  5188     137C  1283               	bcf	3,5	;RP0=0, select bank0
  5189     137D  1303               	bcf	3,6	;RP1=0, select bank0
  5190     137E  1694               	bsf	20,5	;volatile
  5191     137F                     l176:
  5192     137F  0008               	return
  5193     1380                     __end_of_init_i2c:
  5194                           
  5195                           	psect	text10
  5196     152F                     __ptext10:	
  5197 ;; *************** function ___lldiv *****************
  5198 ;; Defined at:
  5199 ;;		line 5 in file "C:\Program Files\Microchip\xc8\v3.10\pic\sources\c99\common\__lldiv.c"
  5200 ;; Parameters:    Size  Location     Type
  5201 ;;  divisor         4    0[BANK0 ] unsigned long 
  5202 ;;  dividend        4    4[BANK0 ] unsigned long 
  5203 ;; Auto vars:     Size  Location     Type
  5204 ;;  quotient        4    3[COMMON] unsigned long 
  5205 ;;  counter         1    7[COMMON] unsigned char 
  5206 ;; Return value:  Size  Location     Type
  5207 ;;                  4    0[BANK0 ] unsigned long 
  5208 ;; Registers used:
  5209 ;;		wreg, status,2, status,0
  5210 ;; Tracked objects:
  5211 ;;		On entry : 0/0
  5212 ;;		On exit  : 0/0
  5213 ;;		Unchanged: 0/0
  5214 ;; Data sizes:     COMMON   BANK0   BANK1   BANK3   BANK2
  5215 ;;      Params:         0       8       0       0       0
  5216 ;;      Locals:         5       0       0       0       0
  5217 ;;      Temps:          1       0       0       0       0
  5218 ;;      Totals:         6       8       0       0       0
  5219 ;;Total ram usage:       14 bytes
  5220 ;; Hardware stack levels used: 1
  5221 ;; Hardware stack levels required when called: 1
  5222 ;; This function calls:
  5223 ;;		Nothing
  5224 ;; This function is called by:
  5225 ;;		_init_i2c
  5226 ;; This function uses a non-reentrant model
  5227 ;;
  5228                           
  5229     152F                     ___lldiv:	
  5230                           ;psect for function ___lldiv
  5231                           
  5232     152F                     l3159:	
  5233                           ;incstack = 0
  5234                           ; Regs used in ___lldiv: [wreg+status,2+status,0]
  5235                           
  5236     152F  3000               	movlw	0
  5237     1530  00F6               	movwf	___lldiv@quotient+3
  5238     1531  3000               	movlw	0
  5239     1532  00F5               	movwf	___lldiv@quotient+2
  5240     1533  3000               	movlw	0
  5241     1534  00F4               	movwf	___lldiv@quotient+1
  5242     1535  3000               	movlw	0
  5243     1536  00F3               	movwf	___lldiv@quotient
  5244     1537  1283               	bcf	3,5	;RP0=0, select bank0
  5245     1538  1303               	bcf	3,6	;RP1=0, select bank0
  5246     1539  0853               	movf	___lldiv@divisor+3,w
  5247     153A  0452               	iorwf	___lldiv@divisor+2,w
  5248     153B  0451               	iorwf	___lldiv@divisor+1,w
  5249     153C  0450               	iorwf	___lldiv@divisor,w
  5250     153D  1903               	skipnz
  5251     153E  2D40               	goto	u3281
  5252     153F  2D41               	goto	u3280
  5253     1540                     u3281:
  5254     1540  2D8C               	goto	l3179
  5255     1541                     u3280:
  5256     1541                     l3161:
  5257     1541  3001               	movlw	1
  5258     1542  00F7               	movwf	___lldiv@counter
  5259     1543  2D4F               	goto	l3165
  5260     1544                     l3163:
  5261     1544  3001               	movlw	1
  5262     1545  00F2               	movwf	??___lldiv
  5263     1546                     u3295:
  5264     1546  1003               	clrc
  5265     1547  0DD0               	rlf	___lldiv@divisor,f
  5266     1548  0DD1               	rlf	___lldiv@divisor+1,f
  5267     1549  0DD2               	rlf	___lldiv@divisor+2,f
  5268     154A  0DD3               	rlf	___lldiv@divisor+3,f
  5269     154B  0BF2               	decfsz	??___lldiv,f
  5270     154C  2D46               	goto	u3295
  5271     154D  3001               	movlw	1
  5272     154E  07F7               	addwf	___lldiv@counter,f
  5273     154F                     l3165:
  5274     154F  1FD3               	btfss	___lldiv@divisor+3,7
  5275     1550  2D52               	goto	u3301
  5276     1551  2D53               	goto	u3300
  5277     1552                     u3301:
  5278     1552  2D44               	goto	l3163
  5279     1553                     u3300:
  5280     1553                     l3167:
  5281     1553  3001               	movlw	1
  5282     1554  00F2               	movwf	??___lldiv
  5283     1555                     u3315:
  5284     1555  1003               	clrc
  5285     1556  0DF3               	rlf	___lldiv@quotient,f
  5286     1557  0DF4               	rlf	___lldiv@quotient+1,f
  5287     1558  0DF5               	rlf	___lldiv@quotient+2,f
  5288     1559  0DF6               	rlf	___lldiv@quotient+3,f
  5289     155A  0BF2               	decfsz	??___lldiv,f
  5290     155B  2D55               	goto	u3315
  5291     155C                     l3169:
  5292     155C  0853               	movf	___lldiv@divisor+3,w
  5293     155D  0257               	subwf	___lldiv@dividend+3,w
  5294     155E  1D03               	skipz
  5295     155F  2D6A               	goto	u3325
  5296     1560  0852               	movf	___lldiv@divisor+2,w
  5297     1561  0256               	subwf	___lldiv@dividend+2,w
  5298     1562  1D03               	skipz
  5299     1563  2D6A               	goto	u3325
  5300     1564  0851               	movf	___lldiv@divisor+1,w
  5301     1565  0255               	subwf	___lldiv@dividend+1,w
  5302     1566  1D03               	skipz
  5303     1567  2D6A               	goto	u3325
  5304     1568  0850               	movf	___lldiv@divisor,w
  5305     1569  0254               	subwf	___lldiv@dividend,w
  5306     156A                     u3325:
  5307     156A  1C03               	skipc
  5308     156B  2D6D               	goto	u3321
  5309     156C  2D6E               	goto	u3320
  5310     156D                     u3321:
  5311     156D  2D7D               	goto	l3175
  5312     156E                     u3320:
  5313     156E                     l3171:
  5314     156E  0850               	movf	___lldiv@divisor,w
  5315     156F  02D4               	subwf	___lldiv@dividend,f
  5316     1570  0851               	movf	___lldiv@divisor+1,w
  5317     1571  1C03               	skipc
  5318     1572  0F51               	incfsz	___lldiv@divisor+1,w
  5319     1573  02D5               	subwf	___lldiv@dividend+1,f
  5320     1574  0852               	movf	___lldiv@divisor+2,w
  5321     1575  1C03               	skipc
  5322     1576  0F52               	incfsz	___lldiv@divisor+2,w
  5323     1577  02D6               	subwf	___lldiv@dividend+2,f
  5324     1578  0853               	movf	___lldiv@divisor+3,w
  5325     1579  1C03               	skipc
  5326     157A  0F53               	incfsz	___lldiv@divisor+3,w
  5327     157B  02D7               	subwf	___lldiv@dividend+3,f
  5328     157C                     l3173:
  5329     157C  1473               	bsf	___lldiv@quotient,0
  5330     157D                     l3175:
  5331     157D  3001               	movlw	1
  5332     157E                     u3335:
  5333     157E  1003               	clrc
  5334     157F  0CD3               	rrf	___lldiv@divisor+3,f
  5335     1580  0CD2               	rrf	___lldiv@divisor+2,f
  5336     1581  0CD1               	rrf	___lldiv@divisor+1,f
  5337     1582  0CD0               	rrf	___lldiv@divisor,f
  5338     1583  3EFF               	addlw	-1
  5339     1584  1D03               	skipz
  5340     1585  2D7E               	goto	u3335
  5341     1586                     l3177:
  5342     1586  3001               	movlw	1
  5343     1587  02F7               	subwf	___lldiv@counter,f
  5344     1588  1D03               	btfss	3,2
  5345     1589  2D8B               	goto	u3341
  5346     158A  2D8C               	goto	u3340
  5347     158B                     u3341:
  5348     158B  2D53               	goto	l3167
  5349     158C                     u3340:
  5350     158C                     l3179:
  5351     158C  0876               	movf	___lldiv@quotient+3,w
  5352     158D  00D3               	movwf	?___lldiv+3
  5353     158E  0875               	movf	___lldiv@quotient+2,w
  5354     158F  00D2               	movwf	?___lldiv+2
  5355     1590  0874               	movf	___lldiv@quotient+1,w
  5356     1591  00D1               	movwf	?___lldiv+1
  5357     1592  0873               	movf	___lldiv@quotient,w
  5358     1593  00D0               	movwf	?___lldiv
  5359     1594                     l573:
  5360     1594  0008               	return
  5361     1595                     __end_of___lldiv:
  5362                           
  5363                           	psect	text11
  5364     11F5                     __ptext11:	
  5365 ;; *************** function _init_ds1307 *****************
  5366 ;; Defined at:
  5367 ;;		line 5 in file "ds1307.c"
  5368 ;; Parameters:    Size  Location     Type
  5369 ;;		None
  5370 ;; Auto vars:     Size  Location     Type
  5371 ;;  dummy           1    6[COMMON] unsigned char 
  5372 ;; Return value:  Size  Location     Type
  5373 ;;                  1    wreg      void 
  5374 ;; Registers used:
  5375 ;;		wreg, status,2, status,0, pclath, cstack
  5376 ;; Tracked objects:
  5377 ;;		On entry : 0/0
  5378 ;;		On exit  : 0/0
  5379 ;;		Unchanged: 0/0
  5380 ;; Data sizes:     COMMON   BANK0   BANK1   BANK3   BANK2
  5381 ;;      Params:         0       0       0       0       0
  5382 ;;      Locals:         1       0       0       0       0
  5383 ;;      Temps:          0       0       0       0       0
  5384 ;;      Totals:         1       0       0       0       0
  5385 ;;Total ram usage:        1 bytes
  5386 ;; Hardware stack levels used: 1
  5387 ;; Hardware stack levels required when called: 3
  5388 ;; This function calls:
  5389 ;;		_read_ds1307
  5390 ;;		_write_ds1307
  5391 ;; This function is called by:
  5392 ;;		_init_config
  5393 ;; This function uses a non-reentrant model
  5394 ;;
  5395                           
  5396     11F5                     _init_ds1307:	
  5397                           ;psect for function _init_ds1307
  5398                           
  5399     11F5                     l2357:	
  5400                           ;incstack = 0
  5401                           ; Regs used in _init_ds1307: [wreg+status,2+status,0+pclath+cstack]
  5402                           
  5403                           
  5404                           ;ds1307.c: 7:     unsigned char dummy;;ds1307.c: 9:     dummy = read_ds1307(0x00);
  5405     11F5  3000               	movlw	0
  5406     11F6  160A  118A  2321  160A  118A  	fcall	_read_ds1307
  5407     11FB  00F6               	movwf	init_ds1307@dummy
  5408     11FC                     l2359:
  5409                           
  5410                           ;ds1307.c: 10:     dummy = dummy & 0x7F;
  5411     11FC  307F               	movlw	127
  5412     11FD  05F6               	andwf	init_ds1307@dummy,f
  5413     11FE                     l2361:
  5414                           
  5415                           ;ds1307.c: 11:     write_ds1307(0x00, dummy);
  5416     11FE  0876               	movf	init_ds1307@dummy,w
  5417     11FF  00F3               	movwf	write_ds1307@data
  5418     1200  3000               	movlw	0
  5419     1201  160A  118A  221C  160A  118A  	fcall	_write_ds1307
  5420     1206                     l141:
  5421     1206  0008               	return
  5422     1207                     __end_of_init_ds1307:
  5423                           
  5424                           	psect	text12
  5425     121C                     __ptext12:	
  5426 ;; *************** function _write_ds1307 *****************
  5427 ;; Defined at:
  5428 ;;		line 29 in file "ds1307.c"
  5429 ;; Parameters:    Size  Location     Type
  5430 ;;  addr            1    wreg     unsigned char 
  5431 ;;  data            1    3[COMMON] unsigned char 
  5432 ;; Auto vars:     Size  Location     Type
  5433 ;;  addr            1    4[COMMON] unsigned char 
  5434 ;; Return value:  Size  Location     Type
  5435 ;;                  1    wreg      void 
  5436 ;; Registers used:
  5437 ;;		wreg, status,2, status,0, pclath, cstack
  5438 ;; Tracked objects:
  5439 ;;		On entry : 0/0
  5440 ;;		On exit  : 0/0
  5441 ;;		Unchanged: 0/0
  5442 ;; Data sizes:     COMMON   BANK0   BANK1   BANK3   BANK2
  5443 ;;      Params:         1       0       0       0       0
  5444 ;;      Locals:         1       0       0       0       0
  5445 ;;      Temps:          0       0       0       0       0
  5446 ;;      Totals:         2       0       0       0       0
  5447 ;;Total ram usage:        2 bytes
  5448 ;; Hardware stack levels used: 1
  5449 ;; Hardware stack levels required when called: 1
  5450 ;; This function calls:
  5451 ;;		_i2c_start
  5452 ;;		_i2c_stop
  5453 ;;		_i2c_write
  5454 ;; This function is called by:
  5455 ;;		_init_ds1307
  5456 ;;		_save_time_date
  5457 ;; This function uses a non-reentrant model
  5458 ;;
  5459                           
  5460     121C                     _write_ds1307:	
  5461                           ;psect for function _write_ds1307
  5462                           
  5463                           
  5464                           ;incstack = 0
  5465                           ; Regs used in _write_ds1307: [wreg+status,2+status,0+pclath+cstack]
  5466                           ;write_ds1307@addr stored from wreg
  5467     121C  00F4               	movwf	write_ds1307@addr
  5468     121D                     l2209:
  5469                           
  5470                           ;ds1307.c: 29: void write_ds1307(unsigned char addr, unsigned char data);ds1307.c: 30: {
      +                          ;ds1307.c: 31:     i2c_start();
  5471     121D  160A  118A  2197  160A  118A  	fcall	_i2c_start
  5472                           
  5473                           ;ds1307.c: 32:     i2c_write(0b11010000);
  5474     1222  30D0               	movlw	208
  5475     1223  160A  118A  21B4  160A  118A  	fcall	_i2c_write
  5476                           
  5477                           ;ds1307.c: 33:     i2c_write(addr);
  5478     1228  0874               	movf	write_ds1307@addr,w
  5479     1229  160A  118A  21B4  160A  118A  	fcall	_i2c_write
  5480                           
  5481                           ;ds1307.c: 34:     i2c_write(data);
  5482     122E  0873               	movf	write_ds1307@data,w
  5483     122F  160A  118A  21B4  160A  118A  	fcall	_i2c_write
  5484                           
  5485                           ;ds1307.c: 35:     i2c_stop();
  5486     1234  160A  118A  21A0  160A  118A  	fcall	_i2c_stop
  5487     1239                     l147:
  5488     1239  0008               	return
  5489     123A                     __end_of_write_ds1307:
  5490                           
  5491                           	psect	text13
  5492     1189                     __ptext13:	
  5493 ;; *************** function _init_digital_keypad *****************
  5494 ;; Defined at:
  5495 ;;		line 4 in file "digital_keypad.c"
  5496 ;; Parameters:    Size  Location     Type
  5497 ;;		None
  5498 ;; Auto vars:     Size  Location     Type
  5499 ;;		None
  5500 ;; Return value:  Size  Location     Type
  5501 ;;                  1    wreg      void 
  5502 ;; Registers used:
  5503 ;;		wreg, status,2
  5504 ;; Tracked objects:
  5505 ;;		On entry : 0/0
  5506 ;;		On exit  : 0/0
  5507 ;;		Unchanged: 0/0
  5508 ;; Data sizes:     COMMON   BANK0   BANK1   BANK3   BANK2
  5509 ;;      Params:         0       0       0       0       0
  5510 ;;      Locals:         0       0       0       0       0
  5511 ;;      Temps:          0       0       0       0       0
  5512 ;;      Totals:         0       0       0       0       0
  5513 ;;Total ram usage:        0 bytes
  5514 ;; Hardware stack levels used: 1
  5515 ;; Hardware stack levels required when called: 1
  5516 ;; This function calls:
  5517 ;;		Nothing
  5518 ;; This function is called by:
  5519 ;;		_init_config
  5520 ;; This function uses a non-reentrant model
  5521 ;;
  5522                           
  5523     1189                     _init_digital_keypad:	
  5524                           ;psect for function _init_digital_keypad
  5525                           
  5526     1189                     l2371:	
  5527                           ;incstack = 0
  5528                           ; Regs used in _init_digital_keypad: [wreg+status,2]
  5529                           
  5530                           
  5531                           ;digital_keypad.c: 7:     TRISB = TRISB | 0x3F;
  5532     1189  1683               	bsf	3,5	;RP0=1, select bank1
  5533     118A  1303               	bcf	3,6	;RP1=0, select bank1
  5534     118B  0806               	movf	6,w	;volatile
  5535     118C  383F               	iorlw	63
  5536     118D  0086               	movwf	6	;volatile
  5537     118E                     l114:
  5538     118E  0008               	return
  5539     118F                     __end_of_init_digital_keypad:
  5540                           
  5541                           	psect	text14
  5542     11BF                     __ptext14:	
  5543 ;; *************** function _init_clcd *****************
  5544 ;; Defined at:
  5545 ;;		line 44 in file "clcd.c"
  5546 ;; Parameters:    Size  Location     Type
  5547 ;;		None
  5548 ;; Auto vars:     Size  Location     Type
  5549 ;;		None
  5550 ;; Return value:  Size  Location     Type
  5551 ;;                  1    wreg      void 
  5552 ;; Registers used:
  5553 ;;		wreg, status,2, status,0, pclath, cstack
  5554 ;; Tracked objects:
  5555 ;;		On entry : 0/0
  5556 ;;		On exit  : 0/0
  5557 ;;		Unchanged: 0/0
  5558 ;; Data sizes:     COMMON   BANK0   BANK1   BANK3   BANK2
  5559 ;;      Params:         0       0       0       0       0
  5560 ;;      Locals:         0       0       0       0       0
  5561 ;;      Temps:          0       0       0       0       0
  5562 ;;      Totals:         0       0       0       0       0
  5563 ;;Total ram usage:        0 bytes
  5564 ;; Hardware stack levels used: 1
  5565 ;; Hardware stack levels required when called: 3
  5566 ;; This function calls:
  5567 ;;		_init_display_controller
  5568 ;; This function is called by:
  5569 ;;		_init_config
  5570 ;; This function uses a non-reentrant model
  5571 ;;
  5572                           
  5573     11BF                     _init_clcd:	
  5574                           ;psect for function _init_clcd
  5575                           
  5576     11BF                     l2363:	
  5577                           ;incstack = 0
  5578                           ; Regs used in _init_clcd: [wreg+status,2+status,0+pclath+cstack]
  5579                           
  5580                           
  5581                           ;clcd.c: 47:     TRISD = 0x00;
  5582     11BF  1683               	bsf	3,5	;RP0=1, select bank1
  5583     11C0  1303               	bcf	3,6	;RP1=0, select bank1
  5584     11C1  0188               	clrf	8	;volatile
  5585     11C2                     l2365:
  5586                           
  5587                           ;clcd.c: 50:     TRISE2 = 0;
  5588     11C2  1109               	bcf	9,2	;volatile
  5589     11C3                     l2367:
  5590                           
  5591                           ;clcd.c: 51:     TRISE1 = 0;
  5592     11C3  1089               	bcf	9,1	;volatile
  5593     11C4                     l2369:
  5594                           
  5595                           ;clcd.c: 53:     init_display_controller();
  5596     11C4  160A  118A  2467  160A  118A  	fcall	_init_display_controller
  5597     11C9                     l95:
  5598     11C9  0008               	return
  5599     11CA                     __end_of_init_clcd:
  5600                           
  5601                           	psect	text15
  5602     1467                     __ptext15:	
  5603 ;; *************** function _init_display_controller *****************
  5604 ;; Defined at:
  5605 ;;		line 21 in file "clcd.c"
  5606 ;; Parameters:    Size  Location     Type
  5607 ;;		None
  5608 ;; Auto vars:     Size  Location     Type
  5609 ;;		None
  5610 ;; Return value:  Size  Location     Type
  5611 ;;                  1    wreg      void 
  5612 ;; Registers used:
  5613 ;;		wreg, status,2, status,0, pclath, cstack
  5614 ;; Tracked objects:
  5615 ;;		On entry : 0/0
  5616 ;;		On exit  : 0/0
  5617 ;;		Unchanged: 0/0
  5618 ;; Data sizes:     COMMON   BANK0   BANK1   BANK3   BANK2
  5619 ;;      Params:         0       0       0       0       0
  5620 ;;      Locals:         0       0       0       0       0
  5621 ;;      Temps:          2       0       0       0       0
  5622 ;;      Totals:         2       0       0       0       0
  5623 ;;Total ram usage:        2 bytes
  5624 ;; Hardware stack levels used: 1
  5625 ;; Hardware stack levels required when called: 2
  5626 ;; This function calls:
  5627 ;;		_clcd_write
  5628 ;; This function is called by:
  5629 ;;		_init_clcd
  5630 ;; This function uses a non-reentrant model
  5631 ;;
  5632                           
  5633     1467                     _init_display_controller:	
  5634                           ;psect for function _init_display_controller
  5635                           
  5636     1467                     l2175:	
  5637                           ;incstack = 0
  5638                           ; Regs used in _init_display_controller: [wreg+status,2+status,0+pclath+cstack]
  5639                           
  5640                           
  5641                           ;clcd.c: 24:     _delay((unsigned long)((30)*(20000000/4000.0)));
  5642     1467  30C3               	movlw	195
  5643     1468  00F7               	movwf	??_init_display_controller+1
  5644     1469  30CD               	movlw	205
  5645     146A  00F6               	movwf	??_init_display_controller
  5646     146B                     u4347:
  5647     146B  0BF6               	decfsz	??_init_display_controller,f
  5648     146C  2C6B               	goto	u4347
  5649     146D  0BF7               	decfsz	??_init_display_controller+1,f
  5650     146E  2C6B               	goto	u4347
  5651     146F                     l2177:
  5652                           
  5653                           ;clcd.c: 27:     clcd_write(0x33, 0);
  5654     146F  01F2               	clrf	clcd_write@mode
  5655     1470  3033               	movlw	51
  5656     1471  160A  118A  2380  160A  118A  	fcall	_clcd_write
  5657     1476                     l2179:
  5658                           
  5659                           ;clcd.c: 28:     _delay((unsigned long)((4100)*(20000000/4000000.0)));
  5660     1476  301B               	movlw	27
  5661     1477  00F7               	movwf	??_init_display_controller+1
  5662     1478  309E               	movlw	158
  5663     1479  00F6               	movwf	??_init_display_controller
  5664     147A                     u4357:
  5665     147A  0BF6               	decfsz	??_init_display_controller,f
  5666     147B  2C7A               	goto	u4357
  5667     147C  0BF7               	decfsz	??_init_display_controller+1,f
  5668     147D  2C7A               	goto	u4357
  5669     147E  0000               	nop
  5670                           
  5671                           ;clcd.c: 29:     clcd_write(0x33, 0);
  5672     147F  01F2               	clrf	clcd_write@mode
  5673     1480  3033               	movlw	51
  5674     1481  160A  118A  2380  160A  118A  	fcall	_clcd_write
  5675     1486                     l2181:
  5676                           
  5677                           ;clcd.c: 30:     _delay((unsigned long)((100)*(20000000/4000000.0)));
  5678     1486  30A6               	movlw	166
  5679     1487  00F6               	movwf	??_init_display_controller
  5680     1488                     u4367:
  5681     1488  0BF6               	decfsz	??_init_display_controller,f
  5682     1489  2C88               	goto	u4367
  5683     148A  0000               	nop
  5684     148B                     l2183:
  5685                           
  5686                           ;clcd.c: 31:     clcd_write(0x33, 0);
  5687     148B  01F2               	clrf	clcd_write@mode
  5688     148C  3033               	movlw	51
  5689     148D  160A  118A  2380  160A  118A  	fcall	_clcd_write
  5690     1492                     l2185:
  5691                           
  5692                           ;clcd.c: 32:     _delay((unsigned long)((1)*(20000000/4000000.0)));
  5693     1492  2C93               	nop2	;2 cycle nop
  5694     1493  2C94               	nop2	;2 cycle nop
  5695     1494  0000               	nop
  5696     1495                     l2187:
  5697                           
  5698                           ;clcd.c: 34:     clcd_write(0x02, 0);
  5699     1495  01F2               	clrf	clcd_write@mode
  5700     1496  3002               	movlw	2
  5701     1497  160A  118A  2380  160A  118A  	fcall	_clcd_write
  5702     149C                     l2189:
  5703                           
  5704                           ;clcd.c: 35:     _delay((unsigned long)((100)*(20000000/4000000.0)));
  5705     149C  30A6               	movlw	166
  5706     149D  00F6               	movwf	??_init_display_controller
  5707     149E                     u4377:
  5708     149E  0BF6               	decfsz	??_init_display_controller,f
  5709     149F  2C9E               	goto	u4377
  5710     14A0  0000               	nop
  5711                           
  5712                           ;clcd.c: 36:     clcd_write(0x28, 0);
  5713     14A1  01F2               	clrf	clcd_write@mode
  5714     14A2  3028               	movlw	40
  5715     14A3  160A  118A  2380  160A  118A  	fcall	_clcd_write
  5716     14A8                     l2191:
  5717                           
  5718                           ;clcd.c: 37:     _delay((unsigned long)((100)*(20000000/4000000.0)));
  5719     14A8  30A6               	movlw	166
  5720     14A9  00F6               	movwf	??_init_display_controller
  5721     14AA                     u4387:
  5722     14AA  0BF6               	decfsz	??_init_display_controller,f
  5723     14AB  2CAA               	goto	u4387
  5724     14AC  0000               	nop
  5725     14AD                     l2193:
  5726                           
  5727                           ;clcd.c: 38:     clcd_write(0x01, 0);
  5728     14AD  01F2               	clrf	clcd_write@mode
  5729     14AE  3001               	movlw	1
  5730     14AF  160A  118A  2380  160A  118A  	fcall	_clcd_write
  5731                           
  5732                           ;clcd.c: 39:     _delay((unsigned long)((500)*(20000000/4000000.0)));
  5733     14B4  3004               	movlw	4
  5734     14B5  00F7               	movwf	??_init_display_controller+1
  5735     14B6  303D               	movlw	61
  5736     14B7  00F6               	movwf	??_init_display_controller
  5737     14B8                     u4397:
  5738     14B8  0BF6               	decfsz	??_init_display_controller,f
  5739     14B9  2CB8               	goto	u4397
  5740     14BA  0BF7               	decfsz	??_init_display_controller+1,f
  5741     14BB  2CB8               	goto	u4397
  5742     14BC  2CBD               	nop2
  5743     14BD                     l2195:
  5744                           
  5745                           ;clcd.c: 40:     clcd_write(0x0C, 0);
  5746     14BD  01F2               	clrf	clcd_write@mode
  5747     14BE  300C               	movlw	12
  5748     14BF  160A  118A  2380  160A  118A  	fcall	_clcd_write
  5749     14C4                     l2197:
  5750                           
  5751                           ;clcd.c: 41:     _delay((unsigned long)((100)*(20000000/4000000.0)));
  5752     14C4  30A6               	movlw	166
  5753     14C5  00F6               	movwf	??_init_display_controller
  5754     14C6                     u4407:
  5755     14C6  0BF6               	decfsz	??_init_display_controller,f
  5756     14C7  2CC6               	goto	u4407
  5757     14C8  0000               	nop
  5758     14C9                     l92:
  5759     14C9  0008               	return
  5760     14CA                     __end_of_init_display_controller:
  5761                           
  5762                           	psect	text16
  5763     1601                     __ptext16:	
  5764 ;; *************** function _display_config_menu *****************
  5765 ;; Defined at:
  5766 ;;		line 177 in file "digital_timer.c"
  5767 ;; Parameters:    Size  Location     Type
  5768 ;;  key             1    wreg     unsigned char 
  5769 ;;  screen_flag     1    6[BANK0 ] PTR unsigned char 
  5770 ;;		 -> main@screen_flag(1), 
  5771 ;;  reset_flag      1    7[BANK0 ] PTR unsigned char 
  5772 ;;		 -> main@reset_flag(1), 
  5773 ;; Auto vars:     Size  Location     Type
  5774 ;;  key             1    8[BANK0 ] unsigned char 
  5775 ;; Return value:  Size  Location     Type
  5776 ;;                  1    wreg      void 
  5777 ;; Registers used:
  5778 ;;		wreg, fsr0l, fsr0h, status,2, status,0, pclath, cstack
  5779 ;; Tracked objects:
  5780 ;;		On entry : 0/0
  5781 ;;		On exit  : 0/0
  5782 ;;		Unchanged: 0/0
  5783 ;; Data sizes:     COMMON   BANK0   BANK1   BANK3   BANK2
  5784 ;;      Params:         0       2       0       0       0
  5785 ;;      Locals:         0       1       0       0       0
  5786 ;;      Temps:          0       0       0       0       0
  5787 ;;      Totals:         0       3       0       0       0
  5788 ;;Total ram usage:        3 bytes
  5789 ;; Hardware stack levels used: 1
  5790 ;; Hardware stack levels required when called: 2
  5791 ;; This function calls:
  5792 ;;		_clcd_print
  5793 ;;		_clcd_putch
  5794 ;;		_clear_screen
  5795 ;; This function is called by:
  5796 ;;		_main
  5797 ;; This function uses a non-reentrant model
  5798 ;;
  5799                           
  5800     1601                     _display_config_menu:	
  5801                           ;psect for function _display_config_menu
  5802                           
  5803                           
  5804                           ;incstack = 0
  5805                           ; Regs used in _display_config_menu: [wreg-fsr0h+status,2+status,0+pclath+cstack]
  5806                           ;display_config_menu@key stored from wreg
  5807     1601  1283               	bcf	3,5	;RP0=0, select bank0
  5808     1602  1303               	bcf	3,6	;RP1=0, select bank0
  5809     1603  00D8               	movwf	display_config_menu@key
  5810     1604                     l3305:
  5811                           
  5812                           ;digital_timer.c: 179:     static char *menu[] = {"Set Time/Date", "Set/View Alarm"};;di
      +                          gital_timer.c: 180:     static char menu_pos = 0;;digital_timer.c: 183:     if (return_t
      +                          ime == 0) {
  5813     1604  084F               	movf	_return_time,w	;volatile
  5814     1605  1D03               	btfss	3,2
  5815     1606  2E08               	goto	u3491
  5816     1607  2E09               	goto	u3490
  5817     1608                     u3491:
  5818     1608  2E17               	goto	l3315
  5819     1609                     u3490:
  5820     1609                     l3307:
  5821                           
  5822                           ;digital_timer.c: 184:         clear_screen();
  5823     1609  160A  118A  21E4  160A  118A  	fcall	_clear_screen
  5824     160E                     l3309:
  5825                           
  5826                           ;digital_timer.c: 186:         *screen_flag = 0x01;
  5827     160E  1283               	bcf	3,5	;RP0=0, select bank0
  5828     160F  1303               	bcf	3,6	;RP1=0, select bank0
  5829     1610  0856               	movf	display_config_menu@screen_flag,w
  5830     1611  0084               	movwf	4
  5831     1612  3001               	movlw	1
  5832     1613  1383               	bcf	3,7	;select IRP bank0
  5833     1614  0080               	movwf	0
  5834     1615                     l3311:
  5835                           
  5836                           ;digital_timer.c: 187:         TMR2ON = 0;
  5837     1615  1112               	bcf	18,2	;volatile
  5838     1616  2E95               	goto	l314
  5839     1617                     l3315:
  5840                           
  5841                           ;digital_timer.c: 192:     if (key == 0x3E && menu_pos < 1) {
  5842     1617  303E               	movlw	62
  5843     1618  0658               	xorwf	display_config_menu@key,w
  5844     1619  1D03               	btfss	3,2
  5845     161A  2E1C               	goto	u3501
  5846     161B  2E1D               	goto	u3500
  5847     161C                     u3501:
  5848     161C  2E2E               	goto	l3325
  5849     161D                     u3500:
  5850     161D                     l3317:
  5851     161D  0844               	movf	display_config_menu@menu_pos,w
  5852     161E  1D03               	btfss	3,2
  5853     161F  2E21               	goto	u3511
  5854     1620  2E22               	goto	u3510
  5855     1621                     u3511:
  5856     1621  2E2E               	goto	l3325
  5857     1622                     u3510:
  5858     1622                     l3319:
  5859                           
  5860                           ;digital_timer.c: 193:         menu_pos++;
  5861     1622  3001               	movlw	1
  5862     1623  07C4               	addwf	display_config_menu@menu_pos,f
  5863     1624                     l3321:
  5864                           
  5865                           ;digital_timer.c: 194:         clear_screen();
  5866     1624  160A  118A  21E4  160A  118A  	fcall	_clear_screen
  5867     1629                     l3323:
  5868                           
  5869                           ;digital_timer.c: 195:         return_time = 5;
  5870     1629  3005               	movlw	5
  5871     162A  1283               	bcf	3,5	;RP0=0, select bank0
  5872     162B  1303               	bcf	3,6	;RP1=0, select bank0
  5873     162C  00CF               	movwf	_return_time	;volatile
  5874                           
  5875                           ;digital_timer.c: 196:     } else if (key == 0x3D && menu_pos > 0) {
  5876     162D  2E3C               	goto	l3335
  5877     162E                     l3325:
  5878     162E  303D               	movlw	61
  5879     162F  0658               	xorwf	display_config_menu@key,w
  5880     1630  1D03               	btfss	3,2
  5881     1631  2E33               	goto	u3521
  5882     1632  2E34               	goto	u3520
  5883     1633                     u3521:
  5884     1633  2E3C               	goto	l3335
  5885     1634                     u3520:
  5886     1634                     l3327:
  5887     1634  0844               	movf	display_config_menu@menu_pos,w
  5888     1635  1903               	btfsc	3,2
  5889     1636  2E38               	goto	u3531
  5890     1637  2E39               	goto	u3530
  5891     1638                     u3531:
  5892     1638  2E3C               	goto	l3335
  5893     1639                     u3530:
  5894     1639                     l3329:
  5895                           
  5896                           ;digital_timer.c: 197:         menu_pos--;
  5897     1639  3001               	movlw	1
  5898     163A  02C4               	subwf	display_config_menu@menu_pos,f
  5899     163B  2E24               	goto	l3321
  5900     163C                     l3335:
  5901                           
  5902                           ;digital_timer.c: 203:     if (menu_pos == 0) {
  5903     163C  0844               	movf	display_config_menu@menu_pos,w
  5904     163D  1D03               	btfss	3,2
  5905     163E  2E40               	goto	u3541
  5906     163F  2E41               	goto	u3540
  5907     1640                     u3541:
  5908     1640  2E4A               	goto	l3339
  5909     1641                     u3540:
  5910     1641                     l3337:
  5911                           
  5912                           ;digital_timer.c: 204:         clcd_putch('*', (0x80 + 0));
  5913     1641  3080               	movlw	128
  5914     1642  00D4               	movwf	clcd_putch@addr
  5915     1643  302A               	movlw	42
  5916     1644  160A  118A  2207  160A  118A  	fcall	_clcd_putch
  5917                           
  5918                           ;digital_timer.c: 205:     } else {
  5919     1649  2E52               	goto	l3341
  5920     164A                     l3339:
  5921                           
  5922                           ;digital_timer.c: 206:         clcd_putch('*', (0xC0 + 0));
  5923     164A  30C0               	movlw	192
  5924     164B  00D4               	movwf	clcd_putch@addr
  5925     164C  302A               	movlw	42
  5926     164D  160A  118A  2207  160A  118A  	fcall	_clcd_putch
  5927     1652                     l3341:
  5928                           
  5929                           ;digital_timer.c: 208:     clcd_print(menu[0], (0x80 + 2));
  5930     1652  1283               	bcf	3,5	;RP0=0, select bank0
  5931     1653  1303               	bcf	3,6	;RP1=0, select bank0
  5932     1654  0869               	movf	display_config_menu@menu,w
  5933     1655  00F6               	movwf	clcd_print@str
  5934     1656  3082               	movlw	130
  5935     1657  00F7               	movwf	clcd_print@addr
  5936     1658  160A  118A  225B  160A  118A  	fcall	_clcd_print
  5937     165D                     l3343:
  5938                           
  5939                           ;digital_timer.c: 209:     clcd_print(menu[1], (0xC0 + 2));
  5940     165D  1283               	bcf	3,5	;RP0=0, select bank0
  5941     165E  1303               	bcf	3,6	;RP1=0, select bank0
  5942     165F  086A               	movf	low ((display_config_menu@menu| 0+1)),w
  5943     1660  00F6               	movwf	clcd_print@str
  5944     1661  30C2               	movlw	194
  5945     1662  00F7               	movwf	clcd_print@addr
  5946     1663  160A  118A  225B  160A  118A  	fcall	_clcd_print
  5947     1668                     l3345:
  5948                           
  5949                           ;digital_timer.c: 212:     if (key == 0xFD) {
  5950     1668  30FD               	movlw	253
  5951     1669  1283               	bcf	3,5	;RP0=0, select bank0
  5952     166A  1303               	bcf	3,6	;RP1=0, select bank0
  5953     166B  0658               	xorwf	display_config_menu@key,w
  5954     166C  1D03               	btfss	3,2
  5955     166D  2E6F               	goto	u3551
  5956     166E  2E70               	goto	u3550
  5957     166F                     u3551:
  5958     166F  2E95               	goto	l314
  5959     1670                     u3550:
  5960     1670                     l3347:
  5961                           
  5962                           ;digital_timer.c: 213:         return_time = 5;
  5963     1670  3005               	movlw	5
  5964     1671  00CF               	movwf	_return_time	;volatile
  5965     1672                     l3349:
  5966                           
  5967                           ;digital_timer.c: 214:         if (menu_pos == 0) {
  5968     1672  0844               	movf	display_config_menu@menu_pos,w
  5969     1673  1D03               	btfss	3,2
  5970     1674  2E76               	goto	u3561
  5971     1675  2E77               	goto	u3560
  5972     1676                     u3561:
  5973     1676  2E86               	goto	l3359
  5974     1677                     u3560:
  5975     1677                     l3351:
  5976                           
  5977                           ;digital_timer.c: 215:             *screen_flag = 0x03;
  5978     1677  0856               	movf	display_config_menu@screen_flag,w
  5979     1678  0084               	movwf	4
  5980     1679  3003               	movlw	3
  5981     167A  1383               	bcf	3,7	;select IRP bank0
  5982     167B  0080               	movwf	0
  5983                           
  5984                           ;digital_timer.c: 216:             *reset_flag = 0xF1;
  5985     167C  0857               	movf	display_config_menu@reset_flag,w
  5986     167D  0084               	movwf	4
  5987     167E  30F1               	movlw	241
  5988     167F  0080               	movwf	0
  5989     1680                     l3353:
  5990                           
  5991                           ;digital_timer.c: 217:             clear_screen();
  5992     1680  160A  118A  21E4  160A  118A  	fcall	_clear_screen
  5993     1685  2E95               	goto	l314
  5994     1686                     l3359:
  5995     1686  0344               	decf	display_config_menu@menu_pos,w
  5996     1687  1D03               	btfss	3,2
  5997     1688  2E8A               	goto	u3571
  5998     1689  2E8B               	goto	u3570
  5999     168A                     u3571:
  6000     168A  2E95               	goto	l314
  6001     168B                     u3570:
  6002     168B                     l3361:
  6003                           
  6004                           ;digital_timer.c: 220:             *screen_flag = 0x04;
  6005     168B  0856               	movf	display_config_menu@screen_flag,w
  6006     168C  0084               	movwf	4
  6007     168D  3004               	movlw	4
  6008     168E  1383               	bcf	3,7	;select IRP bank0
  6009     168F  0080               	movwf	0
  6010                           
  6011                           ;digital_timer.c: 221:             *reset_flag = 0xF2;
  6012     1690  0857               	movf	display_config_menu@reset_flag,w
  6013     1691  0084               	movwf	4
  6014     1692  30F2               	movlw	242
  6015     1693  0080               	movwf	0
  6016     1694  2E80               	goto	l3353
  6017     1695                     l314:
  6018     1695  0008               	return
  6019     1696                     __end_of_display_config_menu:
  6020                           
  6021                           	psect	text17
  6022     0A6C                     __ptext17:	
  6023 ;; *************** function _default_screen *****************
  6024 ;; Defined at:
  6025 ;;		line 137 in file "digital_timer.c"
  6026 ;; Parameters:    Size  Location     Type
  6027 ;;		None
  6028 ;; Auto vars:     Size  Location     Type
  6029 ;;		None
  6030 ;; Return value:  Size  Location     Type
  6031 ;;                  1    wreg      void 
  6032 ;; Registers used:
  6033 ;;		wreg, fsr0l, fsr0h, status,2, status,0, pclath, cstack
  6034 ;; Tracked objects:
  6035 ;;		On entry : 0/0
  6036 ;;		On exit  : 0/0
  6037 ;;		Unchanged: 0/0
  6038 ;; Data sizes:     COMMON   BANK0   BANK1   BANK3   BANK2
  6039 ;;      Params:         0       0       0       0       0
  6040 ;;      Locals:         0       0       0       0       0
  6041 ;;      Temps:          0       0       0       0       0
  6042 ;;      Totals:         0       0       0       0       0
  6043 ;;Total ram usage:        0 bytes
  6044 ;; Hardware stack levels used: 1
  6045 ;; Hardware stack levels required when called: 8
  6046 ;; This function calls:
  6047 ;;		___bmul
  6048 ;;		_clcd_print
  6049 ;;		_clcd_putch
  6050 ;;		_display_next_event
  6051 ;;		_get_time
  6052 ;; This function is called by:
  6053 ;;		_main
  6054 ;; This function uses a non-reentrant model
  6055 ;;
  6056                           
  6057     0A6C                     _default_screen:	
  6058                           ;psect for function _default_screen
  6059                           
  6060     0A6C                     l3273:	
  6061                           ;incstack = 0
  6062 ;; hardware stack exceeded
  6063                           ; Regs used in _default_screen: [wreg-fsr0h+status,2+status,0+pclath+cstack]
  6064                           
  6065                           
  6066                           ;digital_timer.c: 139:     clcd_print("DATE: ", (0x80 + 0));
  6067     0A6C  30A9               	movlw	(low ((STR_2-__stringbase)| (0+32768)))& (0+255)
  6068     0A6D  00F6               	movwf	clcd_print@str
  6069     0A6E  3080               	movlw	128
  6070     0A6F  00F7               	movwf	clcd_print@addr
  6071     0A70  160A  118A  225B  120A  158A  	fcall	_clcd_print
  6072     0A75                     l3275:
  6073                           
  6074                           ;digital_timer.c: 140:     get_time();
  6075     0A75  160A  118A  2696  120A  158A  	fcall	_get_time
  6076     0A7A                     l3277:
  6077                           
  6078                           ;digital_timer.c: 141:     clcd_putch(date[0], (0x80 + 6));
  6079     0A7A  3086               	movlw	134
  6080     0A7B  1283               	bcf	3,5	;RP0=0, select bank0
  6081     0A7C  1303               	bcf	3,6	;RP1=0, select bank0
  6082     0A7D  00D4               	movwf	clcd_putch@addr
  6083     0A7E  0820               	movf	_date,w
  6084     0A7F  160A  118A  2207  120A  158A  	fcall	_clcd_putch
  6085     0A84                     l3279:
  6086                           
  6087                           ;digital_timer.c: 142:     clcd_putch(date[1], (0x80 + 7));
  6088     0A84  3087               	movlw	135
  6089     0A85  1283               	bcf	3,5	;RP0=0, select bank0
  6090     0A86  1303               	bcf	3,6	;RP1=0, select bank0
  6091     0A87  00D4               	movwf	clcd_putch@addr
  6092     0A88  0821               	movf	_date+1,w
  6093     0A89  160A  118A  2207  120A  158A  	fcall	_clcd_putch
  6094     0A8E                     l3281:
  6095                           
  6096                           ;digital_timer.c: 143:     clcd_putch('/', (0x80 + 8));
  6097     0A8E  3088               	movlw	136
  6098     0A8F  1283               	bcf	3,5	;RP0=0, select bank0
  6099     0A90  1303               	bcf	3,6	;RP1=0, select bank0
  6100     0A91  00D4               	movwf	clcd_putch@addr
  6101     0A92  302F               	movlw	47
  6102     0A93  160A  118A  2207  120A  158A  	fcall	_clcd_putch
  6103     0A98                     l3283:
  6104                           
  6105                           ;digital_timer.c: 144:     clcd_putch(date[2], (0x80 + 9));
  6106     0A98  3089               	movlw	137
  6107     0A99  1283               	bcf	3,5	;RP0=0, select bank0
  6108     0A9A  1303               	bcf	3,6	;RP1=0, select bank0
  6109     0A9B  00D4               	movwf	clcd_putch@addr
  6110     0A9C  0822               	movf	_date+2,w
  6111     0A9D  160A  118A  2207  120A  158A  	fcall	_clcd_putch
  6112     0AA2                     l3285:
  6113                           
  6114                           ;digital_timer.c: 145:     clcd_putch(date[3], (0x80 + 10));
  6115     0AA2  308A               	movlw	138
  6116     0AA3  1283               	bcf	3,5	;RP0=0, select bank0
  6117     0AA4  1303               	bcf	3,6	;RP1=0, select bank0
  6118     0AA5  00D4               	movwf	clcd_putch@addr
  6119     0AA6  0823               	movf	_date+3,w
  6120     0AA7  160A  118A  2207  120A  158A  	fcall	_clcd_putch
  6121     0AAC                     l3287:
  6122                           
  6123                           ;digital_timer.c: 146:     clcd_putch('/', (0x80 + 11));
  6124     0AAC  308B               	movlw	139
  6125     0AAD  1283               	bcf	3,5	;RP0=0, select bank0
  6126     0AAE  1303               	bcf	3,6	;RP1=0, select bank0
  6127     0AAF  00D4               	movwf	clcd_putch@addr
  6128     0AB0  302F               	movlw	47
  6129     0AB1  160A  118A  2207  120A  158A  	fcall	_clcd_putch
  6130     0AB6                     l3289:
  6131                           
  6132                           ;digital_timer.c: 147:     clcd_putch(date[4], (0x80 + 12));
  6133     0AB6  308C               	movlw	140
  6134     0AB7  1283               	bcf	3,5	;RP0=0, select bank0
  6135     0AB8  1303               	bcf	3,6	;RP1=0, select bank0
  6136     0AB9  00D4               	movwf	clcd_putch@addr
  6137     0ABA  0824               	movf	_date+4,w
  6138     0ABB  160A  118A  2207  120A  158A  	fcall	_clcd_putch
  6139     0AC0                     l3291:
  6140                           
  6141                           ;digital_timer.c: 148:     clcd_putch(date[5], (0x80 + 13));
  6142     0AC0  308D               	movlw	141
  6143     0AC1  1283               	bcf	3,5	;RP0=0, select bank0
  6144     0AC2  1303               	bcf	3,6	;RP1=0, select bank0
  6145     0AC3  00D4               	movwf	clcd_putch@addr
  6146     0AC4  0825               	movf	_date+5,w
  6147     0AC5  160A  118A  2207  120A  158A  	fcall	_clcd_putch
  6148     0ACA                     l3293:
  6149                           
  6150                           ;digital_timer.c: 149:     clcd_putch(date[6], (0x80 + 14));
  6151     0ACA  308E               	movlw	142
  6152     0ACB  1283               	bcf	3,5	;RP0=0, select bank0
  6153     0ACC  1303               	bcf	3,6	;RP1=0, select bank0
  6154     0ACD  00D4               	movwf	clcd_putch@addr
  6155     0ACE  0826               	movf	_date+6,w
  6156     0ACF  160A  118A  2207  120A  158A  	fcall	_clcd_putch
  6157     0AD4                     l3295:
  6158                           
  6159                           ;digital_timer.c: 150:     clcd_putch(date[7], (0x80 + 15));
  6160     0AD4  308F               	movlw	143
  6161     0AD5  1283               	bcf	3,5	;RP0=0, select bank0
  6162     0AD6  1303               	bcf	3,6	;RP1=0, select bank0
  6163     0AD7  00D4               	movwf	clcd_putch@addr
  6164     0AD8  0827               	movf	_date+7,w
  6165     0AD9  160A  118A  2207  120A  158A  	fcall	_clcd_putch
  6166     0ADE                     l3297:
  6167                           
  6168                           ;digital_timer.c: 153:     clcd_print("TIME: ", (0xC0 + 0));
  6169     0ADE  30A2               	movlw	(low ((STR_3-__stringbase)| (0+32768)))& (0+255)
  6170     0ADF  00F6               	movwf	clcd_print@str
  6171     0AE0  30C0               	movlw	192
  6172     0AE1  00F7               	movwf	clcd_print@addr
  6173     0AE2  160A  118A  225B  120A  158A  	fcall	_clcd_print
  6174                           
  6175                           ;digital_timer.c: 154:     clcd_putch(time[0], (0xC0 + 6));
  6176     0AE7  30C6               	movlw	198
  6177     0AE8  1283               	bcf	3,5	;RP0=0, select bank0
  6178     0AE9  1303               	bcf	3,6	;RP1=0, select bank0
  6179     0AEA  00D4               	movwf	clcd_putch@addr
  6180     0AEB  0831               	movf	_time,w
  6181     0AEC  160A  118A  2207  120A  158A  	fcall	_clcd_putch
  6182                           
  6183                           ;digital_timer.c: 155:     clcd_putch(time[1], (0xC0 + 7));
  6184     0AF1  30C7               	movlw	199
  6185     0AF2  1283               	bcf	3,5	;RP0=0, select bank0
  6186     0AF3  1303               	bcf	3,6	;RP1=0, select bank0
  6187     0AF4  00D4               	movwf	clcd_putch@addr
  6188     0AF5  0832               	movf	_time+1,w
  6189     0AF6  160A  118A  2207  120A  158A  	fcall	_clcd_putch
  6190                           
  6191                           ;digital_timer.c: 156:     clcd_putch(':', (0xC0 + 8));
  6192     0AFB  30C8               	movlw	200
  6193     0AFC  1283               	bcf	3,5	;RP0=0, select bank0
  6194     0AFD  1303               	bcf	3,6	;RP1=0, select bank0
  6195     0AFE  00D4               	movwf	clcd_putch@addr
  6196     0AFF  303A               	movlw	58
  6197     0B00  160A  118A  2207  120A  158A  	fcall	_clcd_putch
  6198                           
  6199                           ;digital_timer.c: 157:     clcd_putch(time[2], (0xC0 + 9));
  6200     0B05  30C9               	movlw	201
  6201     0B06  1283               	bcf	3,5	;RP0=0, select bank0
  6202     0B07  1303               	bcf	3,6	;RP1=0, select bank0
  6203     0B08  00D4               	movwf	clcd_putch@addr
  6204     0B09  0833               	movf	_time+2,w
  6205     0B0A  160A  118A  2207  120A  158A  	fcall	_clcd_putch
  6206                           
  6207                           ;digital_timer.c: 158:     clcd_putch(time[3], (0xC0 + 10));
  6208     0B0F  30CA               	movlw	202
  6209     0B10  1283               	bcf	3,5	;RP0=0, select bank0
  6210     0B11  1303               	bcf	3,6	;RP1=0, select bank0
  6211     0B12  00D4               	movwf	clcd_putch@addr
  6212     0B13  0834               	movf	_time+3,w
  6213     0B14  160A  118A  2207  120A  158A  	fcall	_clcd_putch
  6214                           
  6215                           ;digital_timer.c: 159:     clcd_putch(':', (0xC0 + 11));
  6216     0B19  30CB               	movlw	203
  6217     0B1A  1283               	bcf	3,5	;RP0=0, select bank0
  6218     0B1B  1303               	bcf	3,6	;RP1=0, select bank0
  6219     0B1C  00D4               	movwf	clcd_putch@addr
  6220     0B1D  303A               	movlw	58
  6221     0B1E  160A  118A  2207  120A  158A  	fcall	_clcd_putch
  6222                           
  6223                           ;digital_timer.c: 160:     clcd_putch(time[4], (0xC0 + 12));
  6224     0B23  30CC               	movlw	204
  6225     0B24  1283               	bcf	3,5	;RP0=0, select bank0
  6226     0B25  1303               	bcf	3,6	;RP1=0, select bank0
  6227     0B26  00D4               	movwf	clcd_putch@addr
  6228     0B27  0835               	movf	_time+4,w
  6229     0B28  160A  118A  2207  120A  158A  	fcall	_clcd_putch
  6230                           
  6231                           ;digital_timer.c: 161:     clcd_putch(time[5], (0xC0 + 13));
  6232     0B2D  30CD               	movlw	205
  6233     0B2E  1283               	bcf	3,5	;RP0=0, select bank0
  6234     0B2F  1303               	bcf	3,6	;RP1=0, select bank0
  6235     0B30  00D4               	movwf	clcd_putch@addr
  6236     0B31  0836               	movf	_time+5,w
  6237     0B32  160A  118A  2207  120A  158A  	fcall	_clcd_putch
  6238                           
  6239                           ;digital_timer.c: 163:     noon = ((time[0] - '0') * 10) + (time[1] - '0');
  6240     0B37  300A               	movlw	10
  6241     0B38  00F2               	movwf	___bmul@multiplicand
  6242     0B39  1283               	bcf	3,5	;RP0=0, select bank0
  6243     0B3A  1303               	bcf	3,6	;RP1=0, select bank0
  6244     0B3B  0831               	movf	_time,w
  6245     0B3C  120A  118A  27ED  120A  158A  	fcall	___bmul
  6246     0B41  1283               	bcf	3,5	;RP0=0, select bank0
  6247     0B42  1303               	bcf	3,6	;RP1=0, select bank0
  6248     0B43  0732               	addwf	_time+1,w
  6249     0B44  3EF0               	addlw	240
  6250     0B45  00CE               	movwf	_noon
  6251     0B46                     l3299:
  6252                           
  6253                           ;digital_timer.c: 164:     if (noon >= 12) {
  6254     0B46  300C               	movlw	12
  6255     0B47  024E               	subwf	_noon,w
  6256     0B48  1C03               	skipc
  6257     0B49  2B4B               	goto	u3481
  6258     0B4A  2B4C               	goto	u3480
  6259     0B4B                     u3481:
  6260     0B4B  2B56               	goto	l3303
  6261     0B4C                     u3480:
  6262     0B4C                     l3301:
  6263                           
  6264                           ;digital_timer.c: 165:         clcd_print("PM", (0xC0 + 14));
  6265     0B4C  30B6               	movlw	(low ((STR_4-__stringbase)| (0+32768)))& (0+255)
  6266     0B4D  00F6               	movwf	clcd_print@str
  6267     0B4E  30CE               	movlw	206
  6268     0B4F  00F7               	movwf	clcd_print@addr
  6269     0B50  160A  118A  225B  120A  158A  	fcall	_clcd_print
  6270                           
  6271                           ;digital_timer.c: 166:     } else {
  6272     0B55  2B5F               	goto	l305
  6273     0B56                     l3303:
  6274                           
  6275                           ;digital_timer.c: 167:         clcd_print("AM", (0xC0 + 14));
  6276     0B56  30B3               	movlw	(low ((STR_5-__stringbase)| (0+32768)))& (0+255)
  6277     0B57  00F6               	movwf	clcd_print@str
  6278     0B58  30CE               	movlw	206
  6279     0B59  00F7               	movwf	clcd_print@addr
  6280     0B5A  160A  118A  225B  120A  158A  	fcall	_clcd_print
  6281     0B5F                     l305:	
  6282                           ;digital_timer.c: 168:     }
  6283                           
  6284                           
  6285                           ;digital_timer.c: 173:     clcd_print("EVENT: ", (0xD0 + 0));
  6286     0B5F  309A               	movlw	(low ((STR_6-__stringbase)| (0+32768)))& (0+255)
  6287     0B60  00F6               	movwf	clcd_print@str
  6288     0B61  30D0               	movlw	208
  6289     0B62  00F7               	movwf	clcd_print@addr
  6290     0B63  160A  118A  225B  120A  158A  	fcall	_clcd_print
  6291                           
  6292                           ;digital_timer.c: 174:     display_next_event();
  6293     0B68  120A  158A  20B1  120A  158A  	fcall	_display_next_event
  6294     0B6D                     l306:
  6295     0B6D  0008               	return
  6296     0B6E                     __end_of_default_screen:
  6297                           
  6298                           	psect	text18
  6299     08B1                     __ptext18:	
  6300 ;; *************** function _display_next_event *****************
  6301 ;; Defined at:
  6302 ;;		line 121 in file "digital_timer.c"
  6303 ;; Parameters:    Size  Location     Type
  6304 ;;		None
  6305 ;; Auto vars:     Size  Location     Type
  6306 ;;  index           2   20[BANK0 ] int 
  6307 ;; Return value:  Size  Location     Type
  6308 ;;                  1    wreg      void 
  6309 ;; Registers used:
  6310 ;;		wreg, fsr0l, fsr0h, status,2, status,0, pclath, cstack
  6311 ;; Tracked objects:
  6312 ;;		On entry : 0/0
  6313 ;;		On exit  : 0/0
  6314 ;;		Unchanged: 0/0
  6315 ;; Data sizes:     COMMON   BANK0   BANK1   BANK3   BANK2
  6316 ;;      Params:         0       0       0       0       0
  6317 ;;      Locals:         0       2       0       0       0
  6318 ;;      Temps:          0       2       0       0       0
  6319 ;;      Totals:         0       4       0       0       0
  6320 ;;Total ram usage:        4 bytes
  6321 ;; Hardware stack levels used: 1
  6322 ;; Hardware stack levels required when called: 7
  6323 ;; This function calls:
  6324 ;;		___awdiv
  6325 ;;		___awmod
  6326 ;;		___bmul
  6327 ;;		_clcd_print
  6328 ;;		_clcd_putch
  6329 ;;		_get_next_alarm
  6330 ;; This function is called by:
  6331 ;;		_default_screen
  6332 ;; This function uses a non-reentrant model
  6333 ;;
  6334                           
  6335     08B1                     _display_next_event:	
  6336                           ;psect for function _display_next_event
  6337                           
  6338     08B1                     l3221:	
  6339                           ;incstack = 0
  6340 ;; hardware stack exceeded
  6341                           ; Regs used in _display_next_event: [wreg-fsr0h+status,2+status,0+pclath+cstack]
  6342                           
  6343                           
  6344                           ;digital_timer.c: 123:     int index = get_next_alarm();
  6345     08B1  120A  158A  218C  120A  158A  	fcall	_get_next_alarm
  6346     08B6  1283               	bcf	3,5	;RP0=0, select bank0
  6347     08B7  1303               	bcf	3,6	;RP1=0, select bank0
  6348     08B8  0853               	movf	?_get_next_alarm+1,w
  6349     08B9  00E5               	movwf	display_next_event@index+1
  6350     08BA  0852               	movf	?_get_next_alarm,w
  6351     08BB  00E4               	movwf	display_next_event@index
  6352     08BC                     l3223:
  6353                           
  6354                           ;digital_timer.c: 124:     if(index == -1)
  6355     08BC  0A64               	incf	display_next_event@index,w
  6356     08BD  1D03               	skipz
  6357     08BE  28C3               	goto	u3421
  6358     08BF  0A65               	incf	display_next_event@index+1,w
  6359     08C0  1D03               	btfss	3,2
  6360     08C1  28C3               	goto	u3421
  6361     08C2  28C4               	goto	u3420
  6362     08C3                     u3421:
  6363     08C3  28CE               	goto	l3229
  6364     08C4                     u3420:
  6365     08C4                     l3225:
  6366                           
  6367                           ;digital_timer.c: 125:     {;digital_timer.c: 126:         clcd_print("          ", (0xD
      +                          0 + 7));
  6368     08C4  3007               	movlw	(low (((STR_28+6)-__stringbase)| (0+32768)))& (0+255)
  6369     08C5  00F6               	movwf	clcd_print@str
  6370     08C6  30D7               	movlw	215
  6371     08C7  00F7               	movwf	clcd_print@addr
  6372     08C8  160A  118A  225B  120A  158A  	fcall	_clcd_print
  6373     08CD  298B               	goto	l301
  6374     08CE                     l3229:
  6375                           
  6376                           ;digital_timer.c: 129:     clcd_putch((alarms[index].hr / 10) + '0', (0xD0 + 7));
  6377     08CE  30D7               	movlw	215
  6378     08CF  00D4               	movwf	clcd_putch@addr
  6379     08D0  300A               	movlw	10
  6380     08D1  00F5               	movwf	___awdiv@divisor
  6381     08D2  3000               	movlw	0
  6382     08D3  00F6               	movwf	___awdiv@divisor+1
  6383     08D4  3003               	movlw	3
  6384     08D5  00F2               	movwf	___bmul@multiplicand
  6385     08D6  0864               	movf	display_next_event@index,w
  6386     08D7  120A  118A  27ED  120A  158A  	fcall	___bmul
  6387     08DC  3EA0               	addlw	(low (_alarms| 0))& (0+255)
  6388     08DD  0084               	movwf	4
  6389     08DE  1383               	bcf	3,7	;select IRP bank1
  6390     08DF  0800               	movf	0,w
  6391     08E0  1283               	bcf	3,5	;RP0=0, select bank0
  6392     08E1  1303               	bcf	3,6	;RP1=0, select bank0
  6393     08E2  00E2               	movwf	??_display_next_event
  6394     08E3  01E3               	clrf	??_display_next_event+1
  6395     08E4  0862               	movf	??_display_next_event,w
  6396     08E5  00F7               	movwf	___awdiv@dividend
  6397     08E6  0863               	movf	??_display_next_event+1,w
  6398     08E7  00F8               	movwf	___awdiv@dividend+1
  6399     08E8  160A  118A  24CA  120A  158A  	fcall	___awdiv
  6400     08ED  0875               	movf	?___awdiv,w
  6401     08EE  3E30               	addlw	48
  6402     08EF  160A  118A  2207  120A  158A  	fcall	_clcd_putch
  6403                           
  6404                           ;digital_timer.c: 130:     clcd_putch((alarms[index].hr % 10) + '0', (0xD0 + 8));
  6405     08F4  30D8               	movlw	216
  6406     08F5  1283               	bcf	3,5	;RP0=0, select bank0
  6407     08F6  1303               	bcf	3,6	;RP1=0, select bank0
  6408     08F7  00D4               	movwf	clcd_putch@addr
  6409     08F8  300A               	movlw	10
  6410     08F9  00F5               	movwf	___awmod@divisor
  6411     08FA  3000               	movlw	0
  6412     08FB  00F6               	movwf	___awmod@divisor+1
  6413     08FC  3003               	movlw	3
  6414     08FD  00F2               	movwf	___bmul@multiplicand
  6415     08FE  0864               	movf	display_next_event@index,w
  6416     08FF  120A  118A  27ED  120A  158A  	fcall	___bmul
  6417     0904  3EA0               	addlw	(low (_alarms| 0))& (0+255)
  6418     0905  0084               	movwf	4
  6419     0906  1383               	bcf	3,7	;select IRP bank1
  6420     0907  0800               	movf	0,w
  6421     0908  1283               	bcf	3,5	;RP0=0, select bank0
  6422     0909  1303               	bcf	3,6	;RP1=0, select bank0
  6423     090A  00E2               	movwf	??_display_next_event
  6424     090B  01E3               	clrf	??_display_next_event+1
  6425     090C  0862               	movf	??_display_next_event,w
  6426     090D  00F7               	movwf	___awmod@dividend
  6427     090E  0863               	movf	??_display_next_event+1,w
  6428     090F  00F8               	movwf	___awmod@dividend+1
  6429     0910  160A  118A  240E  120A  158A  	fcall	___awmod
  6430     0915  0875               	movf	?___awmod,w
  6431     0916  3E30               	addlw	48
  6432     0917  160A  118A  2207  120A  158A  	fcall	_clcd_putch
  6433     091C                     l3231:
  6434                           
  6435                           ;digital_timer.c: 131:     clcd_putch(':', (0xD0 + 9));
  6436     091C  30D9               	movlw	217
  6437     091D  1283               	bcf	3,5	;RP0=0, select bank0
  6438     091E  1303               	bcf	3,6	;RP1=0, select bank0
  6439     091F  00D4               	movwf	clcd_putch@addr
  6440     0920  303A               	movlw	58
  6441     0921  160A  118A  2207  120A  158A  	fcall	_clcd_putch
  6442     0926                     l3233:
  6443                           
  6444                           ;digital_timer.c: 132:     clcd_putch((alarms[index].min / 10) + '0', (0xD0 + 10));
  6445     0926  30DA               	movlw	218
  6446     0927  1283               	bcf	3,5	;RP0=0, select bank0
  6447     0928  1303               	bcf	3,6	;RP1=0, select bank0
  6448     0929  00D4               	movwf	clcd_putch@addr
  6449     092A  300A               	movlw	10
  6450     092B  00F5               	movwf	___awdiv@divisor
  6451     092C  3000               	movlw	0
  6452     092D  00F6               	movwf	___awdiv@divisor+1
  6453     092E  3003               	movlw	3
  6454     092F  00F2               	movwf	___bmul@multiplicand
  6455     0930  0864               	movf	display_next_event@index,w
  6456     0931  120A  118A  27ED  120A  158A  	fcall	___bmul
  6457     0936  3EA1               	addlw	(low ((_alarms| 0+1)))& (0+255)
  6458     0937  0084               	movwf	4
  6459     0938  1383               	bcf	3,7	;select IRP bank1
  6460     0939  0800               	movf	0,w
  6461     093A  1283               	bcf	3,5	;RP0=0, select bank0
  6462     093B  1303               	bcf	3,6	;RP1=0, select bank0
  6463     093C  00E2               	movwf	??_display_next_event
  6464     093D  01E3               	clrf	??_display_next_event+1
  6465     093E  0862               	movf	??_display_next_event,w
  6466     093F  00F7               	movwf	___awdiv@dividend
  6467     0940  0863               	movf	??_display_next_event+1,w
  6468     0941  00F8               	movwf	___awdiv@dividend+1
  6469     0942  160A  118A  24CA  120A  158A  	fcall	___awdiv
  6470     0947  0875               	movf	?___awdiv,w
  6471     0948  3E30               	addlw	48
  6472     0949  160A  118A  2207  120A  158A  	fcall	_clcd_putch
  6473     094E                     l3235:
  6474                           
  6475                           ;digital_timer.c: 133:     clcd_putch((alarms[index].min % 10) + '0', (0xD0 + 11));
  6476     094E  30DB               	movlw	219
  6477     094F  1283               	bcf	3,5	;RP0=0, select bank0
  6478     0950  1303               	bcf	3,6	;RP1=0, select bank0
  6479     0951  00D4               	movwf	clcd_putch@addr
  6480     0952  300A               	movlw	10
  6481     0953  00F5               	movwf	___awmod@divisor
  6482     0954  3000               	movlw	0
  6483     0955  00F6               	movwf	___awmod@divisor+1
  6484     0956  3003               	movlw	3
  6485     0957  00F2               	movwf	___bmul@multiplicand
  6486     0958  0864               	movf	display_next_event@index,w
  6487     0959  120A  118A  27ED  120A  158A  	fcall	___bmul
  6488     095E  3EA1               	addlw	(low ((_alarms| 0+1)))& (0+255)
  6489     095F  0084               	movwf	4
  6490     0960  1383               	bcf	3,7	;select IRP bank1
  6491     0961  0800               	movf	0,w
  6492     0962  1283               	bcf	3,5	;RP0=0, select bank0
  6493     0963  1303               	bcf	3,6	;RP1=0, select bank0
  6494     0964  00E2               	movwf	??_display_next_event
  6495     0965  01E3               	clrf	??_display_next_event+1
  6496     0966  0862               	movf	??_display_next_event,w
  6497     0967  00F7               	movwf	___awmod@dividend
  6498     0968  0863               	movf	??_display_next_event+1,w
  6499     0969  00F8               	movwf	___awmod@dividend+1
  6500     096A  160A  118A  240E  120A  158A  	fcall	___awmod
  6501     096F  0875               	movf	?___awmod,w
  6502     0970  3E30               	addlw	48
  6503     0971  160A  118A  2207  120A  158A  	fcall	_clcd_putch
  6504     0976                     l3237:
  6505                           
  6506                           ;digital_timer.c: 134:     clcd_putch((alarms[index].type), (0xD0 + 13));
  6507     0976  30DD               	movlw	221
  6508     0977  1283               	bcf	3,5	;RP0=0, select bank0
  6509     0978  1303               	bcf	3,6	;RP1=0, select bank0
  6510     0979  00D4               	movwf	clcd_putch@addr
  6511     097A  3003               	movlw	3
  6512     097B  00F2               	movwf	___bmul@multiplicand
  6513     097C  0864               	movf	display_next_event@index,w
  6514     097D  120A  118A  27ED  120A  158A  	fcall	___bmul
  6515     0982  3EA2               	addlw	(low ((_alarms| 0+2)))& (0+255)
  6516     0983  0084               	movwf	4
  6517     0984  1383               	bcf	3,7	;select IRP bank1
  6518     0985  0800               	movf	0,w
  6519     0986  160A  118A  2207  120A  158A  	fcall	_clcd_putch
  6520     098B                     l301:
  6521     098B  0008               	return
  6522     098C                     __end_of_display_next_event:
  6523                           
  6524                           	psect	text19
  6525     098C                     __ptext19:	
  6526 ;; *************** function _get_next_alarm *****************
  6527 ;; Defined at:
  6528 ;;		line 89 in file "digital_timer.c"
  6529 ;; Parameters:    Size  Location     Type
  6530 ;;		None
  6531 ;; Auto vars:     Size  Location     Type
  6532 ;;  diff            2   15[BANK0 ] int 
  6533 ;;  next_alarm      2   13[BANK0 ] int 
  6534 ;;  min_diff        2   11[BANK0 ] int 
  6535 ;;  alarm_time      2    9[BANK0 ] int 
  6536 ;;  cur_time        2    7[BANK0 ] int 
  6537 ;;  i               1   17[BANK0 ] unsigned char 
  6538 ;; Return value:  Size  Location     Type
  6539 ;;                  2    2[BANK0 ] int 
  6540 ;; Registers used:
  6541 ;;		wreg, fsr0l, fsr0h, status,2, status,0, pclath, cstack
  6542 ;; Tracked objects:
  6543 ;;		On entry : 0/0
  6544 ;;		On exit  : 0/0
  6545 ;;		Unchanged: 0/0
  6546 ;; Data sizes:     COMMON   BANK0   BANK1   BANK3   BANK2
  6547 ;;      Params:         0       2       0       0       0
  6548 ;;      Locals:         0      11       0       0       0
  6549 ;;      Temps:          0       3       0       0       0
  6550 ;;      Totals:         0      16       0       0       0
  6551 ;;Total ram usage:       16 bytes
  6552 ;; Hardware stack levels used: 1
  6553 ;; Hardware stack levels required when called: 6
  6554 ;; This function calls:
  6555 ;;		___bmul
  6556 ;;		___wmul
  6557 ;;		_get_time
  6558 ;; This function is called by:
  6559 ;;		_display_next_event
  6560 ;; This function uses a non-reentrant model
  6561 ;;
  6562                           
  6563     098C                     _get_next_alarm:	
  6564                           ;psect for function _get_next_alarm
  6565                           
  6566     098C                     l3125:	
  6567                           ;incstack = 0
  6568 ;; hardware stack exceeded
  6569                           ; Regs used in _get_next_alarm: [wreg-fsr0h+status,2+status,0+pclath+cstack]
  6570                           
  6571                           
  6572                           ;digital_timer.c: 91:     int cur_time, alarm_time, diff;;digital_timer.c: 92:     int m
      +                          in_diff = 1441;
  6573     098C  30A1               	movlw	161
  6574     098D  1283               	bcf	3,5	;RP0=0, select bank0
  6575     098E  1303               	bcf	3,6	;RP1=0, select bank0
  6576     098F  00DB               	movwf	get_next_alarm@min_diff
  6577     0990  3005               	movlw	5
  6578     0991  00DC               	movwf	get_next_alarm@min_diff+1
  6579                           
  6580                           ;digital_timer.c: 93:     int next_alarm = -1;
  6581     0992  30FF               	movlw	255
  6582     0993  00DD               	movwf	get_next_alarm@next_alarm
  6583     0994  30FF               	movlw	255
  6584     0995  00DE               	movwf	get_next_alarm@next_alarm+1
  6585     0996                     l3127:
  6586                           
  6587                           ;digital_timer.c: 95:     unsigned char i;;digital_timer.c: 96:     get_time();
  6588     0996  160A  118A  2696  120A  158A  	fcall	_get_time
  6589     099B                     l3129:
  6590                           
  6591                           ;digital_timer.c: 97:     hr = ((clock_reg[3] >> 4) * 10) + (clock_reg[3] & 0x0F);
  6592     099B  300F               	movlw	15
  6593     099C  1283               	bcf	3,5	;RP0=0, select bank0
  6594     099D  1303               	bcf	3,6	;RP1=0, select bank0
  6595     099E  053B               	andwf	_clock_reg+3,w
  6596     099F  00D4               	movwf	??_get_next_alarm
  6597     09A0  300A               	movlw	10
  6598     09A1  00F2               	movwf	___bmul@multiplicand
  6599     09A2  083B               	movf	_clock_reg+3,w
  6600     09A3  00D5               	movwf	??_get_next_alarm+1
  6601     09A4  3004               	movlw	4
  6602     09A5                     u3225:
  6603     09A5  1003               	clrc
  6604     09A6  0CD5               	rrf	??_get_next_alarm+1,f
  6605     09A7  3EFF               	addlw	-1
  6606     09A8  1D03               	skipz
  6607     09A9  29A5               	goto	u3225
  6608     09AA  0855               	movf	??_get_next_alarm+1,w
  6609     09AB  120A  118A  27ED  120A  158A  	fcall	___bmul
  6610     09B0  1283               	bcf	3,5	;RP0=0, select bank0
  6611     09B1  1303               	bcf	3,6	;RP1=0, select bank0
  6612     09B2  0754               	addwf	??_get_next_alarm,w
  6613     09B3  00CD               	movwf	_hr
  6614     09B4                     l3131:
  6615                           
  6616                           ;digital_timer.c: 98:     min = ((clock_reg[4] >> 4) * 10) + (clock_reg[4] & 0x0F);
  6617     09B4  300F               	movlw	15
  6618     09B5  053C               	andwf	_clock_reg+4,w
  6619     09B6  00D4               	movwf	??_get_next_alarm
  6620     09B7  300A               	movlw	10
  6621     09B8  00F2               	movwf	___bmul@multiplicand
  6622     09B9  083C               	movf	_clock_reg+4,w
  6623     09BA  00D5               	movwf	??_get_next_alarm+1
  6624     09BB  3004               	movlw	4
  6625     09BC                     u3235:
  6626     09BC  1003               	clrc
  6627     09BD  0CD5               	rrf	??_get_next_alarm+1,f
  6628     09BE  3EFF               	addlw	-1
  6629     09BF  1D03               	skipz
  6630     09C0  29BC               	goto	u3235
  6631     09C1  0855               	movf	??_get_next_alarm+1,w
  6632     09C2  120A  118A  27ED  120A  158A  	fcall	___bmul
  6633     09C7  1283               	bcf	3,5	;RP0=0, select bank0
  6634     09C8  1303               	bcf	3,6	;RP1=0, select bank0
  6635     09C9  0754               	addwf	??_get_next_alarm,w
  6636     09CA  00CC               	movwf	_min
  6637     09CB                     l3133:
  6638                           
  6639                           ;digital_timer.c: 99:     cur_time = (hr * 60) + min;
  6640     09CB  084D               	movf	_hr,w
  6641     09CC  00D4               	movwf	??_get_next_alarm
  6642     09CD  01D5               	clrf	??_get_next_alarm+1
  6643     09CE  0854               	movf	??_get_next_alarm,w
  6644     09CF  00F5               	movwf	___wmul@multiplier
  6645     09D0  0855               	movf	??_get_next_alarm+1,w
  6646     09D1  00F6               	movwf	___wmul@multiplier+1
  6647     09D2  303C               	movlw	60
  6648     09D3  00F7               	movwf	___wmul@multiplicand
  6649     09D4  3000               	movlw	0
  6650     09D5  00F8               	movwf	___wmul@multiplicand+1
  6651     09D6  160A  118A  22F6  120A  158A  	fcall	___wmul
  6652     09DB  1283               	bcf	3,5	;RP0=0, select bank0
  6653     09DC  1303               	bcf	3,6	;RP1=0, select bank0
  6654     09DD  084C               	movf	_min,w
  6655     09DE  0775               	addwf	?___wmul,w
  6656     09DF  00D7               	movwf	get_next_alarm@cur_time
  6657     09E0  3000               	movlw	0
  6658     09E1  1803               	skipnc
  6659     09E2  3001               	movlw	1
  6660     09E3  0776               	addwf	?___wmul+1,w
  6661     09E4  00D8               	movwf	get_next_alarm@cur_time+1
  6662     09E5                     l3135:
  6663                           
  6664                           ;digital_timer.c: 100:     for(i = 0; i < alarm_count; i++)
  6665     09E5  01E1               	clrf	get_next_alarm@i
  6666     09E6  2A61               	goto	l3153
  6667     09E7                     l3137:
  6668                           
  6669                           ;digital_timer.c: 101:     {;digital_timer.c: 102:         alarm_time = (alarms[i].hr * 
      +                          60) + alarms[i].min;
  6670     09E7  3003               	movlw	3
  6671     09E8  00F2               	movwf	___bmul@multiplicand
  6672     09E9  0861               	movf	get_next_alarm@i,w
  6673     09EA  120A  118A  27ED  120A  158A  	fcall	___bmul
  6674     09EF  3EA1               	addlw	(low ((_alarms| 0+1)))& (0+255)
  6675     09F0  0084               	movwf	4
  6676     09F1  1383               	bcf	3,7	;select IRP bank1
  6677     09F2  0800               	movf	0,w
  6678     09F3  1283               	bcf	3,5	;RP0=0, select bank0
  6679     09F4  1303               	bcf	3,6	;RP1=0, select bank0
  6680     09F5  00D4               	movwf	??_get_next_alarm
  6681     09F6  3003               	movlw	3
  6682     09F7  00F2               	movwf	___bmul@multiplicand
  6683     09F8  0861               	movf	get_next_alarm@i,w
  6684     09F9  120A  118A  27ED  120A  158A  	fcall	___bmul
  6685     09FE  3EA0               	addlw	(low (_alarms| 0))& (0+255)
  6686     09FF  0084               	movwf	4
  6687     0A00  1383               	bcf	3,7	;select IRP bank1
  6688     0A01  0800               	movf	0,w
  6689     0A02  1283               	bcf	3,5	;RP0=0, select bank0
  6690     0A03  1303               	bcf	3,6	;RP1=0, select bank0
  6691     0A04  00D5               	movwf	??_get_next_alarm+1
  6692     0A05  01D6               	clrf	??_get_next_alarm+2
  6693     0A06  0855               	movf	??_get_next_alarm+1,w
  6694     0A07  00F5               	movwf	___wmul@multiplier
  6695     0A08  0856               	movf	??_get_next_alarm+2,w
  6696     0A09  00F6               	movwf	___wmul@multiplier+1
  6697     0A0A  303C               	movlw	60
  6698     0A0B  00F7               	movwf	___wmul@multiplicand
  6699     0A0C  3000               	movlw	0
  6700     0A0D  00F8               	movwf	___wmul@multiplicand+1
  6701     0A0E  160A  118A  22F6  120A  158A  	fcall	___wmul
  6702     0A13  1283               	bcf	3,5	;RP0=0, select bank0
  6703     0A14  1303               	bcf	3,6	;RP1=0, select bank0
  6704     0A15  0854               	movf	??_get_next_alarm,w
  6705     0A16  0775               	addwf	?___wmul,w
  6706     0A17  00D9               	movwf	get_next_alarm@alarm_time
  6707     0A18  3000               	movlw	0
  6708     0A19  1803               	skipnc
  6709     0A1A  3001               	movlw	1
  6710     0A1B  0776               	addwf	?___wmul+1,w
  6711     0A1C  00DA               	movwf	get_next_alarm@alarm_time+1
  6712     0A1D                     l3139:
  6713                           
  6714                           ;digital_timer.c: 103:         diff = alarm_time - cur_time;
  6715     0A1D  0857               	movf	get_next_alarm@cur_time,w
  6716     0A1E  0259               	subwf	get_next_alarm@alarm_time,w
  6717     0A1F  00DF               	movwf	get_next_alarm@diff
  6718     0A20  0858               	movf	get_next_alarm@cur_time+1,w
  6719     0A21  1C03               	skipc
  6720     0A22  0A58               	incf	get_next_alarm@cur_time+1,w
  6721     0A23  025A               	subwf	get_next_alarm@alarm_time+1,w
  6722     0A24  00E0               	movwf	get_next_alarm@diff+1
  6723     0A25                     l3141:
  6724                           
  6725                           ;digital_timer.c: 105:         if(diff < 0)
  6726     0A25  1FE0               	btfss	get_next_alarm@diff+1,7
  6727     0A26  2A28               	goto	u3241
  6728     0A27  2A29               	goto	u3240
  6729     0A28                     u3241:
  6730     0A28  2A42               	goto	l3147
  6731     0A29                     u3240:
  6732     0A29                     l3143:
  6733                           
  6734                           ;digital_timer.c: 106:         {;digital_timer.c: 107:             if(alarms[i].type == 
      +                          'D')
  6735     0A29  3003               	movlw	3
  6736     0A2A  00F2               	movwf	___bmul@multiplicand
  6737     0A2B  0861               	movf	get_next_alarm@i,w
  6738     0A2C  120A  118A  27ED  120A  158A  	fcall	___bmul
  6739     0A31  3EA2               	addlw	(low ((_alarms| 0+2)))& (0+255)
  6740     0A32  0084               	movwf	4
  6741     0A33  3044               	movlw	68
  6742     0A34  1383               	bcf	3,7	;select IRP bank1
  6743     0A35  0600               	xorwf	0,w
  6744     0A36  1D03               	btfss	3,2
  6745     0A37  2A39               	goto	u3251
  6746     0A38  2A3A               	goto	u3250
  6747     0A39                     u3251:
  6748     0A39  2A5D               	goto	l3151
  6749     0A3A                     u3250:
  6750     0A3A                     l3145:
  6751                           
  6752                           ;digital_timer.c: 108:                 diff += 1440;
  6753     0A3A  30A0               	movlw	160
  6754     0A3B  1283               	bcf	3,5	;RP0=0, select bank0
  6755     0A3C  1303               	bcf	3,6	;RP1=0, select bank0
  6756     0A3D  07DF               	addwf	get_next_alarm@diff,f
  6757     0A3E  1803               	skipnc
  6758     0A3F  0AE0               	incf	get_next_alarm@diff+1,f
  6759     0A40  3005               	movlw	5
  6760     0A41  07E0               	addwf	get_next_alarm@diff+1,f
  6761     0A42                     l3147:
  6762                           
  6763                           ;digital_timer.c: 112:         if(diff < min_diff)
  6764     0A42  0860               	movf	get_next_alarm@diff+1,w
  6765     0A43  3A80               	xorlw	128
  6766     0A44  00D4               	movwf	??_get_next_alarm
  6767     0A45  085C               	movf	get_next_alarm@min_diff+1,w
  6768     0A46  3A80               	xorlw	128
  6769     0A47  0254               	subwf	??_get_next_alarm,w
  6770     0A48  1D03               	skipz
  6771     0A49  2A4C               	goto	u3265
  6772     0A4A  085B               	movf	get_next_alarm@min_diff,w
  6773     0A4B  025F               	subwf	get_next_alarm@diff,w
  6774     0A4C                     u3265:
  6775     0A4C  1803               	skipnc
  6776     0A4D  2A4F               	goto	u3261
  6777     0A4E  2A50               	goto	u3260
  6778     0A4F                     u3261:
  6779     0A4F  2A5D               	goto	l3151
  6780     0A50                     u3260:
  6781     0A50                     l3149:
  6782                           
  6783                           ;digital_timer.c: 113:         {;digital_timer.c: 114:             min_diff = diff;
  6784     0A50  1283               	bcf	3,5	;RP0=0, select bank0
  6785     0A51  1303               	bcf	3,6	;RP1=0, select bank0
  6786     0A52  0860               	movf	get_next_alarm@diff+1,w
  6787     0A53  00DC               	movwf	get_next_alarm@min_diff+1
  6788     0A54  085F               	movf	get_next_alarm@diff,w
  6789     0A55  00DB               	movwf	get_next_alarm@min_diff
  6790                           
  6791                           ;digital_timer.c: 115:             next_alarm = i;
  6792     0A56  0861               	movf	get_next_alarm@i,w
  6793     0A57  00D4               	movwf	??_get_next_alarm
  6794     0A58  01D5               	clrf	??_get_next_alarm+1
  6795     0A59  0854               	movf	??_get_next_alarm,w
  6796     0A5A  00DD               	movwf	get_next_alarm@next_alarm
  6797     0A5B  0855               	movf	??_get_next_alarm+1,w
  6798     0A5C  00DE               	movwf	get_next_alarm@next_alarm+1
  6799     0A5D                     l3151:
  6800     0A5D  3001               	movlw	1
  6801     0A5E  1283               	bcf	3,5	;RP0=0, select bank0
  6802     0A5F  1303               	bcf	3,6	;RP1=0, select bank0
  6803     0A60  07E1               	addwf	get_next_alarm@i,f
  6804     0A61                     l3153:
  6805     0A61  0846               	movf	_alarm_count,w
  6806     0A62  0261               	subwf	get_next_alarm@i,w
  6807     0A63  1C03               	skipc
  6808     0A64  2A66               	goto	u3271
  6809     0A65  2A67               	goto	u3270
  6810     0A66                     u3271:
  6811     0A66  29E7               	goto	l3137
  6812     0A67                     u3270:
  6813     0A67                     l3155:
  6814                           
  6815                           ;digital_timer.c: 118:     return next_alarm;
  6816     0A67  085E               	movf	get_next_alarm@next_alarm+1,w
  6817     0A68  00D3               	movwf	?_get_next_alarm+1
  6818     0A69  085D               	movf	get_next_alarm@next_alarm,w
  6819     0A6A  00D2               	movwf	?_get_next_alarm
  6820     0A6B                     l297:
  6821     0A6B  0008               	return
  6822     0A6C                     __end_of_get_next_alarm:
  6823                           
  6824                           	psect	text20
  6825     1696                     __ptext20:	
  6826 ;; *************** function _get_time *****************
  6827 ;; Defined at:
  6828 ;;		line 24 in file "digital_timer.c"
  6829 ;; Parameters:    Size  Location     Type
  6830 ;;		None
  6831 ;; Auto vars:     Size  Location     Type
  6832 ;;		None
  6833 ;; Return value:  Size  Location     Type
  6834 ;;                  1    wreg      void 
  6835 ;; Registers used:
  6836 ;;		wreg, status,2, status,0, pclath, cstack
  6837 ;; Tracked objects:
  6838 ;;		On entry : 0/0
  6839 ;;		On exit  : 0/0
  6840 ;;		Unchanged: 0/0
  6841 ;; Data sizes:     COMMON   BANK0   BANK1   BANK3   BANK2
  6842 ;;      Params:         0       0       0       0       0
  6843 ;;      Locals:         0       0       0       0       0
  6844 ;;      Temps:          1       0       0       0       0
  6845 ;;      Totals:         1       0       0       0       0
  6846 ;;Total ram usage:        1 bytes
  6847 ;; Hardware stack levels used: 1
  6848 ;; Hardware stack levels required when called: 1
  6849 ;; This function calls:
  6850 ;;		_read_ds1307
  6851 ;; This function is called by:
  6852 ;;		_extract_time_date
  6853 ;;		_get_next_alarm
  6854 ;;		_default_screen
  6855 ;; This function uses a non-reentrant model
  6856 ;;
  6857                           
  6858     1696                     _get_time:	
  6859                           ;psect for function _get_time
  6860                           
  6861     1696                     l2113:	
  6862                           ;incstack = 0
  6863                           ; Regs used in _get_time: [wreg+status,2+status,0+pclath+cstack]
  6864                           
  6865                           
  6866                           ;digital_timer.c: 25:     clock_reg[0] = read_ds1307(0x04);
  6867     1696  3004               	movlw	4
  6868     1697  160A  118A  2321  160A  118A  	fcall	_read_ds1307
  6869     169C  1283               	bcf	3,5	;RP0=0, select bank0
  6870     169D  1303               	bcf	3,6	;RP1=0, select bank0
  6871     169E  00B8               	movwf	_clock_reg
  6872                           
  6873                           ;digital_timer.c: 26:     clock_reg[1] = read_ds1307(0x05);
  6874     169F  3005               	movlw	5
  6875     16A0  160A  118A  2321  160A  118A  	fcall	_read_ds1307
  6876     16A5  1283               	bcf	3,5	;RP0=0, select bank0
  6877     16A6  1303               	bcf	3,6	;RP1=0, select bank0
  6878     16A7  00B9               	movwf	_clock_reg+1
  6879                           
  6880                           ;digital_timer.c: 27:     clock_reg[2] = read_ds1307(0x06);
  6881     16A8  3006               	movlw	6
  6882     16A9  160A  118A  2321  160A  118A  	fcall	_read_ds1307
  6883     16AE  1283               	bcf	3,5	;RP0=0, select bank0
  6884     16AF  1303               	bcf	3,6	;RP1=0, select bank0
  6885     16B0  00BA               	movwf	_clock_reg+2
  6886                           
  6887                           ;digital_timer.c: 28:     clock_reg[3] = read_ds1307(0x02);
  6888     16B1  3002               	movlw	2
  6889     16B2  160A  118A  2321  160A  118A  	fcall	_read_ds1307
  6890     16B7  1283               	bcf	3,5	;RP0=0, select bank0
  6891     16B8  1303               	bcf	3,6	;RP1=0, select bank0
  6892     16B9  00BB               	movwf	_clock_reg+3
  6893                           
  6894                           ;digital_timer.c: 29:     clock_reg[4] = read_ds1307(0x01);
  6895     16BA  3001               	movlw	1
  6896     16BB  160A  118A  2321  160A  118A  	fcall	_read_ds1307
  6897     16C0  1283               	bcf	3,5	;RP0=0, select bank0
  6898     16C1  1303               	bcf	3,6	;RP1=0, select bank0
  6899     16C2  00BC               	movwf	_clock_reg+4
  6900                           
  6901                           ;digital_timer.c: 30:     clock_reg[5] = read_ds1307(0x00);
  6902     16C3  3000               	movlw	0
  6903     16C4  160A  118A  2321  160A  118A  	fcall	_read_ds1307
  6904     16C9  1283               	bcf	3,5	;RP0=0, select bank0
  6905     16CA  1303               	bcf	3,6	;RP1=0, select bank0
  6906     16CB  00BD               	movwf	_clock_reg+5
  6907     16CC                     l2115:
  6908                           
  6909                           ;digital_timer.c: 34:     date[0] = ((clock_reg[0] >> 4) & 0x0F) + '0';
  6910     16CC  0838               	movf	_clock_reg,w
  6911     16CD  00F6               	movwf	??_get_time
  6912     16CE  3004               	movlw	4
  6913     16CF                     u1655:
  6914     16CF  1003               	clrc
  6915     16D0  0CF6               	rrf	??_get_time,f
  6916     16D1  3EFF               	addlw	-1
  6917     16D2  1D03               	skipz
  6918     16D3  2ECF               	goto	u1655
  6919     16D4  0876               	movf	??_get_time,w
  6920     16D5  390F               	andlw	15
  6921     16D6  3E30               	addlw	48
  6922     16D7  00A0               	movwf	_date
  6923     16D8                     l2117:
  6924                           
  6925                           ;digital_timer.c: 35:     date[1] = (clock_reg[0] & 0x0F) + '0';
  6926     16D8  0838               	movf	_clock_reg,w
  6927     16D9  390F               	andlw	15
  6928     16DA  3E30               	addlw	48
  6929     16DB  00A1               	movwf	_date+1
  6930     16DC                     l2119:
  6931                           
  6932                           ;digital_timer.c: 38:     date[2] = ((clock_reg[1] >> 4) & 0x0F) + '0';
  6933     16DC  0839               	movf	_clock_reg+1,w
  6934     16DD  00F6               	movwf	??_get_time
  6935     16DE  3004               	movlw	4
  6936     16DF                     u1665:
  6937     16DF  1003               	clrc
  6938     16E0  0CF6               	rrf	??_get_time,f
  6939     16E1  3EFF               	addlw	-1
  6940     16E2  1D03               	skipz
  6941     16E3  2EDF               	goto	u1665
  6942     16E4  0876               	movf	??_get_time,w
  6943     16E5  390F               	andlw	15
  6944     16E6  3E30               	addlw	48
  6945     16E7  00A2               	movwf	_date+2
  6946     16E8                     l2121:
  6947                           
  6948                           ;digital_timer.c: 39:     date[3] = (clock_reg[1] & 0x0F) + '0';
  6949     16E8  0839               	movf	_clock_reg+1,w
  6950     16E9  390F               	andlw	15
  6951     16EA  3E30               	addlw	48
  6952     16EB  00A3               	movwf	_date+3
  6953     16EC                     l2123:
  6954                           
  6955                           ;digital_timer.c: 42:     date[4] = '2';
  6956     16EC  3032               	movlw	50
  6957     16ED  00A4               	movwf	_date+4
  6958     16EE                     l2125:
  6959                           
  6960                           ;digital_timer.c: 43:     date[5] = '0';
  6961     16EE  3030               	movlw	48
  6962     16EF  00A5               	movwf	_date+5
  6963     16F0                     l2127:
  6964                           
  6965                           ;digital_timer.c: 44:     date[6] = ((clock_reg[2] >> 4) & 0x0F) + '0';
  6966     16F0  083A               	movf	_clock_reg+2,w
  6967     16F1  00F6               	movwf	??_get_time
  6968     16F2  3004               	movlw	4
  6969     16F3                     u1675:
  6970     16F3  1003               	clrc
  6971     16F4  0CF6               	rrf	??_get_time,f
  6972     16F5  3EFF               	addlw	-1
  6973     16F6  1D03               	skipz
  6974     16F7  2EF3               	goto	u1675
  6975     16F8  0876               	movf	??_get_time,w
  6976     16F9  390F               	andlw	15
  6977     16FA  3E30               	addlw	48
  6978     16FB  00A6               	movwf	_date+6
  6979     16FC                     l2129:
  6980                           
  6981                           ;digital_timer.c: 45:     date[7] = (clock_reg[2] & 0x0F) + '0';
  6982     16FC  083A               	movf	_clock_reg+2,w
  6983     16FD  390F               	andlw	15
  6984     16FE  3E30               	addlw	48
  6985     16FF  00A7               	movwf	_date+7
  6986     1700                     l2131:
  6987                           
  6988                           ;digital_timer.c: 46:     date[8] = '\0';
  6989     1700  01A8               	clrf	_date+8
  6990     1701                     l2133:
  6991                           
  6992                           ;digital_timer.c: 49:     time[0] = ((clock_reg[3] >> 4) & 0x0F) + '0';
  6993     1701  083B               	movf	_clock_reg+3,w
  6994     1702  00F6               	movwf	??_get_time
  6995     1703  3004               	movlw	4
  6996     1704                     u1685:
  6997     1704  1003               	clrc
  6998     1705  0CF6               	rrf	??_get_time,f
  6999     1706  3EFF               	addlw	-1
  7000     1707  1D03               	skipz
  7001     1708  2F04               	goto	u1685
  7002     1709  0876               	movf	??_get_time,w
  7003     170A  390F               	andlw	15
  7004     170B  3E30               	addlw	48
  7005     170C  00B1               	movwf	_time
  7006     170D                     l2135:
  7007                           
  7008                           ;digital_timer.c: 50:     time[1] = (clock_reg[3] & 0x0F) + '0';
  7009     170D  083B               	movf	_clock_reg+3,w
  7010     170E  390F               	andlw	15
  7011     170F  3E30               	addlw	48
  7012     1710  00B2               	movwf	_time+1
  7013     1711                     l2137:
  7014                           
  7015                           ;digital_timer.c: 53:     time[2] = ((clock_reg[4] >> 4) & 0x0F) + '0';
  7016     1711  083C               	movf	_clock_reg+4,w
  7017     1712  00F6               	movwf	??_get_time
  7018     1713  3004               	movlw	4
  7019     1714                     u1695:
  7020     1714  1003               	clrc
  7021     1715  0CF6               	rrf	??_get_time,f
  7022     1716  3EFF               	addlw	-1
  7023     1717  1D03               	skipz
  7024     1718  2F14               	goto	u1695
  7025     1719  0876               	movf	??_get_time,w
  7026     171A  390F               	andlw	15
  7027     171B  3E30               	addlw	48
  7028     171C  00B3               	movwf	_time+2
  7029     171D                     l2139:
  7030                           
  7031                           ;digital_timer.c: 54:     time[3] = (clock_reg[4] & 0x0F) + '0';
  7032     171D  083C               	movf	_clock_reg+4,w
  7033     171E  390F               	andlw	15
  7034     171F  3E30               	addlw	48
  7035     1720  00B4               	movwf	_time+3
  7036     1721                     l2141:
  7037                           
  7038                           ;digital_timer.c: 57:     time[4] = ((clock_reg[5] >> 4) & 0x0F) + '0';
  7039     1721  083D               	movf	_clock_reg+5,w
  7040     1722  00F6               	movwf	??_get_time
  7041     1723  3004               	movlw	4
  7042     1724                     u1705:
  7043     1724  1003               	clrc
  7044     1725  0CF6               	rrf	??_get_time,f
  7045     1726  3EFF               	addlw	-1
  7046     1727  1D03               	skipz
  7047     1728  2F24               	goto	u1705
  7048     1729  0876               	movf	??_get_time,w
  7049     172A  390F               	andlw	15
  7050     172B  3E30               	addlw	48
  7051     172C  00B5               	movwf	_time+4
  7052     172D                     l2143:
  7053                           
  7054                           ;digital_timer.c: 58:     time[5] = (clock_reg[5] & 0x0F) + '0';
  7055     172D  083D               	movf	_clock_reg+5,w
  7056     172E  390F               	andlw	15
  7057     172F  3E30               	addlw	48
  7058     1730  00B6               	movwf	_time+5
  7059     1731                     l2145:
  7060                           
  7061                           ;digital_timer.c: 59:     time[6] = '\0';
  7062     1731  01B7               	clrf	_time+6
  7063     1732                     l283:
  7064     1732  0008               	return
  7065     1733                     __end_of_get_time:
  7066                           
  7067                           	psect	text21
  7068     1321                     __ptext21:	
  7069 ;; *************** function _read_ds1307 *****************
  7070 ;; Defined at:
  7071 ;;		line 14 in file "ds1307.c"
  7072 ;; Parameters:    Size  Location     Type
  7073 ;;  addr            1    wreg     unsigned char 
  7074 ;; Auto vars:     Size  Location     Type
  7075 ;;  addr            1    4[COMMON] unsigned char 
  7076 ;;  data            1    5[COMMON] unsigned char 
  7077 ;; Return value:  Size  Location     Type
  7078 ;;                  1    wreg      unsigned char 
  7079 ;; Registers used:
  7080 ;;		wreg, status,2, status,0, pclath, cstack
  7081 ;; Tracked objects:
  7082 ;;		On entry : 0/0
  7083 ;;		On exit  : 0/0
  7084 ;;		Unchanged: 0/0
  7085 ;; Data sizes:     COMMON   BANK0   BANK1   BANK3   BANK2
  7086 ;;      Params:         0       0       0       0       0
  7087 ;;      Locals:         2       0       0       0       0
  7088 ;;      Temps:          0       0       0       0       0
  7089 ;;      Totals:         2       0       0       0       0
  7090 ;;Total ram usage:        2 bytes
  7091 ;; Hardware stack levels used: 1
  7092 ;; Hardware stack levels required when called: 1
  7093 ;; This function calls:
  7094 ;;		_i2c_read
  7095 ;;		_i2c_rep_start
  7096 ;;		_i2c_start
  7097 ;;		_i2c_stop
  7098 ;;		_i2c_write
  7099 ;; This function is called by:
  7100 ;;		_init_ds1307
  7101 ;;		_get_time
  7102 ;; This function uses a non-reentrant model
  7103 ;;
  7104                           
  7105     1321                     _read_ds1307:	
  7106                           ;psect for function _read_ds1307
  7107                           
  7108                           
  7109                           ;incstack = 0
  7110                           ; Regs used in _read_ds1307: [wreg+status,2+status,0+pclath+cstack]
  7111                           ;read_ds1307@addr stored from wreg
  7112     1321  00F4               	movwf	read_ds1307@addr
  7113     1322                     l2087:
  7114                           
  7115                           ;ds1307.c: 14: unsigned char read_ds1307(unsigned char addr);ds1307.c: 15: {;ds1307.c: 1
      +                          6:     unsigned char data;;ds1307.c: 18:     i2c_start();
  7116     1322  160A  118A  2197  160A  118A  	fcall	_i2c_start
  7117                           
  7118                           ;ds1307.c: 19:     i2c_write(0b11010000);
  7119     1327  30D0               	movlw	208
  7120     1328  160A  118A  21B4  160A  118A  	fcall	_i2c_write
  7121                           
  7122                           ;ds1307.c: 20:     i2c_write(addr);
  7123     132D  0874               	movf	read_ds1307@addr,w
  7124     132E  160A  118A  21B4  160A  118A  	fcall	_i2c_write
  7125                           
  7126                           ;ds1307.c: 21:     i2c_rep_start();
  7127     1333  160A  118A  21A9  160A  118A  	fcall	_i2c_rep_start
  7128                           
  7129                           ;ds1307.c: 22:     i2c_write(0b11010001);
  7130     1338  30D1               	movlw	209
  7131     1339  160A  118A  21B4  160A  118A  	fcall	_i2c_write
  7132                           
  7133                           ;ds1307.c: 23:     data = i2c_read(0);
  7134     133E  3000               	movlw	0
  7135     133F  160A  118A  223A  160A  118A  	fcall	_i2c_read
  7136     1344  00F5               	movwf	read_ds1307@data
  7137                           
  7138                           ;ds1307.c: 24:     i2c_stop();
  7139     1345  160A  118A  21A0  160A  118A  	fcall	_i2c_stop
  7140     134A                     l2089:
  7141                           
  7142                           ;ds1307.c: 26:     return data;
  7143     134A  0875               	movf	read_ds1307@data,w
  7144     134B                     l144:
  7145     134B  0008               	return
  7146     134C                     __end_of_read_ds1307:
  7147                           
  7148                           	psect	text22
  7149     11B4                     __ptext22:	
  7150 ;; *************** function _i2c_write *****************
  7151 ;; Defined at:
  7152 ;;		line 65 in file "i2c.c"
  7153 ;; Parameters:    Size  Location     Type
  7154 ;;  data            1    wreg     unsigned char 
  7155 ;; Auto vars:     Size  Location     Type
  7156 ;;  data            1    2[COMMON] unsigned char 
  7157 ;; Return value:  Size  Location     Type
  7158 ;;                  2  132[None  ] int 
  7159 ;; Registers used:
  7160 ;;		wreg, status,2, status,0, pclath, cstack
  7161 ;; Tracked objects:
  7162 ;;		On entry : 0/0
  7163 ;;		On exit  : 0/0
  7164 ;;		Unchanged: 0/0
  7165 ;; Data sizes:     COMMON   BANK0   BANK1   BANK3   BANK2
  7166 ;;      Params:         0       0       0       0       0
  7167 ;;      Locals:         1       0       0       0       0
  7168 ;;      Temps:          0       0       0       0       0
  7169 ;;      Totals:         1       0       0       0       0
  7170 ;;Total ram usage:        1 bytes
  7171 ;; Hardware stack levels used: 1
  7172 ;; Hardware stack levels required when called: 1
  7173 ;; This function calls:
  7174 ;;		_i2c_wait_for_idle
  7175 ;; This function is called by:
  7176 ;;		_read_ds1307
  7177 ;;		_write_ds1307
  7178 ;; This function uses a non-reentrant model
  7179 ;;
  7180                           
  7181     11B4                     _i2c_write:	
  7182                           ;psect for function _i2c_write
  7183                           
  7184                           
  7185                           ;incstack = 0
  7186                           ; Regs used in _i2c_write: [wreg+status,2+status,0+pclath+cstack]
  7187                           ;i2c_write@data stored from wreg
  7188     11B4  00F2               	movwf	i2c_write@data
  7189     11B5                     l2063:
  7190                           
  7191                           ;i2c.c: 65: int i2c_write(unsigned char data);i2c.c: 66: {;i2c.c: 67:     i2c_wait_for_i
      +                          dle();
  7192     11B5  160A  118A  21CA  160A  118A  	fcall	_i2c_wait_for_idle
  7193     11BA                     l2065:
  7194                           
  7195                           ;i2c.c: 68:     SSPBUF = data;
  7196     11BA  0872               	movf	i2c_write@data,w
  7197     11BB  1283               	bcf	3,5	;RP0=0, select bank0
  7198     11BC  1303               	bcf	3,6	;RP1=0, select bank0
  7199     11BD  0093               	movwf	19	;volatile
  7200     11BE                     l2067:
  7201     11BE                     l199:	
  7202                           ;i2c.c: 70:     return !ACKSTAT;;	Return value of _i2c_write is never used
  7203                           
  7204     11BE  0008               	return
  7205     11BF                     __end_of_i2c_write:
  7206                           
  7207                           	psect	text23
  7208     11A9                     __ptext23:	
  7209 ;; *************** function _i2c_rep_start *****************
  7210 ;; Defined at:
  7211 ;;		line 28 in file "i2c.c"
  7212 ;; Parameters:    Size  Location     Type
  7213 ;;		None
  7214 ;; Auto vars:     Size  Location     Type
  7215 ;;		None
  7216 ;; Return value:  Size  Location     Type
  7217 ;;                  1    wreg      void 
  7218 ;; Registers used:
  7219 ;;		wreg, status,2, status,0, pclath, cstack
  7220 ;; Tracked objects:
  7221 ;;		On entry : 0/0
  7222 ;;		On exit  : 0/0
  7223 ;;		Unchanged: 0/0
  7224 ;; Data sizes:     COMMON   BANK0   BANK1   BANK3   BANK2
  7225 ;;      Params:         0       0       0       0       0
  7226 ;;      Locals:         0       0       0       0       0
  7227 ;;      Temps:          0       0       0       0       0
  7228 ;;      Totals:         0       0       0       0       0
  7229 ;;Total ram usage:        0 bytes
  7230 ;; Hardware stack levels used: 1
  7231 ;; Hardware stack levels required when called: 3
  7232 ;; This function calls:
  7233 ;;		_i2c_start
  7234 ;;		_i2c_stop
  7235 ;; This function is called by:
  7236 ;;		_read_ds1307
  7237 ;; This function uses a non-reentrant model
  7238 ;;
  7239                           
  7240     11A9                     _i2c_rep_start:	
  7241                           ;psect for function _i2c_rep_start
  7242                           
  7243     11A9                     l2071:	
  7244                           ;incstack = 0
  7245 ;; hardware stack exceeded
  7246                           ; Regs used in _i2c_rep_start: [wreg+status,2+status,0+pclath+cstack]
  7247                           
  7248                           
  7249                           ;i2c.c: 30:     i2c_stop();
  7250     11A9  160A  118A  21A0  160A  118A  	fcall	_i2c_stop
  7251                           
  7252                           ;i2c.c: 31:     i2c_start();
  7253     11AE  160A  118A  2197  160A  118A  	fcall	_i2c_start
  7254     11B3                     l188:
  7255     11B3  0008               	return
  7256     11B4                     __end_of_i2c_rep_start:
  7257                           
  7258                           	psect	text24
  7259     11A0                     __ptext24:	
  7260 ;; *************** function _i2c_stop *****************
  7261 ;; Defined at:
  7262 ;;		line 35 in file "i2c.c"
  7263 ;; Parameters:    Size  Location     Type
  7264 ;;		None
  7265 ;; Auto vars:     Size  Location     Type
  7266 ;;		None
  7267 ;; Return value:  Size  Location     Type
  7268 ;;                  1    wreg      void 
  7269 ;; Registers used:
  7270 ;;		wreg, status,2, status,0, pclath, cstack
  7271 ;; Tracked objects:
  7272 ;;		On entry : 0/0
  7273 ;;		On exit  : 0/0
  7274 ;;		Unchanged: 0/0
  7275 ;; Data sizes:     COMMON   BANK0   BANK1   BANK3   BANK2
  7276 ;;      Params:         0       0       0       0       0
  7277 ;;      Locals:         0       0       0       0       0
  7278 ;;      Temps:          0       0       0       0       0
  7279 ;;      Totals:         0       0       0       0       0
  7280 ;;Total ram usage:        0 bytes
  7281 ;; Hardware stack levels used: 1
  7282 ;; Hardware stack levels required when called: 1
  7283 ;; This function calls:
  7284 ;;		_i2c_wait_for_idle
  7285 ;; This function is called by:
  7286 ;;		_read_ds1307
  7287 ;;		_write_ds1307
  7288 ;;		_i2c_rep_start
  7289 ;; This function uses a non-reentrant model
  7290 ;;
  7291                           
  7292     11A0                     _i2c_stop:	
  7293                           ;psect for function _i2c_stop
  7294                           
  7295     11A0                     l2059:	
  7296                           ;incstack = 0
  7297                           ; Regs used in _i2c_stop: [wreg+status,2+status,0+pclath+cstack]
  7298                           
  7299                           
  7300                           ;i2c.c: 37:     i2c_wait_for_idle();
  7301     11A0  160A  118A  21CA  160A  118A  	fcall	_i2c_wait_for_idle
  7302     11A5                     l2061:
  7303                           
  7304                           ;i2c.c: 38:     PEN = 1;
  7305     11A5  1683               	bsf	3,5	;RP0=1, select bank1
  7306     11A6  1303               	bcf	3,6	;RP1=0, select bank1
  7307     11A7  1511               	bsf	17,2	;volatile
  7308     11A8                     l191:
  7309     11A8  0008               	return
  7310     11A9                     __end_of_i2c_stop:
  7311                           
  7312                           	psect	text25
  7313     1197                     __ptext25:	
  7314 ;; *************** function _i2c_start *****************
  7315 ;; Defined at:
  7316 ;;		line 22 in file "i2c.c"
  7317 ;; Parameters:    Size  Location     Type
  7318 ;;		None
  7319 ;; Auto vars:     Size  Location     Type
  7320 ;;		None
  7321 ;; Return value:  Size  Location     Type
  7322 ;;                  1    wreg      void 
  7323 ;; Registers used:
  7324 ;;		wreg, status,2, status,0, pclath, cstack
  7325 ;; Tracked objects:
  7326 ;;		On entry : 0/0
  7327 ;;		On exit  : 0/0
  7328 ;;		Unchanged: 0/0
  7329 ;; Data sizes:     COMMON   BANK0   BANK1   BANK3   BANK2
  7330 ;;      Params:         0       0       0       0       0
  7331 ;;      Locals:         0       0       0       0       0
  7332 ;;      Temps:          0       0       0       0       0
  7333 ;;      Totals:         0       0       0       0       0
  7334 ;;Total ram usage:        0 bytes
  7335 ;; Hardware stack levels used: 1
  7336 ;; Hardware stack levels required when called: 1
  7337 ;; This function calls:
  7338 ;;		_i2c_wait_for_idle
  7339 ;; This function is called by:
  7340 ;;		_read_ds1307
  7341 ;;		_write_ds1307
  7342 ;;		_i2c_rep_start
  7343 ;; This function uses a non-reentrant model
  7344 ;;
  7345                           
  7346     1197                     _i2c_start:	
  7347                           ;psect for function _i2c_start
  7348                           
  7349     1197                     l2055:	
  7350                           ;incstack = 0
  7351                           ; Regs used in _i2c_start: [wreg+status,2+status,0+pclath+cstack]
  7352                           
  7353                           
  7354                           ;i2c.c: 24:     i2c_wait_for_idle();
  7355     1197  160A  118A  21CA  160A  118A  	fcall	_i2c_wait_for_idle
  7356     119C                     l2057:
  7357                           
  7358                           ;i2c.c: 25:     SEN = 1;
  7359     119C  1683               	bsf	3,5	;RP0=1, select bank1
  7360     119D  1303               	bcf	3,6	;RP1=0, select bank1
  7361     119E  1411               	bsf	17,0	;volatile
  7362     119F                     l185:
  7363     119F  0008               	return
  7364     11A0                     __end_of_i2c_start:
  7365                           
  7366                           	psect	text26
  7367     123A                     __ptext26:	
  7368 ;; *************** function _i2c_read *****************
  7369 ;; Defined at:
  7370 ;;		line 41 in file "i2c.c"
  7371 ;; Parameters:    Size  Location     Type
  7372 ;;  ack             1    wreg     unsigned char 
  7373 ;; Auto vars:     Size  Location     Type
  7374 ;;  ack             1    2[COMMON] unsigned char 
  7375 ;;  data            1    3[COMMON] unsigned char 
  7376 ;; Return value:  Size  Location     Type
  7377 ;;                  1    wreg      unsigned char 
  7378 ;; Registers used:
  7379 ;;		wreg, status,2, status,0, pclath, cstack
  7380 ;; Tracked objects:
  7381 ;;		On entry : 0/0
  7382 ;;		On exit  : 0/0
  7383 ;;		Unchanged: 0/0
  7384 ;; Data sizes:     COMMON   BANK0   BANK1   BANK3   BANK2
  7385 ;;      Params:         0       0       0       0       0
  7386 ;;      Locals:         2       0       0       0       0
  7387 ;;      Temps:          0       0       0       0       0
  7388 ;;      Totals:         2       0       0       0       0
  7389 ;;Total ram usage:        2 bytes
  7390 ;; Hardware stack levels used: 1
  7391 ;; Hardware stack levels required when called: 2
  7392 ;; This function calls:
  7393 ;;		_i2c_wait_for_idle
  7394 ;; This function is called by:
  7395 ;;		_read_ds1307
  7396 ;; This function uses a non-reentrant model
  7397 ;;
  7398                           
  7399     123A                     _i2c_read:	
  7400                           ;psect for function _i2c_read
  7401                           
  7402                           
  7403                           ;incstack = 0
  7404                           ; Regs used in _i2c_read: [wreg+status,2+status,0+pclath+cstack]
  7405                           ;i2c_read@ack stored from wreg
  7406     123A  00F2               	movwf	i2c_read@ack
  7407     123B                     l2073:
  7408                           
  7409                           ;i2c.c: 41: unsigned char i2c_read(unsigned char ack);i2c.c: 42: {;i2c.c: 43:     unsign
      +                          ed char data;;i2c.c: 45:     i2c_wait_for_idle();
  7410     123B  160A  118A  21CA  160A  118A  	fcall	_i2c_wait_for_idle
  7411     1240                     l2075:
  7412                           
  7413                           ;i2c.c: 46:     RCEN = 1;
  7414     1240  1683               	bsf	3,5	;RP0=1, select bank1
  7415     1241  1303               	bcf	3,6	;RP1=0, select bank1
  7416     1242  1591               	bsf	17,3	;volatile
  7417                           
  7418                           ;i2c.c: 48:     i2c_wait_for_idle();
  7419     1243  160A  118A  21CA  160A  118A  	fcall	_i2c_wait_for_idle
  7420     1248                     l2077:
  7421                           
  7422                           ;i2c.c: 49:     data = SSPBUF;
  7423     1248  1283               	bcf	3,5	;RP0=0, select bank0
  7424     1249  1303               	bcf	3,6	;RP1=0, select bank0
  7425     124A  0813               	movf	19,w	;volatile
  7426     124B  00F3               	movwf	i2c_read@data
  7427     124C                     l2079:
  7428                           
  7429                           ;i2c.c: 51:     if (ack == 1)
  7430     124C  0372               	decf	i2c_read@ack,w
  7431     124D  1D03               	btfss	3,2
  7432     124E  2A50               	goto	u1611
  7433     124F  2A51               	goto	u1610
  7434     1250                     u1611:
  7435     1250  2A55               	goto	l194
  7436     1251                     u1610:
  7437     1251                     l2081:
  7438                           
  7439                           ;i2c.c: 52:     {;i2c.c: 53:         ACKDT = 1;
  7440     1251  1683               	bsf	3,5	;RP0=1, select bank1
  7441     1252  1303               	bcf	3,6	;RP1=0, select bank1
  7442     1253  1691               	bsf	17,5	;volatile
  7443                           
  7444                           ;i2c.c: 54:     }
  7445     1254  2A58               	goto	l195
  7446     1255                     l194:	
  7447                           ;i2c.c: 55:     else
  7448                           
  7449                           
  7450                           ;i2c.c: 56:     {;i2c.c: 57:         ACKDT = 0;
  7451     1255  1683               	bsf	3,5	;RP0=1, select bank1
  7452     1256  1303               	bcf	3,6	;RP1=0, select bank1
  7453     1257  1291               	bcf	17,5	;volatile
  7454     1258                     l195:	
  7455                           ;i2c.c: 58:     }
  7456                           
  7457                           
  7458                           ;i2c.c: 60:     ACKEN = 1;
  7459     1258  1611               	bsf	17,4	;volatile
  7460     1259                     l2083:
  7461                           
  7462                           ;i2c.c: 62:     return data;
  7463     1259  0873               	movf	i2c_read@data,w
  7464     125A                     l196:
  7465     125A  0008               	return
  7466     125B                     __end_of_i2c_read:
  7467                           
  7468                           	psect	text27
  7469     11CA                     __ptext27:	
  7470 ;; *************** function _i2c_wait_for_idle *****************
  7471 ;; Defined at:
  7472 ;;		line 16 in file "i2c.c"
  7473 ;; Parameters:    Size  Location     Type
  7474 ;;		None
  7475 ;; Auto vars:     Size  Location     Type
  7476 ;;		None
  7477 ;; Return value:  Size  Location     Type
  7478 ;;                  1    wreg      void 
  7479 ;; Registers used:
  7480 ;;		wreg, status,2
  7481 ;; Tracked objects:
  7482 ;;		On entry : 0/0
  7483 ;;		On exit  : 0/0
  7484 ;;		Unchanged: 0/0
  7485 ;; Data sizes:     COMMON   BANK0   BANK1   BANK3   BANK2
  7486 ;;      Params:         0       0       0       0       0
  7487 ;;      Locals:         0       0       0       0       0
  7488 ;;      Temps:          0       0       0       0       0
  7489 ;;      Totals:         0       0       0       0       0
  7490 ;;Total ram usage:        0 bytes
  7491 ;; Hardware stack levels used: 1
  7492 ;; Hardware stack levels required when called: 1
  7493 ;; This function calls:
  7494 ;;		Nothing
  7495 ;; This function is called by:
  7496 ;;		_i2c_start
  7497 ;;		_i2c_stop
  7498 ;;		_i2c_read
  7499 ;;		_i2c_write
  7500 ;; This function uses a non-reentrant model
  7501 ;;
  7502                           
  7503     11CA                     _i2c_wait_for_idle:	
  7504                           ;psect for function _i2c_wait_for_idle
  7505                           
  7506     11CA                     l2051:	
  7507                           ;incstack = 0
  7508 ;; hardware stack exceeded
  7509                           ; Regs used in _i2c_wait_for_idle: [wreg+status,2]
  7510                           
  7511     11CA                     l179:	
  7512                           ;i2c.c: 19:     while (R_nW || (SSPCON2 & 0x1F));
  7513                           
  7514     11CA  1683               	bsf	3,5	;RP0=1, select bank1
  7515     11CB  1303               	bcf	3,6	;RP1=0, select bank1
  7516     11CC  1914               	btfsc	20,2	;volatile
  7517     11CD  29CF               	goto	u1591
  7518     11CE  29D0               	goto	u1590
  7519     11CF                     u1591:
  7520     11CF  29CA               	goto	l179
  7521     11D0                     u1590:
  7522     11D0                     l2053:
  7523     11D0  0811               	movf	17,w	;volatile
  7524     11D1  391F               	andlw	31
  7525     11D2  1D03               	btfss	3,2
  7526     11D3  29D5               	goto	u1601
  7527     11D4  29D6               	goto	u1600
  7528     11D5                     u1601:
  7529     11D5  29CA               	goto	l179
  7530     11D6                     u1600:
  7531     11D6                     l182:
  7532     11D6  0008               	return
  7533     11D7                     __end_of_i2c_wait_for_idle:
  7534                           
  7535                           	psect	text28
  7536     12F6                     __ptext28:	
  7537 ;; *************** function ___wmul *****************
  7538 ;; Defined at:
  7539 ;;		line 15 in file "C:\Program Files\Microchip\xc8\v3.10\pic\sources\c99\common\Umul16.c"
  7540 ;; Parameters:    Size  Location     Type
  7541 ;;  multiplier      2    5[COMMON] unsigned int 
  7542 ;;  multiplicand    2    7[COMMON] unsigned int 
  7543 ;; Auto vars:     Size  Location     Type
  7544 ;;  product         2    0[BANK0 ] unsigned int 
  7545 ;; Return value:  Size  Location     Type
  7546 ;;                  2    5[COMMON] unsigned int 
  7547 ;; Registers used:
  7548 ;;		wreg, status,2, status,0
  7549 ;; Tracked objects:
  7550 ;;		On entry : 0/0
  7551 ;;		On exit  : 0/0
  7552 ;;		Unchanged: 0/0
  7553 ;; Data sizes:     COMMON   BANK0   BANK1   BANK3   BANK2
  7554 ;;      Params:         4       0       0       0       0
  7555 ;;      Locals:         0       2       0       0       0
  7556 ;;      Temps:          0       0       0       0       0
  7557 ;;      Totals:         4       2       0       0       0
  7558 ;;Total ram usage:        6 bytes
  7559 ;; Hardware stack levels used: 1
  7560 ;; Hardware stack levels required when called: 1
  7561 ;; This function calls:
  7562 ;;		Nothing
  7563 ;; This function is called by:
  7564 ;;		_get_next_alarm
  7565 ;; This function uses a non-reentrant model
  7566 ;;
  7567                           
  7568     12F6                     ___wmul:	
  7569                           ;psect for function ___wmul
  7570                           
  7571     12F6                     l2147:	
  7572                           ;incstack = 0
  7573                           ; Regs used in ___wmul: [wreg+status,2+status,0]
  7574                           
  7575     12F6  1283               	bcf	3,5	;RP0=0, select bank0
  7576     12F7  1303               	bcf	3,6	;RP1=0, select bank0
  7577     12F8  01D0               	clrf	___wmul@product
  7578     12F9  01D1               	clrf	___wmul@product+1
  7579     12FA                     l2149:
  7580     12FA  1C75               	btfss	___wmul@multiplier,0
  7581     12FB  2AFD               	goto	u1711
  7582     12FC  2AFE               	goto	u1710
  7583     12FD                     u1711:
  7584     12FD  2B06               	goto	l537
  7585     12FE                     u1710:
  7586     12FE                     l2151:
  7587     12FE  0877               	movf	___wmul@multiplicand,w
  7588     12FF  1283               	bcf	3,5	;RP0=0, select bank0
  7589     1300  1303               	bcf	3,6	;RP1=0, select bank0
  7590     1301  07D0               	addwf	___wmul@product,f
  7591     1302  1803               	skipnc
  7592     1303  0AD1               	incf	___wmul@product+1,f
  7593     1304  0878               	movf	___wmul@multiplicand+1,w
  7594     1305  07D1               	addwf	___wmul@product+1,f
  7595     1306                     l537:
  7596     1306  3001               	movlw	1
  7597     1307                     u1725:
  7598     1307  1003               	clrc
  7599     1308  0DF7               	rlf	___wmul@multiplicand,f
  7600     1309  0DF8               	rlf	___wmul@multiplicand+1,f
  7601     130A  3EFF               	addlw	-1
  7602     130B  1D03               	skipz
  7603     130C  2B07               	goto	u1725
  7604     130D                     l2153:
  7605     130D  3001               	movlw	1
  7606     130E                     u1735:
  7607     130E  1003               	clrc
  7608     130F  0CF6               	rrf	___wmul@multiplier+1,f
  7609     1310  0CF5               	rrf	___wmul@multiplier,f
  7610     1311  3EFF               	addlw	-1
  7611     1312  1D03               	skipz
  7612     1313  2B0E               	goto	u1735
  7613     1314                     l2155:
  7614     1314  0875               	movf	___wmul@multiplier,w
  7615     1315  0476               	iorwf	___wmul@multiplier+1,w
  7616     1316  1D03               	btfss	3,2
  7617     1317  2B19               	goto	u1741
  7618     1318  2B1A               	goto	u1740
  7619     1319                     u1741:
  7620     1319  2AFA               	goto	l2149
  7621     131A                     u1740:
  7622     131A                     l2157:
  7623     131A  1283               	bcf	3,5	;RP0=0, select bank0
  7624     131B  1303               	bcf	3,6	;RP1=0, select bank0
  7625     131C  0851               	movf	___wmul@product+1,w
  7626     131D  00F6               	movwf	?___wmul+1
  7627     131E  0850               	movf	___wmul@product,w
  7628     131F  00F5               	movwf	?___wmul
  7629     1320                     l539:
  7630     1320  0008               	return
  7631     1321                     __end_of___wmul:
  7632                           
  7633                           	psect	text29
  7634     0D49                     __ptext29:	
  7635 ;; *************** function _add_edit_alarm *****************
  7636 ;; Defined at:
  7637 ;;		line 452 in file "digital_timer.c"
  7638 ;; Parameters:    Size  Location     Type
  7639 ;;  key             1    6[BANK0 ] PTR unsigned char 
  7640 ;;		 -> main@key(1), 
  7641 ;;  screen_flag     1    7[BANK0 ] PTR unsigned char 
  7642 ;;		 -> main@screen_flag(1), 
  7643 ;;  reset_flag      1    8[BANK0 ] PTR unsigned char 
  7644 ;;		 -> main@reset_flag(1), 
  7645 ;; Auto vars:     Size  Location     Type
  7646 ;;		None
  7647 ;; Return value:  Size  Location     Type
  7648 ;;                  1    wreg      void 
  7649 ;; Registers used:
  7650 ;;		wreg, fsr0l, fsr0h, status,2, status,0, pclath, cstack
  7651 ;; Tracked objects:
  7652 ;;		On entry : 0/0
  7653 ;;		On exit  : 0/0
  7654 ;;		Unchanged: 0/0
  7655 ;; Data sizes:     COMMON   BANK0   BANK1   BANK3   BANK2
  7656 ;;      Params:         0       3       0       0       0
  7657 ;;      Locals:         0       0       0       0       0
  7658 ;;      Temps:          0       3       0       0       0
  7659 ;;      Totals:         0       6       0       0       0
  7660 ;;Total ram usage:        6 bytes
  7661 ;; Hardware stack levels used: 1
  7662 ;; Hardware stack levels required when called: 3
  7663 ;; This function calls:
  7664 ;;		___awdiv
  7665 ;;		___awmod
  7666 ;;		_clcd_print
  7667 ;;		_clcd_putch
  7668 ;;		_clear_screen
  7669 ;;		_save_alarm
  7670 ;; This function is called by:
  7671 ;;		_main
  7672 ;; This function uses a non-reentrant model
  7673 ;;
  7674                           
  7675     0D49                     _add_edit_alarm:	
  7676                           ;psect for function _add_edit_alarm
  7677                           
  7678     0D49                     l3687:	
  7679                           ;incstack = 0
  7680                           ; Regs used in _add_edit_alarm: [wreg-fsr0h+status,2+status,0+pclath+cstack]
  7681                           
  7682                           
  7683                           ;digital_timer.c: 453:     if (*reset_flag == 0xF3) {
  7684     0D49  1283               	bcf	3,5	;RP0=0, select bank0
  7685     0D4A  1303               	bcf	3,6	;RP1=0, select bank0
  7686     0D4B  0858               	movf	add_edit_alarm@reset_flag,w
  7687     0D4C  0084               	movwf	4
  7688     0D4D  30F3               	movlw	243
  7689     0D4E  1383               	bcf	3,7	;select IRP bank0
  7690     0D4F  0600               	xorwf	0,w
  7691     0D50  1D03               	btfss	3,2
  7692     0D51  2D53               	goto	u4031
  7693     0D52  2D54               	goto	u4030
  7694     0D53                     u4031:
  7695     0D53  2D6E               	goto	l3701
  7696     0D54                     u4030:
  7697     0D54                     l3689:
  7698                           
  7699                           ;digital_timer.c: 454:         *key = 0x3F;
  7700     0D54  0856               	movf	add_edit_alarm@key,w
  7701     0D55  0084               	movwf	4
  7702     0D56  303F               	movlw	63
  7703     0D57  0080               	movwf	0
  7704     0D58                     l3691:
  7705                           
  7706                           ;digital_timer.c: 455:         clcd_print("HH:MM O/D/W", (0xC0 + 2));
  7707     0D58  305A               	movlw	(low ((STR_22-__stringbase)| (0+32768)))& (0+255)
  7708     0D59  00F6               	movwf	clcd_print@str
  7709     0D5A  30C2               	movlw	194
  7710     0D5B  00F7               	movwf	clcd_print@addr
  7711     0D5C  160A  118A  225B  120A  158A  	fcall	_clcd_print
  7712     0D61                     l3693:
  7713                           
  7714                           ;digital_timer.c: 456:         *reset_flag = 0xF4;
  7715     0D61  1283               	bcf	3,5	;RP0=0, select bank0
  7716     0D62  1303               	bcf	3,6	;RP1=0, select bank0
  7717     0D63  0858               	movf	add_edit_alarm@reset_flag,w
  7718     0D64  0084               	movwf	4
  7719     0D65  30F4               	movlw	244
  7720     0D66  1383               	bcf	3,7	;select IRP bank0
  7721     0D67  0080               	movwf	0
  7722     0D68                     l3695:
  7723                           
  7724                           ;digital_timer.c: 457:         field = 0;
  7725     0D68  01FA               	clrf	_field
  7726     0D69                     l3697:
  7727                           
  7728                           ;digital_timer.c: 458:         delay = 5;
  7729     0D69  3005               	movlw	5
  7730     0D6A  00BE               	movwf	_delay
  7731     0D6B  3000               	movlw	0
  7732     0D6C  00BF               	movwf	_delay+1
  7733     0D6D                     l3699:
  7734                           
  7735                           ;digital_timer.c: 459:         blink_flag = 0;
  7736     0D6D  01CA               	clrf	_blink_flag
  7737     0D6E                     l3701:
  7738                           
  7739                           ;digital_timer.c: 463:     if (*key == 0x3D) {
  7740     0D6E  0856               	movf	add_edit_alarm@key,w
  7741     0D6F  0084               	movwf	4
  7742     0D70  303D               	movlw	61
  7743     0D71  0600               	xorwf	0,w
  7744     0D72  1D03               	btfss	3,2
  7745     0D73  2D75               	goto	u4041
  7746     0D74  2D76               	goto	u4040
  7747     0D75                     u4041:
  7748     0D75  2DB6               	goto	l3733
  7749     0D76                     u4040:
  7750     0D76                     l3703:
  7751                           
  7752                           ;digital_timer.c: 464:         if (field == 2) {
  7753     0D76  3002               	movlw	2
  7754     0D77  067A               	xorwf	_field,w
  7755     0D78  1D03               	btfss	3,2
  7756     0D79  2D7B               	goto	u4051
  7757     0D7A  2D7C               	goto	u4050
  7758     0D7B                     u4051:
  7759     0D7B  2D97               	goto	l3717
  7760     0D7C                     u4050:
  7761     0D7C                     l3705:
  7762                           
  7763                           ;digital_timer.c: 465:             if (type == 'O')
  7764     0D7C  304F               	movlw	79
  7765     0D7D  064B               	xorwf	_type,w
  7766     0D7E  1D03               	btfss	3,2
  7767     0D7F  2D81               	goto	u4061
  7768     0D80  2D82               	goto	u4060
  7769     0D81                     u4061:
  7770     0D81  2D85               	goto	l3709
  7771     0D82                     u4060:
  7772     0D82                     l3707:
  7773                           
  7774                           ;digital_timer.c: 466:                 type = 'D';
  7775     0D82  3044               	movlw	68
  7776     0D83  00CB               	movwf	_type
  7777     0D84  2DB4               	goto	l400
  7778     0D85                     l3709:
  7779     0D85  3044               	movlw	68
  7780     0D86  064B               	xorwf	_type,w
  7781     0D87  1D03               	btfss	3,2
  7782     0D88  2D8A               	goto	u4071
  7783     0D89  2D8B               	goto	u4070
  7784     0D8A                     u4071:
  7785     0D8A  2D8E               	goto	l3713
  7786     0D8B                     u4070:
  7787     0D8B                     l3711:
  7788                           
  7789                           ;digital_timer.c: 468:                 type = 'W';
  7790     0D8B  3057               	movlw	87
  7791     0D8C  00CB               	movwf	_type
  7792     0D8D  2DB4               	goto	l400
  7793     0D8E                     l3713:
  7794     0D8E  3057               	movlw	87
  7795     0D8F  064B               	xorwf	_type,w
  7796     0D90  1D03               	btfss	3,2
  7797     0D91  2D93               	goto	u4081
  7798     0D92  2D94               	goto	u4080
  7799     0D93                     u4081:
  7800     0D93  2DB4               	goto	l400
  7801     0D94                     u4080:
  7802     0D94                     l3715:
  7803                           
  7804                           ;digital_timer.c: 470:                 type = 'O';
  7805     0D94  304F               	movlw	79
  7806     0D95  00CB               	movwf	_type
  7807     0D96  2DB4               	goto	l400
  7808     0D97                     l3717:
  7809     0D97  037A               	decf	_field,w
  7810     0D98  1D03               	btfss	3,2
  7811     0D99  2D9B               	goto	u4091
  7812     0D9A  2D9C               	goto	u4090
  7813     0D9B                     u4091:
  7814     0D9B  2DA6               	goto	l3725
  7815     0D9C                     u4090:
  7816     0D9C                     l3719:
  7817                           
  7818                           ;digital_timer.c: 472:             min++;
  7819     0D9C  3001               	movlw	1
  7820     0D9D  07CC               	addwf	_min,f
  7821     0D9E                     l3721:
  7822                           
  7823                           ;digital_timer.c: 473:             if (min >= 60)
  7824     0D9E  303C               	movlw	60
  7825     0D9F  024C               	subwf	_min,w
  7826     0DA0  1C03               	skipc
  7827     0DA1  2DA3               	goto	u4101
  7828     0DA2  2DA4               	goto	u4100
  7829     0DA3                     u4101:
  7830     0DA3  2DB4               	goto	l400
  7831     0DA4                     u4100:
  7832     0DA4                     l3723:
  7833                           
  7834                           ;digital_timer.c: 474:                 min = 0;
  7835     0DA4  01CC               	clrf	_min
  7836     0DA5  2DB4               	goto	l400
  7837     0DA6                     l3725:
  7838     0DA6  087A               	movf	_field,w
  7839     0DA7  1D03               	btfss	3,2
  7840     0DA8  2DAA               	goto	u4111
  7841     0DA9  2DAB               	goto	u4110
  7842     0DAA                     u4111:
  7843     0DAA  2DB4               	goto	l400
  7844     0DAB                     u4110:
  7845     0DAB                     l3727:
  7846                           
  7847                           ;digital_timer.c: 476:             hr++;
  7848     0DAB  3001               	movlw	1
  7849     0DAC  07CD               	addwf	_hr,f
  7850     0DAD                     l3729:
  7851                           
  7852                           ;digital_timer.c: 477:             if (hr >= 24)
  7853     0DAD  3018               	movlw	24
  7854     0DAE  024D               	subwf	_hr,w
  7855     0DAF  1C03               	skipc
  7856     0DB0  2DB2               	goto	u4121
  7857     0DB1  2DB3               	goto	u4120
  7858     0DB2                     u4121:
  7859     0DB2  2DB4               	goto	l400
  7860     0DB3                     u4120:
  7861     0DB3                     l3731:
  7862                           
  7863                           ;digital_timer.c: 478:                 hr = 0;
  7864     0DB3  01CD               	clrf	_hr
  7865     0DB4                     l400:
  7866                           
  7867                           ;digital_timer.c: 480:         blink_flag = 0;
  7868     0DB4  01CA               	clrf	_blink_flag
  7869                           
  7870                           ;digital_timer.c: 481:     }
  7871     0DB5  2E0F               	goto	l3765
  7872     0DB6                     l3733:
  7873     0DB6  0856               	movf	add_edit_alarm@key,w
  7874     0DB7  0084               	movwf	4
  7875     0DB8  303E               	movlw	62
  7876     0DB9  0600               	xorwf	0,w
  7877     0DBA  1D03               	btfss	3,2
  7878     0DBB  2DBD               	goto	u4131
  7879     0DBC  2DBE               	goto	u4130
  7880     0DBD                     u4131:
  7881     0DBD  2DC9               	goto	l3741
  7882     0DBE                     u4130:
  7883     0DBE                     l3735:
  7884                           
  7885                           ;digital_timer.c: 484:         if (field < 2)
  7886     0DBE  3002               	movlw	2
  7887     0DBF  027A               	subwf	_field,w
  7888     0DC0  1803               	skipnc
  7889     0DC1  2DC3               	goto	u4141
  7890     0DC2  2DC4               	goto	u4140
  7891     0DC3                     u4141:
  7892     0DC3  2DC7               	goto	l3739
  7893     0DC4                     u4140:
  7894     0DC4                     l3737:
  7895                           
  7896                           ;digital_timer.c: 485:             field++;
  7897     0DC4  3001               	movlw	1
  7898     0DC5  07FA               	addwf	_field,f
  7899     0DC6  2E0F               	goto	l3765
  7900     0DC7                     l3739:
  7901                           
  7902                           ;digital_timer.c: 487:             field = 0;
  7903     0DC7  01FA               	clrf	_field
  7904     0DC8  2E0F               	goto	l3765
  7905     0DC9                     l3741:
  7906     0DC9  0856               	movf	add_edit_alarm@key,w
  7907     0DCA  0084               	movwf	4
  7908     0DCB  30FD               	movlw	253
  7909     0DCC  0600               	xorwf	0,w
  7910     0DCD  1D03               	btfss	3,2
  7911     0DCE  2DD0               	goto	u4151
  7912     0DCF  2DD1               	goto	u4150
  7913     0DD0                     u4151:
  7914     0DD0  2E0F               	goto	l3765
  7915     0DD1                     u4150:
  7916     0DD1                     l3743:
  7917                           
  7918                           ;digital_timer.c: 491:         save_alarm();
  7919     0DD1  160A  118A  2595  120A  158A  	fcall	_save_alarm
  7920     0DD6                     l3745:
  7921                           
  7922                           ;digital_timer.c: 492:         clear_screen();
  7923     0DD6  160A  118A  21E4  120A  158A  	fcall	_clear_screen
  7924     0DDB                     l3747:
  7925                           
  7926                           ;digital_timer.c: 493:         clcd_print("Add Alarm", (0xC0 + 0));
  7927     0DDB  3068               	movlw	(low (((STR_27+2)-__stringbase)| (0+32768)))& (0+255)
  7928     0DDC  00F6               	movwf	clcd_print@str
  7929     0DDD  30C0               	movlw	192
  7930     0DDE  00F7               	movwf	clcd_print@addr
  7931     0DDF  160A  118A  225B  120A  158A  	fcall	_clcd_print
  7932     0DE4                     l3749:
  7933                           
  7934                           ;digital_timer.c: 494:         clcd_print("Successful", (0x90 + 0));
  7935     0DE4  307D               	movlw	(low ((STR_12-__stringbase)| (0+32768)))& (0+255)
  7936     0DE5  00F6               	movwf	clcd_print@str
  7937     0DE6  3090               	movlw	144
  7938     0DE7  00F7               	movwf	clcd_print@addr
  7939     0DE8  160A  118A  225B  120A  158A  	fcall	_clcd_print
  7940     0DED                     l3751:
  7941                           
  7942                           ;digital_timer.c: 495:         _delay((unsigned long)((2000)*(20000000/4000.0)));
  7943     0DED  3033               	movlw	51
  7944     0DEE  1283               	bcf	3,5	;RP0=0, select bank0
  7945     0DEF  1303               	bcf	3,6	;RP1=0, select bank0
  7946     0DF0  00DB               	movwf	??_add_edit_alarm+2
  7947     0DF1  30BB               	movlw	187
  7948     0DF2  00DA               	movwf	??_add_edit_alarm+1
  7949     0DF3  30DF               	movlw	223
  7950     0DF4  00D9               	movwf	??_add_edit_alarm
  7951     0DF5                     u4417:
  7952     0DF5  0BD9               	decfsz	??_add_edit_alarm,f
  7953     0DF6  2DF5               	goto	u4417
  7954     0DF7  0BDA               	decfsz	??_add_edit_alarm+1,f
  7955     0DF8  2DF5               	goto	u4417
  7956     0DF9  0BDB               	decfsz	??_add_edit_alarm+2,f
  7957     0DFA  2DF5               	goto	u4417
  7958     0DFB                     l3753:
  7959                           
  7960                           ;digital_timer.c: 496:         clear_screen();
  7961     0DFB  160A  118A  21E4  120A  158A  	fcall	_clear_screen
  7962     0E00                     l3755:
  7963                           
  7964                           ;digital_timer.c: 497:         *screen_flag = 0x04;
  7965     0E00  1283               	bcf	3,5	;RP0=0, select bank0
  7966     0E01  1303               	bcf	3,6	;RP1=0, select bank0
  7967     0E02  0857               	movf	add_edit_alarm@screen_flag,w
  7968     0E03  0084               	movwf	4
  7969     0E04  3004               	movlw	4
  7970     0E05  1383               	bcf	3,7	;select IRP bank0
  7971     0E06  0080               	movwf	0
  7972     0E07                     l3757:
  7973                           
  7974                           ;digital_timer.c: 498:         return_time = 5;
  7975     0E07  3005               	movlw	5
  7976     0E08  00CF               	movwf	_return_time	;volatile
  7977     0E09                     l3759:
  7978                           
  7979                           ;digital_timer.c: 499:         TMR2ON = 1;
  7980     0E09  1512               	bsf	18,2	;volatile
  7981     0E0A                     l3761:
  7982                           
  7983                           ;digital_timer.c: 500:         *reset_flag = 0xF2;
  7984     0E0A  0858               	movf	add_edit_alarm@reset_flag,w
  7985     0E0B  0084               	movwf	4
  7986     0E0C  30F2               	movlw	242
  7987     0E0D  0080               	movwf	0
  7988     0E0E  2FFF               	goto	l412
  7989     0E0F                     l3765:
  7990                           
  7991                           ;digital_timer.c: 505:     if (field == 2) {
  7992     0E0F  3002               	movlw	2
  7993     0E10  067A               	xorwf	_field,w
  7994     0E11  1D03               	btfss	3,2
  7995     0E12  2E14               	goto	u4161
  7996     0E13  2E15               	goto	u4160
  7997     0E14                     u4161:
  7998     0E14  2EB9               	goto	l3783
  7999     0E15                     u4160:
  8000     0E15                     l3767:
  8001                           
  8002                           ;digital_timer.c: 506:         clcd_putch((hr / 10) + '0', (0x90 + 2));
  8003     0E15  3092               	movlw	146
  8004     0E16  00D4               	movwf	clcd_putch@addr
  8005     0E17  300A               	movlw	10
  8006     0E18  00F5               	movwf	___awdiv@divisor
  8007     0E19  3000               	movlw	0
  8008     0E1A  00F6               	movwf	___awdiv@divisor+1
  8009     0E1B  084D               	movf	_hr,w
  8010     0E1C  00D9               	movwf	??_add_edit_alarm
  8011     0E1D  01DA               	clrf	??_add_edit_alarm+1
  8012     0E1E  0859               	movf	??_add_edit_alarm,w
  8013     0E1F  00F7               	movwf	___awdiv@dividend
  8014     0E20  085A               	movf	??_add_edit_alarm+1,w
  8015     0E21  00F8               	movwf	___awdiv@dividend+1
  8016     0E22  160A  118A  24CA  120A  158A  	fcall	___awdiv
  8017     0E27  0875               	movf	?___awdiv,w
  8018     0E28  3E30               	addlw	48
  8019     0E29  160A  118A  2207  120A  158A  	fcall	_clcd_putch
  8020                           
  8021                           ;digital_timer.c: 507:         clcd_putch((hr % 10) + '0', (0x90 + 3));
  8022     0E2E  3093               	movlw	147
  8023     0E2F  1283               	bcf	3,5	;RP0=0, select bank0
  8024     0E30  1303               	bcf	3,6	;RP1=0, select bank0
  8025     0E31  00D4               	movwf	clcd_putch@addr
  8026     0E32  300A               	movlw	10
  8027     0E33  00F5               	movwf	___awmod@divisor
  8028     0E34  3000               	movlw	0
  8029     0E35  00F6               	movwf	___awmod@divisor+1
  8030     0E36  084D               	movf	_hr,w
  8031     0E37  00D9               	movwf	??_add_edit_alarm
  8032     0E38  01DA               	clrf	??_add_edit_alarm+1
  8033     0E39  0859               	movf	??_add_edit_alarm,w
  8034     0E3A  00F7               	movwf	___awmod@dividend
  8035     0E3B  085A               	movf	??_add_edit_alarm+1,w
  8036     0E3C  00F8               	movwf	___awmod@dividend+1
  8037     0E3D  160A  118A  240E  120A  158A  	fcall	___awmod
  8038     0E42  0875               	movf	?___awmod,w
  8039     0E43  3E30               	addlw	48
  8040     0E44  160A  118A  2207  120A  158A  	fcall	_clcd_putch
  8041                           
  8042                           ;digital_timer.c: 508:         clcd_putch(':', (0x90 + 4));
  8043     0E49  3094               	movlw	148
  8044     0E4A  1283               	bcf	3,5	;RP0=0, select bank0
  8045     0E4B  1303               	bcf	3,6	;RP1=0, select bank0
  8046     0E4C  00D4               	movwf	clcd_putch@addr
  8047     0E4D  303A               	movlw	58
  8048     0E4E  160A  118A  2207  120A  158A  	fcall	_clcd_putch
  8049                           
  8050                           ;digital_timer.c: 509:         clcd_putch((min / 10) + '0', (0x90 + 5));
  8051     0E53  3095               	movlw	149
  8052     0E54  1283               	bcf	3,5	;RP0=0, select bank0
  8053     0E55  1303               	bcf	3,6	;RP1=0, select bank0
  8054     0E56  00D4               	movwf	clcd_putch@addr
  8055     0E57  300A               	movlw	10
  8056     0E58  00F5               	movwf	___awdiv@divisor
  8057     0E59  3000               	movlw	0
  8058     0E5A  00F6               	movwf	___awdiv@divisor+1
  8059     0E5B  084C               	movf	_min,w
  8060     0E5C  00D9               	movwf	??_add_edit_alarm
  8061     0E5D  01DA               	clrf	??_add_edit_alarm+1
  8062     0E5E  0859               	movf	??_add_edit_alarm,w
  8063     0E5F  00F7               	movwf	___awdiv@dividend
  8064     0E60  085A               	movf	??_add_edit_alarm+1,w
  8065     0E61  00F8               	movwf	___awdiv@dividend+1
  8066     0E62  160A  118A  24CA  120A  158A  	fcall	___awdiv
  8067     0E67  0875               	movf	?___awdiv,w
  8068     0E68  3E30               	addlw	48
  8069     0E69  160A  118A  2207  120A  158A  	fcall	_clcd_putch
  8070                           
  8071                           ;digital_timer.c: 510:         clcd_putch((min % 10) + '0', (0x90 + 6));
  8072     0E6E  3096               	movlw	150
  8073     0E6F  1283               	bcf	3,5	;RP0=0, select bank0
  8074     0E70  1303               	bcf	3,6	;RP1=0, select bank0
  8075     0E71  00D4               	movwf	clcd_putch@addr
  8076     0E72  300A               	movlw	10
  8077     0E73  00F5               	movwf	___awmod@divisor
  8078     0E74  3000               	movlw	0
  8079     0E75  00F6               	movwf	___awmod@divisor+1
  8080     0E76  084C               	movf	_min,w
  8081     0E77  00D9               	movwf	??_add_edit_alarm
  8082     0E78  01DA               	clrf	??_add_edit_alarm+1
  8083     0E79  0859               	movf	??_add_edit_alarm,w
  8084     0E7A  00F7               	movwf	___awmod@dividend
  8085     0E7B  085A               	movf	??_add_edit_alarm+1,w
  8086     0E7C  00F8               	movwf	___awmod@dividend+1
  8087     0E7D  160A  118A  240E  120A  158A  	fcall	___awmod
  8088     0E82  0875               	movf	?___awmod,w
  8089     0E83  3E30               	addlw	48
  8090     0E84  160A  118A  2207  120A  158A  	fcall	_clcd_putch
  8091     0E89                     l3769:
  8092                           
  8093                           ;digital_timer.c: 512:         if (--delay == 0) {
  8094     0E89  3001               	movlw	1
  8095     0E8A  1283               	bcf	3,5	;RP0=0, select bank0
  8096     0E8B  1303               	bcf	3,6	;RP1=0, select bank0
  8097     0E8C  02BE               	subwf	_delay,f
  8098     0E8D  3000               	movlw	0
  8099     0E8E  1C03               	skipc
  8100     0E8F  03BF               	decf	_delay+1,f
  8101     0E90  02BF               	subwf	_delay+1,f
  8102     0E91  083E               	movf	_delay,w
  8103     0E92  043F               	iorwf	_delay+1,w
  8104     0E93  1D03               	btfss	3,2
  8105     0E94  2E96               	goto	u4171
  8106     0E95  2E97               	goto	u4170
  8107     0E96                     u4171:
  8108     0E96  2FFF               	goto	l412
  8109     0E97                     u4170:
  8110     0E97                     l3771:
  8111                           
  8112                           ;digital_timer.c: 513:             delay = 5;
  8113     0E97  3005               	movlw	5
  8114     0E98  00BE               	movwf	_delay
  8115     0E99  3000               	movlw	0
  8116     0E9A  00BF               	movwf	_delay+1
  8117     0E9B                     l3773:
  8118                           
  8119                           ;digital_timer.c: 514:             if (blink_flag == 0) {
  8120     0E9B  084A               	movf	_blink_flag,w
  8121     0E9C  1D03               	btfss	3,2
  8122     0E9D  2E9F               	goto	u4181
  8123     0E9E  2EA0               	goto	u4180
  8124     0E9F                     u4181:
  8125     0E9F  2EAD               	goto	l3779
  8126     0EA0                     u4180:
  8127     0EA0                     l3775:
  8128                           
  8129                           ;digital_timer.c: 515:                 clcd_putch(type, (0x90 + 8));
  8130     0EA0  3098               	movlw	152
  8131     0EA1  00D4               	movwf	clcd_putch@addr
  8132     0EA2  084B               	movf	_type,w
  8133     0EA3  160A  118A  2207  120A  158A  	fcall	_clcd_putch
  8134     0EA8                     l3777:
  8135                           
  8136                           ;digital_timer.c: 516:                 blink_flag = 1;
  8137     0EA8  3001               	movlw	1
  8138     0EA9  1283               	bcf	3,5	;RP0=0, select bank0
  8139     0EAA  1303               	bcf	3,6	;RP1=0, select bank0
  8140     0EAB  00CA               	movwf	_blink_flag
  8141                           
  8142                           ;digital_timer.c: 517:             } else {
  8143     0EAC  2FFF               	goto	l412
  8144     0EAD                     l3779:
  8145                           
  8146                           ;digital_timer.c: 518:                 clcd_putch(' ', (0x90 + 8));
  8147     0EAD  3098               	movlw	152
  8148     0EAE  00D4               	movwf	clcd_putch@addr
  8149     0EAF  3020               	movlw	32
  8150     0EB0  160A  118A  2207  120A  158A  	fcall	_clcd_putch
  8151     0EB5                     l3781:
  8152                           
  8153                           ;digital_timer.c: 519:                 blink_flag = 0;
  8154     0EB5  1283               	bcf	3,5	;RP0=0, select bank0
  8155     0EB6  1303               	bcf	3,6	;RP1=0, select bank0
  8156     0EB7  01CA               	clrf	_blink_flag
  8157     0EB8  2FFF               	goto	l412
  8158     0EB9                     l3783:
  8159     0EB9  037A               	decf	_field,w
  8160     0EBA  1D03               	btfss	3,2
  8161     0EBB  2EBD               	goto	u4191
  8162     0EBC  2EBE               	goto	u4190
  8163     0EBD                     u4191:
  8164     0EBD  2F5C               	goto	l3801
  8165     0EBE                     u4190:
  8166     0EBE                     l3785:
  8167                           
  8168                           ;digital_timer.c: 525:         clcd_putch((hr / 10) + '0', (0x90 + 2));
  8169     0EBE  3092               	movlw	146
  8170     0EBF  00D4               	movwf	clcd_putch@addr
  8171     0EC0  300A               	movlw	10
  8172     0EC1  00F5               	movwf	___awdiv@divisor
  8173     0EC2  3000               	movlw	0
  8174     0EC3  00F6               	movwf	___awdiv@divisor+1
  8175     0EC4  084D               	movf	_hr,w
  8176     0EC5  00D9               	movwf	??_add_edit_alarm
  8177     0EC6  01DA               	clrf	??_add_edit_alarm+1
  8178     0EC7  0859               	movf	??_add_edit_alarm,w
  8179     0EC8  00F7               	movwf	___awdiv@dividend
  8180     0EC9  085A               	movf	??_add_edit_alarm+1,w
  8181     0ECA  00F8               	movwf	___awdiv@dividend+1
  8182     0ECB  160A  118A  24CA  120A  158A  	fcall	___awdiv
  8183     0ED0  0875               	movf	?___awdiv,w
  8184     0ED1  3E30               	addlw	48
  8185     0ED2  160A  118A  2207  120A  158A  	fcall	_clcd_putch
  8186                           
  8187                           ;digital_timer.c: 526:         clcd_putch((hr % 10) + '0', (0x90 + 3));
  8188     0ED7  3093               	movlw	147
  8189     0ED8  1283               	bcf	3,5	;RP0=0, select bank0
  8190     0ED9  1303               	bcf	3,6	;RP1=0, select bank0
  8191     0EDA  00D4               	movwf	clcd_putch@addr
  8192     0EDB  300A               	movlw	10
  8193     0EDC  00F5               	movwf	___awmod@divisor
  8194     0EDD  3000               	movlw	0
  8195     0EDE  00F6               	movwf	___awmod@divisor+1
  8196     0EDF  084D               	movf	_hr,w
  8197     0EE0  00D9               	movwf	??_add_edit_alarm
  8198     0EE1  01DA               	clrf	??_add_edit_alarm+1
  8199     0EE2  0859               	movf	??_add_edit_alarm,w
  8200     0EE3  00F7               	movwf	___awmod@dividend
  8201     0EE4  085A               	movf	??_add_edit_alarm+1,w
  8202     0EE5  00F8               	movwf	___awmod@dividend+1
  8203     0EE6  160A  118A  240E  120A  158A  	fcall	___awmod
  8204     0EEB  0875               	movf	?___awmod,w
  8205     0EEC  3E30               	addlw	48
  8206     0EED  160A  118A  2207  120A  158A  	fcall	_clcd_putch
  8207                           
  8208                           ;digital_timer.c: 527:         clcd_putch(':', (0x90 + 4));
  8209     0EF2  3094               	movlw	148
  8210     0EF3  1283               	bcf	3,5	;RP0=0, select bank0
  8211     0EF4  1303               	bcf	3,6	;RP1=0, select bank0
  8212     0EF5  00D4               	movwf	clcd_putch@addr
  8213     0EF6  303A               	movlw	58
  8214     0EF7  160A  118A  2207  120A  158A  	fcall	_clcd_putch
  8215                           
  8216                           ;digital_timer.c: 528:         clcd_putch(type, (0x90 + 8));
  8217     0EFC  3098               	movlw	152
  8218     0EFD  1283               	bcf	3,5	;RP0=0, select bank0
  8219     0EFE  1303               	bcf	3,6	;RP1=0, select bank0
  8220     0EFF  00D4               	movwf	clcd_putch@addr
  8221     0F00  084B               	movf	_type,w
  8222     0F01  160A  118A  2207  120A  158A  	fcall	_clcd_putch
  8223     0F06                     l3787:
  8224                           
  8225                           ;digital_timer.c: 530:         if (--delay == 0) {
  8226     0F06  3001               	movlw	1
  8227     0F07  1283               	bcf	3,5	;RP0=0, select bank0
  8228     0F08  1303               	bcf	3,6	;RP1=0, select bank0
  8229     0F09  02BE               	subwf	_delay,f
  8230     0F0A  3000               	movlw	0
  8231     0F0B  1C03               	skipc
  8232     0F0C  03BF               	decf	_delay+1,f
  8233     0F0D  02BF               	subwf	_delay+1,f
  8234     0F0E  083E               	movf	_delay,w
  8235     0F0F  043F               	iorwf	_delay+1,w
  8236     0F10  1D03               	btfss	3,2
  8237     0F11  2F13               	goto	u4201
  8238     0F12  2F14               	goto	u4200
  8239     0F13                     u4201:
  8240     0F13  2FFF               	goto	l412
  8241     0F14                     u4200:
  8242     0F14                     l3789:
  8243                           
  8244                           ;digital_timer.c: 531:             delay = 5;
  8245     0F14  3005               	movlw	5
  8246     0F15  00BE               	movwf	_delay
  8247     0F16  3000               	movlw	0
  8248     0F17  00BF               	movwf	_delay+1
  8249     0F18                     l3791:
  8250                           
  8251                           ;digital_timer.c: 532:             if (blink_flag == 0) {
  8252     0F18  084A               	movf	_blink_flag,w
  8253     0F19  1D03               	btfss	3,2
  8254     0F1A  2F1C               	goto	u4211
  8255     0F1B  2F1D               	goto	u4210
  8256     0F1C                     u4211:
  8257     0F1C  2F52               	goto	l3797
  8258     0F1D                     u4210:
  8259     0F1D                     l3793:
  8260                           
  8261                           ;digital_timer.c: 533:                 clcd_putch((min / 10) + '0', (0x90 + 5));
  8262     0F1D  3095               	movlw	149
  8263     0F1E  00D4               	movwf	clcd_putch@addr
  8264     0F1F  300A               	movlw	10
  8265     0F20  00F5               	movwf	___awdiv@divisor
  8266     0F21  3000               	movlw	0
  8267     0F22  00F6               	movwf	___awdiv@divisor+1
  8268     0F23  084C               	movf	_min,w
  8269     0F24  00D9               	movwf	??_add_edit_alarm
  8270     0F25  01DA               	clrf	??_add_edit_alarm+1
  8271     0F26  0859               	movf	??_add_edit_alarm,w
  8272     0F27  00F7               	movwf	___awdiv@dividend
  8273     0F28  085A               	movf	??_add_edit_alarm+1,w
  8274     0F29  00F8               	movwf	___awdiv@dividend+1
  8275     0F2A  160A  118A  24CA  120A  158A  	fcall	___awdiv
  8276     0F2F  0875               	movf	?___awdiv,w
  8277     0F30  3E30               	addlw	48
  8278     0F31  160A  118A  2207  120A  158A  	fcall	_clcd_putch
  8279                           
  8280                           ;digital_timer.c: 534:                 clcd_putch((min % 10) + '0', (0x90 + 6));
  8281     0F36  3096               	movlw	150
  8282     0F37  1283               	bcf	3,5	;RP0=0, select bank0
  8283     0F38  1303               	bcf	3,6	;RP1=0, select bank0
  8284     0F39  00D4               	movwf	clcd_putch@addr
  8285     0F3A  300A               	movlw	10
  8286     0F3B  00F5               	movwf	___awmod@divisor
  8287     0F3C  3000               	movlw	0
  8288     0F3D  00F6               	movwf	___awmod@divisor+1
  8289     0F3E  084C               	movf	_min,w
  8290     0F3F  00D9               	movwf	??_add_edit_alarm
  8291     0F40  01DA               	clrf	??_add_edit_alarm+1
  8292     0F41  0859               	movf	??_add_edit_alarm,w
  8293     0F42  00F7               	movwf	___awmod@dividend
  8294     0F43  085A               	movf	??_add_edit_alarm+1,w
  8295     0F44  00F8               	movwf	___awmod@dividend+1
  8296     0F45  160A  118A  240E  120A  158A  	fcall	___awmod
  8297     0F4A  0875               	movf	?___awmod,w
  8298     0F4B  3E30               	addlw	48
  8299     0F4C  160A  118A  2207  120A  158A  	fcall	_clcd_putch
  8300     0F51  2EA8               	goto	l3777
  8301     0F52                     l3797:
  8302                           
  8303                           ;digital_timer.c: 537:                 clcd_print("  ", (0x90 + 5));
  8304     0F52  300F               	movlw	(low (((STR_28+14)-__stringbase)| (0+32768)))& (0+255)
  8305     0F53  00F6               	movwf	clcd_print@str
  8306     0F54  3095               	movlw	149
  8307     0F55  00F7               	movwf	clcd_print@addr
  8308     0F56  160A  118A  225B  120A  158A  	fcall	_clcd_print
  8309     0F5B  2EB5               	goto	l3781
  8310     0F5C                     l3801:
  8311     0F5C  087A               	movf	_field,w
  8312     0F5D  1D03               	btfss	3,2
  8313     0F5E  2F60               	goto	u4221
  8314     0F5F  2F61               	goto	u4220
  8315     0F60                     u4221:
  8316     0F60  2FFF               	goto	l412
  8317     0F61                     u4220:
  8318     0F61                     l3803:
  8319                           
  8320                           ;digital_timer.c: 544:         clcd_putch(':', (0x90 + 4));
  8321     0F61  3094               	movlw	148
  8322     0F62  00D4               	movwf	clcd_putch@addr
  8323     0F63  303A               	movlw	58
  8324     0F64  160A  118A  2207  120A  158A  	fcall	_clcd_putch
  8325                           
  8326                           ;digital_timer.c: 545:         clcd_putch((min / 10) + '0', (0x90 + 5));
  8327     0F69  3095               	movlw	149
  8328     0F6A  1283               	bcf	3,5	;RP0=0, select bank0
  8329     0F6B  1303               	bcf	3,6	;RP1=0, select bank0
  8330     0F6C  00D4               	movwf	clcd_putch@addr
  8331     0F6D  300A               	movlw	10
  8332     0F6E  00F5               	movwf	___awdiv@divisor
  8333     0F6F  3000               	movlw	0
  8334     0F70  00F6               	movwf	___awdiv@divisor+1
  8335     0F71  084C               	movf	_min,w
  8336     0F72  00D9               	movwf	??_add_edit_alarm
  8337     0F73  01DA               	clrf	??_add_edit_alarm+1
  8338     0F74  0859               	movf	??_add_edit_alarm,w
  8339     0F75  00F7               	movwf	___awdiv@dividend
  8340     0F76  085A               	movf	??_add_edit_alarm+1,w
  8341     0F77  00F8               	movwf	___awdiv@dividend+1
  8342     0F78  160A  118A  24CA  120A  158A  	fcall	___awdiv
  8343     0F7D  0875               	movf	?___awdiv,w
  8344     0F7E  3E30               	addlw	48
  8345     0F7F  160A  118A  2207  120A  158A  	fcall	_clcd_putch
  8346                           
  8347                           ;digital_timer.c: 546:         clcd_putch((min % 10) + '0', (0x90 + 6));
  8348     0F84  3096               	movlw	150
  8349     0F85  1283               	bcf	3,5	;RP0=0, select bank0
  8350     0F86  1303               	bcf	3,6	;RP1=0, select bank0
  8351     0F87  00D4               	movwf	clcd_putch@addr
  8352     0F88  300A               	movlw	10
  8353     0F89  00F5               	movwf	___awmod@divisor
  8354     0F8A  3000               	movlw	0
  8355     0F8B  00F6               	movwf	___awmod@divisor+1
  8356     0F8C  084C               	movf	_min,w
  8357     0F8D  00D9               	movwf	??_add_edit_alarm
  8358     0F8E  01DA               	clrf	??_add_edit_alarm+1
  8359     0F8F  0859               	movf	??_add_edit_alarm,w
  8360     0F90  00F7               	movwf	___awmod@dividend
  8361     0F91  085A               	movf	??_add_edit_alarm+1,w
  8362     0F92  00F8               	movwf	___awmod@dividend+1
  8363     0F93  160A  118A  240E  120A  158A  	fcall	___awmod
  8364     0F98  0875               	movf	?___awmod,w
  8365     0F99  3E30               	addlw	48
  8366     0F9A  160A  118A  2207  120A  158A  	fcall	_clcd_putch
  8367                           
  8368                           ;digital_timer.c: 547:         clcd_putch(type, (0x90 + 8));
  8369     0F9F  3098               	movlw	152
  8370     0FA0  1283               	bcf	3,5	;RP0=0, select bank0
  8371     0FA1  1303               	bcf	3,6	;RP1=0, select bank0
  8372     0FA2  00D4               	movwf	clcd_putch@addr
  8373     0FA3  084B               	movf	_type,w
  8374     0FA4  160A  118A  2207  120A  158A  	fcall	_clcd_putch
  8375     0FA9                     l3805:
  8376                           
  8377                           ;digital_timer.c: 549:         if (--delay == 0) {
  8378     0FA9  3001               	movlw	1
  8379     0FAA  1283               	bcf	3,5	;RP0=0, select bank0
  8380     0FAB  1303               	bcf	3,6	;RP1=0, select bank0
  8381     0FAC  02BE               	subwf	_delay,f
  8382     0FAD  3000               	movlw	0
  8383     0FAE  1C03               	skipc
  8384     0FAF  03BF               	decf	_delay+1,f
  8385     0FB0  02BF               	subwf	_delay+1,f
  8386     0FB1  083E               	movf	_delay,w
  8387     0FB2  043F               	iorwf	_delay+1,w
  8388     0FB3  1D03               	btfss	3,2
  8389     0FB4  2FB6               	goto	u4231
  8390     0FB5  2FB7               	goto	u4230
  8391     0FB6                     u4231:
  8392     0FB6  2FFF               	goto	l412
  8393     0FB7                     u4230:
  8394     0FB7                     l3807:
  8395                           
  8396                           ;digital_timer.c: 550:             delay = 5;
  8397     0FB7  3005               	movlw	5
  8398     0FB8  00BE               	movwf	_delay
  8399     0FB9  3000               	movlw	0
  8400     0FBA  00BF               	movwf	_delay+1
  8401     0FBB                     l3809:
  8402                           
  8403                           ;digital_timer.c: 551:             if (blink_flag == 0) {
  8404     0FBB  084A               	movf	_blink_flag,w
  8405     0FBC  1D03               	btfss	3,2
  8406     0FBD  2FBF               	goto	u4241
  8407     0FBE  2FC0               	goto	u4240
  8408     0FBF                     u4241:
  8409     0FBF  2FF5               	goto	l3815
  8410     0FC0                     u4240:
  8411     0FC0                     l3811:
  8412                           
  8413                           ;digital_timer.c: 552:                 clcd_putch((hr / 10) + '0', (0x90 + 2));
  8414     0FC0  3092               	movlw	146
  8415     0FC1  00D4               	movwf	clcd_putch@addr
  8416     0FC2  300A               	movlw	10
  8417     0FC3  00F5               	movwf	___awdiv@divisor
  8418     0FC4  3000               	movlw	0
  8419     0FC5  00F6               	movwf	___awdiv@divisor+1
  8420     0FC6  084D               	movf	_hr,w
  8421     0FC7  00D9               	movwf	??_add_edit_alarm
  8422     0FC8  01DA               	clrf	??_add_edit_alarm+1
  8423     0FC9  0859               	movf	??_add_edit_alarm,w
  8424     0FCA  00F7               	movwf	___awdiv@dividend
  8425     0FCB  085A               	movf	??_add_edit_alarm+1,w
  8426     0FCC  00F8               	movwf	___awdiv@dividend+1
  8427     0FCD  160A  118A  24CA  120A  158A  	fcall	___awdiv
  8428     0FD2  0875               	movf	?___awdiv,w
  8429     0FD3  3E30               	addlw	48
  8430     0FD4  160A  118A  2207  120A  158A  	fcall	_clcd_putch
  8431                           
  8432                           ;digital_timer.c: 553:                 clcd_putch((hr % 10) + '0', (0x90 + 3));
  8433     0FD9  3093               	movlw	147
  8434     0FDA  1283               	bcf	3,5	;RP0=0, select bank0
  8435     0FDB  1303               	bcf	3,6	;RP1=0, select bank0
  8436     0FDC  00D4               	movwf	clcd_putch@addr
  8437     0FDD  300A               	movlw	10
  8438     0FDE  00F5               	movwf	___awmod@divisor
  8439     0FDF  3000               	movlw	0
  8440     0FE0  00F6               	movwf	___awmod@divisor+1
  8441     0FE1  084D               	movf	_hr,w
  8442     0FE2  00D9               	movwf	??_add_edit_alarm
  8443     0FE3  01DA               	clrf	??_add_edit_alarm+1
  8444     0FE4  0859               	movf	??_add_edit_alarm,w
  8445     0FE5  00F7               	movwf	___awmod@dividend
  8446     0FE6  085A               	movf	??_add_edit_alarm+1,w
  8447     0FE7  00F8               	movwf	___awmod@dividend+1
  8448     0FE8  160A  118A  240E  120A  158A  	fcall	___awmod
  8449     0FED  0875               	movf	?___awmod,w
  8450     0FEE  3E30               	addlw	48
  8451     0FEF  160A  118A  2207  120A  158A  	fcall	_clcd_putch
  8452     0FF4  2EA8               	goto	l3777
  8453     0FF5                     l3815:
  8454                           
  8455                           ;digital_timer.c: 556:                 clcd_print("  ", (0x90 + 4));
  8456     0FF5  300F               	movlw	(low (((STR_28+14)-__stringbase)| (0+32768)))& (0+255)
  8457     0FF6  00F6               	movwf	clcd_print@str
  8458     0FF7  3094               	movlw	148
  8459     0FF8  00F7               	movwf	clcd_print@addr
  8460     0FF9  160A  118A  225B  120A  158A  	fcall	_clcd_print
  8461     0FFE  2EB5               	goto	l3781
  8462     0FFF                     l412:
  8463     0FFF  0008               	return
  8464     1000                     __end_of_add_edit_alarm:
  8465                           
  8466                           	psect	text30
  8467     1595                     __ptext30:	
  8468 ;; *************** function _save_alarm *****************
  8469 ;; Defined at:
  8470 ;;		line 437 in file "digital_timer.c"
  8471 ;; Parameters:    Size  Location     Type
  8472 ;;		None
  8473 ;; Auto vars:     Size  Location     Type
  8474 ;;		None
  8475 ;; Return value:  Size  Location     Type
  8476 ;;                  1    wreg      void 
  8477 ;; Registers used:
  8478 ;;		wreg, fsr0l, fsr0h, status,2, status,0, pclath, cstack
  8479 ;; Tracked objects:
  8480 ;;		On entry : 0/0
  8481 ;;		On exit  : 0/0
  8482 ;;		Unchanged: 0/0
  8483 ;; Data sizes:     COMMON   BANK0   BANK1   BANK3   BANK2
  8484 ;;      Params:         0       0       0       0       0
  8485 ;;      Locals:         0       0       0       0       0
  8486 ;;      Temps:          0       0       0       0       0
  8487 ;;      Totals:         0       0       0       0       0
  8488 ;;Total ram usage:        0 bytes
  8489 ;; Hardware stack levels used: 1
  8490 ;; Hardware stack levels required when called: 2
  8491 ;; This function calls:
  8492 ;;		___bmul
  8493 ;; This function is called by:
  8494 ;;		_add_edit_alarm
  8495 ;; This function uses a non-reentrant model
  8496 ;;
  8497                           
  8498     1595                     _save_alarm:	
  8499                           ;psect for function _save_alarm
  8500                           
  8501     1595                     l3239:	
  8502                           ;incstack = 0
  8503                           ; Regs used in _save_alarm: [wreg-fsr0h+status,2+status,0+pclath+cstack]
  8504                           
  8505                           
  8506                           ;digital_timer.c: 438:     if (edit_mode == 0xA1) {
  8507     1595  30A1               	movlw	161
  8508     1596  1283               	bcf	3,5	;RP0=0, select bank0
  8509     1597  1303               	bcf	3,6	;RP1=0, select bank0
  8510     1598  0645               	xorwf	_edit_mode,w
  8511     1599  1D03               	btfss	3,2
  8512     159A  2D9C               	goto	u3431
  8513     159B  2D9D               	goto	u3430
  8514     159C                     u3431:
  8515     159C  2DD3               	goto	l3247
  8516     159D                     u3430:
  8517     159D                     l3241:
  8518                           
  8519                           ;digital_timer.c: 439:         if (alarm_count < 8) {
  8520     159D  3008               	movlw	8
  8521     159E  0246               	subwf	_alarm_count,w
  8522     159F  1803               	skipnc
  8523     15A0  2DA2               	goto	u3441
  8524     15A1  2DA3               	goto	u3440
  8525     15A2                     u3441:
  8526     15A2  2E00               	goto	l389
  8527     15A3                     u3440:
  8528     15A3                     l3243:
  8529                           
  8530                           ;digital_timer.c: 440:             alarms[alarm_count].hr = hr;
  8531     15A3  3003               	movlw	3
  8532     15A4  00F2               	movwf	___bmul@multiplicand
  8533     15A5  0846               	movf	_alarm_count,w
  8534     15A6  120A  118A  27ED  160A  118A  	fcall	___bmul
  8535     15AB  3EA0               	addlw	(low (_alarms| 0))& (0+255)
  8536     15AC  0084               	movwf	4
  8537     15AD  1283               	bcf	3,5	;RP0=0, select bank0
  8538     15AE  1303               	bcf	3,6	;RP1=0, select bank0
  8539     15AF  084D               	movf	_hr,w
  8540     15B0  1383               	bcf	3,7	;select IRP bank1
  8541     15B1  0080               	movwf	0
  8542                           
  8543                           ;digital_timer.c: 441:             alarms[alarm_count].min = min;
  8544     15B2  3003               	movlw	3
  8545     15B3  00F2               	movwf	___bmul@multiplicand
  8546     15B4  0846               	movf	_alarm_count,w
  8547     15B5  120A  118A  27ED  160A  118A  	fcall	___bmul
  8548     15BA  3EA1               	addlw	(low ((_alarms| 0+1)))& (0+255)
  8549     15BB  0084               	movwf	4
  8550     15BC  1283               	bcf	3,5	;RP0=0, select bank0
  8551     15BD  1303               	bcf	3,6	;RP1=0, select bank0
  8552     15BE  084C               	movf	_min,w
  8553     15BF  1383               	bcf	3,7	;select IRP bank1
  8554     15C0  0080               	movwf	0
  8555                           
  8556                           ;digital_timer.c: 442:             alarms[alarm_count].type = type;
  8557     15C1  3003               	movlw	3
  8558     15C2  00F2               	movwf	___bmul@multiplicand
  8559     15C3  0846               	movf	_alarm_count,w
  8560     15C4  120A  118A  27ED  160A  118A  	fcall	___bmul
  8561     15C9  3EA2               	addlw	(low ((_alarms| 0+2)))& (0+255)
  8562     15CA  0084               	movwf	4
  8563     15CB  1283               	bcf	3,5	;RP0=0, select bank0
  8564     15CC  1303               	bcf	3,6	;RP1=0, select bank0
  8565     15CD  084B               	movf	_type,w
  8566     15CE  1383               	bcf	3,7	;select IRP bank1
  8567     15CF  0080               	movwf	0
  8568     15D0                     l3245:
  8569                           
  8570                           ;digital_timer.c: 443:             alarm_count++;
  8571     15D0  3001               	movlw	1
  8572     15D1  07C6               	addwf	_alarm_count,f
  8573     15D2  2E00               	goto	l389
  8574     15D3                     l3247:
  8575                           
  8576                           ;digital_timer.c: 446:         alarms[alarm_pos].hr = hr;
  8577     15D3  3003               	movlw	3
  8578     15D4  00F2               	movwf	___bmul@multiplicand
  8579     15D5  0879               	movf	_alarm_pos,w
  8580     15D6  120A  118A  27ED  160A  118A  	fcall	___bmul
  8581     15DB  3EA0               	addlw	(low (_alarms| 0))& (0+255)
  8582     15DC  0084               	movwf	4
  8583     15DD  1283               	bcf	3,5	;RP0=0, select bank0
  8584     15DE  1303               	bcf	3,6	;RP1=0, select bank0
  8585     15DF  084D               	movf	_hr,w
  8586     15E0  1383               	bcf	3,7	;select IRP bank1
  8587     15E1  0080               	movwf	0
  8588                           
  8589                           ;digital_timer.c: 447:         alarms[alarm_pos].min = min;
  8590     15E2  3003               	movlw	3
  8591     15E3  00F2               	movwf	___bmul@multiplicand
  8592     15E4  0879               	movf	_alarm_pos,w
  8593     15E5  120A  118A  27ED  160A  118A  	fcall	___bmul
  8594     15EA  3EA1               	addlw	(low ((_alarms| 0+1)))& (0+255)
  8595     15EB  0084               	movwf	4
  8596     15EC  1283               	bcf	3,5	;RP0=0, select bank0
  8597     15ED  1303               	bcf	3,6	;RP1=0, select bank0
  8598     15EE  084C               	movf	_min,w
  8599     15EF  1383               	bcf	3,7	;select IRP bank1
  8600     15F0  0080               	movwf	0
  8601                           
  8602                           ;digital_timer.c: 448:         alarms[alarm_pos].type = type;
  8603     15F1  3003               	movlw	3
  8604     15F2  00F2               	movwf	___bmul@multiplicand
  8605     15F3  0879               	movf	_alarm_pos,w
  8606     15F4  120A  118A  27ED  160A  118A  	fcall	___bmul
  8607     15F9  3EA2               	addlw	(low ((_alarms| 0+2)))& (0+255)
  8608     15FA  0084               	movwf	4
  8609     15FB  1283               	bcf	3,5	;RP0=0, select bank0
  8610     15FC  1303               	bcf	3,6	;RP1=0, select bank0
  8611     15FD  084B               	movf	_type,w
  8612     15FE  1383               	bcf	3,7	;select IRP bank1
  8613     15FF  0080               	movwf	0
  8614     1600                     l389:
  8615     1600  0008               	return
  8616     1601                     __end_of_save_alarm:
  8617                           
  8618                           	psect	text31
  8619     07ED                     __ptext31:	
  8620 ;; *************** function ___bmul *****************
  8621 ;; Defined at:
  8622 ;;		line 4 in file "C:\Program Files\Microchip\xc8\v3.10\pic\sources\c99\common\Umul8.c"
  8623 ;; Parameters:    Size  Location     Type
  8624 ;;  multiplier      1    wreg     unsigned char 
  8625 ;;  multiplicand    1    2[COMMON] unsigned char 
  8626 ;; Auto vars:     Size  Location     Type
  8627 ;;  multiplier      1    4[COMMON] unsigned char 
  8628 ;;  product         1    3[COMMON] unsigned char 
  8629 ;; Return value:  Size  Location     Type
  8630 ;;                  1    wreg      unsigned char 
  8631 ;; Registers used:
  8632 ;;		wreg, status,2, status,0
  8633 ;; Tracked objects:
  8634 ;;		On entry : 0/0
  8635 ;;		On exit  : 0/0
  8636 ;;		Unchanged: 0/0
  8637 ;; Data sizes:     COMMON   BANK0   BANK1   BANK3   BANK2
  8638 ;;      Params:         1       0       0       0       0
  8639 ;;      Locals:         2       0       0       0       0
  8640 ;;      Temps:          0       0       0       0       0
  8641 ;;      Totals:         3       0       0       0       0
  8642 ;;Total ram usage:        3 bytes
  8643 ;; Hardware stack levels used: 1
  8644 ;; Hardware stack levels required when called: 1
  8645 ;; This function calls:
  8646 ;;		Nothing
  8647 ;; This function is called by:
  8648 ;;		_extract_time_date
  8649 ;;		_get_next_alarm
  8650 ;;		_display_next_event
  8651 ;;		_default_screen
  8652 ;;		_save_alarm
  8653 ;;		_delete_alarm
  8654 ;;		_set_view_alarm
  8655 ;; This function uses a non-reentrant model
  8656 ;;
  8657                           
  8658     07ED                     ___bmul:	
  8659                           ;psect for function ___bmul
  8660                           
  8661                           
  8662                           ;incstack = 0
  8663                           ; Regs used in ___bmul: [wreg+status,2+status,0]
  8664                           ;___bmul@multiplier stored from wreg
  8665     07ED  00F4               	movwf	___bmul@multiplier
  8666     07EE                     l3109:
  8667     07EE  01F3               	clrf	___bmul@product
  8668     07EF                     l3111:
  8669     07EF  1C74               	btfss	___bmul@multiplier,0
  8670     07F0  2FF2               	goto	u3201
  8671     07F1  2FF3               	goto	u3200
  8672     07F2                     u3201:
  8673     07F2  2FF5               	goto	l3115
  8674     07F3                     u3200:
  8675     07F3                     l3113:
  8676     07F3  0872               	movf	___bmul@multiplicand,w
  8677     07F4  07F3               	addwf	___bmul@product,f
  8678     07F5                     l3115:
  8679     07F5  1003               	clrc
  8680     07F6  0DF2               	rlf	___bmul@multiplicand,f
  8681     07F7                     l3117:
  8682     07F7  1003               	clrc
  8683     07F8  0CF4               	rrf	___bmul@multiplier,f
  8684     07F9  0874               	movf	___bmul@multiplier,w
  8685     07FA  1D03               	btfss	3,2
  8686     07FB  2FFD               	goto	u3211
  8687     07FC  2FFE               	goto	u3210
  8688     07FD                     u3211:
  8689     07FD  2FEF               	goto	l3111
  8690     07FE                     u3210:
  8691     07FE                     l3119:
  8692     07FE  0873               	movf	___bmul@product,w
  8693     07FF                     l563:
  8694     07FF  0008               	return
  8695     0800                     __end_of___bmul:
  8696                           
  8697                           	psect	text32
  8698     11E4                     __ptext32:	
  8699 ;; *************** function _clear_screen *****************
  8700 ;; Defined at:
  8701 ;;		line 73 in file "clcd.c"
  8702 ;; Parameters:    Size  Location     Type
  8703 ;;		None
  8704 ;; Auto vars:     Size  Location     Type
  8705 ;;		None
  8706 ;; Return value:  Size  Location     Type
  8707 ;;                  1    wreg      void 
  8708 ;; Registers used:
  8709 ;;		wreg, status,2, status,0, pclath, cstack
  8710 ;; Tracked objects:
  8711 ;;		On entry : 0/0
  8712 ;;		On exit  : 0/0
  8713 ;;		Unchanged: 0/0
  8714 ;; Data sizes:     COMMON   BANK0   BANK1   BANK3   BANK2
  8715 ;;      Params:         0       0       0       0       0
  8716 ;;      Locals:         0       0       0       0       0
  8717 ;;      Temps:          2       0       0       0       0
  8718 ;;      Totals:         2       0       0       0       0
  8719 ;;Total ram usage:        2 bytes
  8720 ;; Hardware stack levels used: 1
  8721 ;; Hardware stack levels required when called: 1
  8722 ;; This function calls:
  8723 ;;		_clcd_write
  8724 ;; This function is called by:
  8725 ;;		_main
  8726 ;;		_display_config_menu
  8727 ;;		_set_time_date
  8728 ;;		_add_edit_alarm
  8729 ;;		_set_view_alarm
  8730 ;; This function uses a non-reentrant model
  8731 ;;
  8732                           
  8733     11E4                     _clear_screen:	
  8734                           ;psect for function _clear_screen
  8735                           
  8736     11E4                     l2375:	
  8737                           ;incstack = 0
  8738                           ; Regs used in _clear_screen: [wreg+status,2+status,0+pclath+cstack]
  8739                           
  8740                           
  8741                           ;clcd.c: 75:     clcd_write(0x01, 0);
  8742     11E4  01F2               	clrf	clcd_write@mode
  8743     11E5  3001               	movlw	1
  8744     11E6  160A  118A  2380  160A  118A  	fcall	_clcd_write
  8745     11EB                     l2377:
  8746                           
  8747                           ;clcd.c: 76:     _delay((unsigned long)((500)*(20000000/4000000.0)));
  8748     11EB  3004               	movlw	4
  8749     11EC  00F7               	movwf	??_clear_screen+1
  8750     11ED  303D               	movlw	61
  8751     11EE  00F6               	movwf	??_clear_screen
  8752     11EF                     u4427:
  8753     11EF  0BF6               	decfsz	??_clear_screen,f
  8754     11F0  29EF               	goto	u4427
  8755     11F1  0BF7               	decfsz	??_clear_screen+1,f
  8756     11F2  29EF               	goto	u4427
  8757     11F3  29F4               	nop2
  8758     11F4                     l107:
  8759     11F4  0008               	return
  8760     11F5                     __end_of_clear_screen:
  8761                           
  8762                           	psect	text33
  8763     1207                     __ptext33:	
  8764 ;; *************** function _clcd_putch *****************
  8765 ;; Defined at:
  8766 ;;		line 56 in file "clcd.c"
  8767 ;; Parameters:    Size  Location     Type
  8768 ;;  data            1    wreg     const unsigned char 
  8769 ;;  addr            1    4[BANK0 ] unsigned char 
  8770 ;; Auto vars:     Size  Location     Type
  8771 ;;  data            1    5[BANK0 ] const unsigned char 
  8772 ;; Return value:  Size  Location     Type
  8773 ;;                  1    wreg      void 
  8774 ;; Registers used:
  8775 ;;		wreg, status,2, status,0, pclath, cstack
  8776 ;; Tracked objects:
  8777 ;;		On entry : 0/0
  8778 ;;		On exit  : 0/0
  8779 ;;		Unchanged: 0/0
  8780 ;; Data sizes:     COMMON   BANK0   BANK1   BANK3   BANK2
  8781 ;;      Params:         0       1       0       0       0
  8782 ;;      Locals:         0       1       0       0       0
  8783 ;;      Temps:          0       0       0       0       0
  8784 ;;      Totals:         0       2       0       0       0
  8785 ;;Total ram usage:        2 bytes
  8786 ;; Hardware stack levels used: 1
  8787 ;; Hardware stack levels required when called: 1
  8788 ;; This function calls:
  8789 ;;		_clcd_write
  8790 ;; This function is called by:
  8791 ;;		_display_next_event
  8792 ;;		_default_screen
  8793 ;;		_display_config_menu
  8794 ;;		_set_time_date
  8795 ;;		_add_edit_alarm
  8796 ;;		_set_view_alarm
  8797 ;; This function uses a non-reentrant model
  8798 ;;
  8799                           
  8800     1207                     _clcd_putch:	
  8801                           ;psect for function _clcd_putch
  8802                           
  8803                           
  8804                           ;incstack = 0
  8805                           ; Regs used in _clcd_putch: [wreg+status,2+status,0+pclath+cstack]
  8806                           ;clcd_putch@data stored from wreg
  8807     1207  1283               	bcf	3,5	;RP0=0, select bank0
  8808     1208  1303               	bcf	3,6	;RP1=0, select bank0
  8809     1209  00D5               	movwf	clcd_putch@data
  8810     120A                     l3123:
  8811                           
  8812                           ;clcd.c: 56: void clcd_putch(const char data, unsigned char addr);clcd.c: 57: {;clcd.c: 
      +                          58:     clcd_write(addr, 0);
  8813     120A  01F2               	clrf	clcd_write@mode
  8814     120B  0854               	movf	clcd_putch@addr,w
  8815     120C  160A  118A  2380  160A  118A  	fcall	_clcd_write
  8816                           
  8817                           ;clcd.c: 59:     clcd_write(data, 1);
  8818     1211  01F2               	clrf	clcd_write@mode
  8819     1212  0AF2               	incf	clcd_write@mode,f
  8820     1213  1283               	bcf	3,5	;RP0=0, select bank0
  8821     1214  1303               	bcf	3,6	;RP1=0, select bank0
  8822     1215  0855               	movf	clcd_putch@data,w
  8823     1216  160A  118A  2380  160A  118A  	fcall	_clcd_write
  8824     121B                     l98:
  8825     121B  0008               	return
  8826     121C                     __end_of_clcd_putch:
  8827                           
  8828                           	psect	text34
  8829     125B                     __ptext34:	
  8830 ;; *************** function _clcd_print *****************
  8831 ;; Defined at:
  8832 ;;		line 62 in file "clcd.c"
  8833 ;; Parameters:    Size  Location     Type
  8834 ;;  str             1    6[COMMON] PTR const unsigned char 
  8835 ;;		 -> STR_31(13), STR_30(14), STR_29(9), STR_28(17), 
  8836 ;;		 -> STR_27(12), STR_26(3), STR_25(3), STR_24(11), 
  8837 ;;		 -> STR_23(10), STR_22(12), STR_21(3), STR_20(3), 
  8838 ;;		 -> STR_19(3), STR_18(3), STR_17(5), STR_16(3), 
  8839 ;;		 -> STR_15(3), STR_14(3), STR_13(3), STR_12(11), 
  8840 ;;		 -> STR_11(16), STR_10(9), STR_9(11), STR_8(15), 
  8841 ;;		 -> STR_7(14), STR_6(8), STR_5(3), STR_4(3), 
  8842 ;;		 -> STR_3(7), STR_2(7), STR_1(11), 
  8843 ;;  addr            1    7[COMMON] unsigned char 
  8844 ;; Auto vars:     Size  Location     Type
  8845 ;;		None
  8846 ;; Return value:  Size  Location     Type
  8847 ;;                  1    wreg      void 
  8848 ;; Registers used:
  8849 ;;		wreg, fsr0l, fsr0h, status,2, status,0, pclath, cstack
  8850 ;; Tracked objects:
  8851 ;;		On entry : 0/0
  8852 ;;		On exit  : 0/0
  8853 ;;		Unchanged: 0/0
  8854 ;; Data sizes:     COMMON   BANK0   BANK1   BANK3   BANK2
  8855 ;;      Params:         2       0       0       0       0
  8856 ;;      Locals:         0       0       0       0       0
  8857 ;;      Temps:          0       0       0       0       0
  8858 ;;      Totals:         2       0       0       0       0
  8859 ;;Total ram usage:        2 bytes
  8860 ;; Hardware stack levels used: 1
  8861 ;; Hardware stack levels required when called: 1
  8862 ;; This function calls:
  8863 ;;		_clcd_write
  8864 ;; This function is called by:
  8865 ;;		_display_next_event
  8866 ;;		_default_screen
  8867 ;;		_display_config_menu
  8868 ;;		_set_time_date
  8869 ;;		_add_edit_alarm
  8870 ;;		_set_view_alarm
  8871 ;; This function uses a non-reentrant model
  8872 ;;
  8873                           
  8874     125B                     _clcd_print:	
  8875                           ;psect for function _clcd_print
  8876                           
  8877     125B                     l2201:	
  8878                           ;incstack = 0
  8879                           ; Regs used in _clcd_print: [wreg-fsr0h+status,2+status,0+pclath+cstack]
  8880                           
  8881                           
  8882                           ;clcd.c: 62: void clcd_print(const char *str, unsigned char addr);clcd.c: 63: {;clcd.c: 
      +                          64:     clcd_write(addr, 0);
  8883     125B  01F2               	clrf	clcd_write@mode
  8884     125C  0877               	movf	clcd_print@addr,w
  8885     125D  160A  118A  2380  160A  118A  	fcall	_clcd_write
  8886                           
  8887                           ;clcd.c: 66:     while (*str != '\0')
  8888     1262  2A73               	goto	l2207
  8889     1263                     l2203:
  8890                           
  8891                           ;clcd.c: 67:     {;clcd.c: 68:         clcd_write(*str, 1);
  8892     1263  01F2               	clrf	clcd_write@mode
  8893     1264  0AF2               	incf	clcd_write@mode,f
  8894     1265  0876               	movf	clcd_print@str,w
  8895     1266  0084               	movwf	4
  8896     1267  160A  118A  2000  160A  118A  	fcall	stringdir
  8897     126C  160A  118A  2380  160A  118A  	fcall	_clcd_write
  8898     1271                     l2205:
  8899                           
  8900                           ;clcd.c: 69:         str++;
  8901     1271  3001               	movlw	1
  8902     1272  07F6               	addwf	clcd_print@str,f
  8903     1273                     l2207:
  8904                           
  8905                           ;clcd.c: 66:     while (*str != '\0')
  8906     1273  0876               	movf	clcd_print@str,w
  8907     1274  0084               	movwf	4
  8908     1275  160A  118A  2000  160A  118A  	fcall	stringdir
  8909     127A  3A00               	xorlw	0
  8910     127B  1D03               	skipz
  8911     127C  2A7E               	goto	u1771
  8912     127D  2A7F               	goto	u1770
  8913     127E                     u1771:
  8914     127E  2A63               	goto	l2203
  8915     127F                     u1770:
  8916     127F                     l104:
  8917     127F  0008               	return
  8918     1280                     __end_of_clcd_print:
  8919                           
  8920                           	psect	text35
  8921     1380                     __ptext35:	
  8922 ;; *************** function _clcd_write *****************
  8923 ;; Defined at:
  8924 ;;		line 4 in file "clcd.c"
  8925 ;; Parameters:    Size  Location     Type
  8926 ;;  byte            1    wreg     unsigned char 
  8927 ;;  mode            1    2[COMMON] unsigned char 
  8928 ;; Auto vars:     Size  Location     Type
  8929 ;;  byte            1    5[COMMON] unsigned char 
  8930 ;; Return value:  Size  Location     Type
  8931 ;;                  1    wreg      void 
  8932 ;; Registers used:
  8933 ;;		wreg, status,2, status,0
  8934 ;; Tracked objects:
  8935 ;;		On entry : 0/0
  8936 ;;		On exit  : 0/0
  8937 ;;		Unchanged: 0/0
  8938 ;; Data sizes:     COMMON   BANK0   BANK1   BANK3   BANK2
  8939 ;;      Params:         1       0       0       0       0
  8940 ;;      Locals:         1       0       0       0       0
  8941 ;;      Temps:          2       0       0       0       0
  8942 ;;      Totals:         4       0       0       0       0
  8943 ;;Total ram usage:        4 bytes
  8944 ;; Hardware stack levels used: 1
  8945 ;; Hardware stack levels required when called: 1
  8946 ;; This function calls:
  8947 ;;		Nothing
  8948 ;; This function is called by:
  8949 ;;		_init_display_controller
  8950 ;;		_clcd_putch
  8951 ;;		_clcd_print
  8952 ;;		_clear_screen
  8953 ;; This function uses a non-reentrant model
  8954 ;;
  8955                           
  8956     1380                     _clcd_write:	
  8957                           ;psect for function _clcd_write
  8958                           
  8959                           
  8960                           ;incstack = 0
  8961                           ; Regs used in _clcd_write: [wreg+status,2+status,0]
  8962                           ;clcd_write@byte stored from wreg
  8963     1380  00F5               	movwf	clcd_write@byte
  8964     1381                     l2093:
  8965                           
  8966                           ;clcd.c: 4: void clcd_write(unsigned char byte, unsigned char mode);clcd.c: 5: {;clcd.c:
      +                           6:     RE2 = mode & 0x01;
  8967     1381  1872               	btfsc	clcd_write@mode,0
  8968     1382  2B84               	goto	u1621
  8969     1383  2B88               	goto	u1620
  8970     1384                     u1621:
  8971     1384  1283               	bcf	3,5	;RP0=0, select bank0
  8972     1385  1303               	bcf	3,6	;RP1=0, select bank0
  8973     1386  1509               	bsf	9,2	;volatile
  8974     1387  2B8B               	goto	u1634
  8975     1388                     u1620:
  8976     1388  1283               	bcf	3,5	;RP0=0, select bank0
  8977     1389  1303               	bcf	3,6	;RP1=0, select bank0
  8978     138A  1109               	bcf	9,2	;volatile
  8979     138B                     u1634:
  8980     138B                     l2095:
  8981                           
  8982                           ;clcd.c: 8:     PORTD = byte & 0xF0;
  8983     138B  0875               	movf	clcd_write@byte,w
  8984     138C  39F0               	andlw	240
  8985     138D  0088               	movwf	8	;volatile
  8986     138E                     l2097:
  8987                           
  8988                           ;clcd.c: 9:     RE1 = 1;
  8989     138E  1489               	bsf	9,1	;volatile
  8990     138F                     l2099:
  8991                           
  8992                           ;clcd.c: 10:     _delay((unsigned long)((100)*(20000000/4000000.0)));
  8993     138F  30A6               	movlw	166
  8994     1390  00F3               	movwf	??_clcd_write
  8995     1391                     u4437:
  8996     1391  0BF3               	decfsz	??_clcd_write,f
  8997     1392  2B91               	goto	u4437
  8998     1393  0000               	nop
  8999     1394                     l2101:
  9000                           
  9001                           ;clcd.c: 11:     RE1 = 0;
  9002     1394  1283               	bcf	3,5	;RP0=0, select bank0
  9003     1395  1303               	bcf	3,6	;RP1=0, select bank0
  9004     1396  1089               	bcf	9,1	;volatile
  9005     1397                     l2103:
  9006                           
  9007                           ;clcd.c: 13:     PORTD = (unsigned char)((byte & 0x0F) << 4);
  9008     1397  0875               	movf	clcd_write@byte,w
  9009     1398  390F               	andlw	15
  9010     1399  00F3               	movwf	??_clcd_write
  9011     139A  3003               	movlw	3
  9012     139B                     u1645:
  9013     139B  1003               	clrc
  9014     139C  0DF3               	rlf	??_clcd_write,f
  9015     139D  3EFF               	addlw	-1
  9016     139E  1D03               	skipz
  9017     139F  2B9B               	goto	u1645
  9018     13A0  1003               	clrc
  9019     13A1  0D73               	rlf	??_clcd_write,w
  9020     13A2  0088               	movwf	8	;volatile
  9021     13A3                     l2105:
  9022                           
  9023                           ;clcd.c: 14:     RE1 = 1;
  9024     13A3  1489               	bsf	9,1	;volatile
  9025     13A4                     l2107:
  9026                           
  9027                           ;clcd.c: 15:     _delay((unsigned long)((100)*(20000000/4000000.0)));
  9028     13A4  30A6               	movlw	166
  9029     13A5  00F3               	movwf	??_clcd_write
  9030     13A6                     u4447:
  9031     13A6  0BF3               	decfsz	??_clcd_write,f
  9032     13A7  2BA6               	goto	u4447
  9033     13A8  0000               	nop
  9034     13A9                     l2109:
  9035                           
  9036                           ;clcd.c: 16:     RE1 = 0;
  9037     13A9  1283               	bcf	3,5	;RP0=0, select bank0
  9038     13AA  1303               	bcf	3,6	;RP1=0, select bank0
  9039     13AB  1089               	bcf	9,1	;volatile
  9040     13AC                     l2111:
  9041                           
  9042                           ;clcd.c: 18:     _delay((unsigned long)((4100)*(20000000/4000000.0)));
  9043     13AC  301B               	movlw	27
  9044     13AD  00F4               	movwf	??_clcd_write+1
  9045     13AE  309E               	movlw	158
  9046     13AF  00F3               	movwf	??_clcd_write
  9047     13B0                     u4457:
  9048     13B0  0BF3               	decfsz	??_clcd_write,f
  9049     13B1  2BB0               	goto	u4457
  9050     13B2  0BF4               	decfsz	??_clcd_write+1,f
  9051     13B3  2BB0               	goto	u4457
  9052     13B4  0000               	nop
  9053     13B5                     l89:
  9054     13B5  0008               	return
  9055     13B6                     __end_of_clcd_write:
  9056                           
  9057                           	psect	text36
  9058     140E                     __ptext36:	
  9059 ;; *************** function ___awmod *****************
  9060 ;; Defined at:
  9061 ;;		line 5 in file "C:\Program Files\Microchip\xc8\v3.10\pic\sources\c99\common\awmod.c"
  9062 ;; Parameters:    Size  Location     Type
  9063 ;;  divisor         2    5[COMMON] int 
  9064 ;;  dividend        2    7[COMMON] int 
  9065 ;; Auto vars:     Size  Location     Type
  9066 ;;  sign            1    1[BANK0 ] unsigned char 
  9067 ;;  counter         1    0[BANK0 ] unsigned char 
  9068 ;; Return value:  Size  Location     Type
  9069 ;;                  2    5[COMMON] int 
  9070 ;; Registers used:
  9071 ;;		wreg, status,2, status,0
  9072 ;; Tracked objects:
  9073 ;;		On entry : 0/0
  9074 ;;		On exit  : 0/0
  9075 ;;		Unchanged: 0/0
  9076 ;; Data sizes:     COMMON   BANK0   BANK1   BANK3   BANK2
  9077 ;;      Params:         4       0       0       0       0
  9078 ;;      Locals:         0       2       0       0       0
  9079 ;;      Temps:          0       0       0       0       0
  9080 ;;      Totals:         4       2       0       0       0
  9081 ;;Total ram usage:        6 bytes
  9082 ;; Hardware stack levels used: 1
  9083 ;; Hardware stack levels required when called: 1
  9084 ;; This function calls:
  9085 ;;		Nothing
  9086 ;; This function is called by:
  9087 ;;		_display_next_event
  9088 ;;		_save_time_date
  9089 ;;		_set_time_date
  9090 ;;		_add_edit_alarm
  9091 ;;		_set_view_alarm
  9092 ;; This function uses a non-reentrant model
  9093 ;;
  9094                           
  9095     140E                     ___awmod:	
  9096                           ;psect for function ___awmod
  9097                           
  9098     140E                     l2313:	
  9099                           ;incstack = 0
  9100                           ; Regs used in ___awmod: [wreg+status,2+status,0]
  9101                           
  9102     140E  1283               	bcf	3,5	;RP0=0, select bank0
  9103     140F  1303               	bcf	3,6	;RP1=0, select bank0
  9104     1410  01D1               	clrf	___awmod@sign
  9105     1411                     l2315:
  9106     1411  1FF8               	btfss	___awmod@dividend+1,7
  9107     1412  2C14               	goto	u2011
  9108     1413  2C15               	goto	u2010
  9109     1414                     u2011:
  9110     1414  2C1C               	goto	l2321
  9111     1415                     u2010:
  9112     1415                     l2317:
  9113     1415  09F7               	comf	___awmod@dividend,f
  9114     1416  09F8               	comf	___awmod@dividend+1,f
  9115     1417  0AF7               	incf	___awmod@dividend,f
  9116     1418  1903               	skipnz
  9117     1419  0AF8               	incf	___awmod@dividend+1,f
  9118     141A                     l2319:
  9119     141A  3001               	movlw	1
  9120     141B  00D1               	movwf	___awmod@sign
  9121     141C                     l2321:
  9122     141C  1FF6               	btfss	___awmod@divisor+1,7
  9123     141D  2C1F               	goto	u2021
  9124     141E  2C20               	goto	u2020
  9125     141F                     u2021:
  9126     141F  2C25               	goto	l2325
  9127     1420                     u2020:
  9128     1420                     l2323:
  9129     1420  09F5               	comf	___awmod@divisor,f
  9130     1421  09F6               	comf	___awmod@divisor+1,f
  9131     1422  0AF5               	incf	___awmod@divisor,f
  9132     1423  1903               	skipnz
  9133     1424  0AF6               	incf	___awmod@divisor+1,f
  9134     1425                     l2325:
  9135     1425  0875               	movf	___awmod@divisor,w
  9136     1426  0476               	iorwf	___awmod@divisor+1,w
  9137     1427  1903               	btfsc	3,2
  9138     1428  2C2A               	goto	u2031
  9139     1429  2C2B               	goto	u2030
  9140     142A                     u2031:
  9141     142A  2C58               	goto	l2343
  9142     142B                     u2030:
  9143     142B                     l2327:
  9144     142B  3001               	movlw	1
  9145     142C  00D0               	movwf	___awmod@counter
  9146     142D  2C37               	goto	l2333
  9147     142E                     l2329:
  9148     142E  3001               	movlw	1
  9149     142F                     u2045:
  9150     142F  1003               	clrc
  9151     1430  0DF5               	rlf	___awmod@divisor,f
  9152     1431  0DF6               	rlf	___awmod@divisor+1,f
  9153     1432  3EFF               	addlw	-1
  9154     1433  1D03               	skipz
  9155     1434  2C2F               	goto	u2045
  9156     1435                     l2331:
  9157     1435  3001               	movlw	1
  9158     1436  07D0               	addwf	___awmod@counter,f
  9159     1437                     l2333:
  9160     1437  1FF6               	btfss	___awmod@divisor+1,7
  9161     1438  2C3A               	goto	u2051
  9162     1439  2C3B               	goto	u2050
  9163     143A                     u2051:
  9164     143A  2C2E               	goto	l2329
  9165     143B                     u2050:
  9166     143B                     l2335:
  9167     143B  0876               	movf	___awmod@divisor+1,w
  9168     143C  0278               	subwf	___awmod@dividend+1,w
  9169     143D  1D03               	skipz
  9170     143E  2C41               	goto	u2065
  9171     143F  0875               	movf	___awmod@divisor,w
  9172     1440  0277               	subwf	___awmod@dividend,w
  9173     1441                     u2065:
  9174     1441  1C03               	skipc
  9175     1442  2C44               	goto	u2061
  9176     1443  2C45               	goto	u2060
  9177     1444                     u2061:
  9178     1444  2C4B               	goto	l2339
  9179     1445                     u2060:
  9180     1445                     l2337:
  9181     1445  0875               	movf	___awmod@divisor,w
  9182     1446  02F7               	subwf	___awmod@dividend,f
  9183     1447  0876               	movf	___awmod@divisor+1,w
  9184     1448  1C03               	skipc
  9185     1449  03F8               	decf	___awmod@dividend+1,f
  9186     144A  02F8               	subwf	___awmod@dividend+1,f
  9187     144B                     l2339:
  9188     144B  3001               	movlw	1
  9189     144C                     u2075:
  9190     144C  1003               	clrc
  9191     144D  0CF6               	rrf	___awmod@divisor+1,f
  9192     144E  0CF5               	rrf	___awmod@divisor,f
  9193     144F  3EFF               	addlw	-1
  9194     1450  1D03               	skipz
  9195     1451  2C4C               	goto	u2075
  9196     1452                     l2341:
  9197     1452  3001               	movlw	1
  9198     1453  02D0               	subwf	___awmod@counter,f
  9199     1454  1D03               	btfss	3,2
  9200     1455  2C57               	goto	u2081
  9201     1456  2C58               	goto	u2080
  9202     1457                     u2081:
  9203     1457  2C3B               	goto	l2335
  9204     1458                     u2080:
  9205     1458                     l2343:
  9206     1458  0851               	movf	___awmod@sign,w
  9207     1459  1903               	btfsc	3,2
  9208     145A  2C5C               	goto	u2091
  9209     145B  2C5D               	goto	u2090
  9210     145C                     u2091:
  9211     145C  2C62               	goto	l2347
  9212     145D                     u2090:
  9213     145D                     l2345:
  9214     145D  09F7               	comf	___awmod@dividend,f
  9215     145E  09F8               	comf	___awmod@dividend+1,f
  9216     145F  0AF7               	incf	___awmod@dividend,f
  9217     1460  1903               	skipnz
  9218     1461  0AF8               	incf	___awmod@dividend+1,f
  9219     1462                     l2347:
  9220     1462  0878               	movf	___awmod@dividend+1,w
  9221     1463  00F6               	movwf	?___awmod+1
  9222     1464  0877               	movf	___awmod@dividend,w
  9223     1465  00F5               	movwf	?___awmod
  9224     1466                     l703:
  9225     1466  0008               	return
  9226     1467                     __end_of___awmod:
  9227                           
  9228                           	psect	text37
  9229     14CA                     __ptext37:	
  9230 ;; *************** function ___awdiv *****************
  9231 ;; Defined at:
  9232 ;;		line 5 in file "C:\Program Files\Microchip\xc8\v3.10\pic\sources\c99\common\awdiv.c"
  9233 ;; Parameters:    Size  Location     Type
  9234 ;;  divisor         2    5[COMMON] int 
  9235 ;;  dividend        2    7[COMMON] int 
  9236 ;; Auto vars:     Size  Location     Type
  9237 ;;  quotient        2    2[BANK0 ] int 
  9238 ;;  sign            1    1[BANK0 ] unsigned char 
  9239 ;;  counter         1    0[BANK0 ] unsigned char 
  9240 ;; Return value:  Size  Location     Type
  9241 ;;                  2    5[COMMON] int 
  9242 ;; Registers used:
  9243 ;;		wreg, status,2, status,0
  9244 ;; Tracked objects:
  9245 ;;		On entry : 0/0
  9246 ;;		On exit  : 0/0
  9247 ;;		Unchanged: 0/0
  9248 ;; Data sizes:     COMMON   BANK0   BANK1   BANK3   BANK2
  9249 ;;      Params:         4       0       0       0       0
  9250 ;;      Locals:         0       4       0       0       0
  9251 ;;      Temps:          0       0       0       0       0
  9252 ;;      Totals:         4       4       0       0       0
  9253 ;;Total ram usage:        8 bytes
  9254 ;; Hardware stack levels used: 1
  9255 ;; Hardware stack levels required when called: 1
  9256 ;; This function calls:
  9257 ;;		Nothing
  9258 ;; This function is called by:
  9259 ;;		_display_next_event
  9260 ;;		_save_time_date
  9261 ;;		_set_time_date
  9262 ;;		_add_edit_alarm
  9263 ;;		_set_view_alarm
  9264 ;; This function uses a non-reentrant model
  9265 ;;
  9266                           
  9267     14CA                     ___awdiv:	
  9268                           ;psect for function ___awdiv
  9269                           
  9270     14CA                     l2269:	
  9271                           ;incstack = 0
  9272                           ; Regs used in ___awdiv: [wreg+status,2+status,0]
  9273                           
  9274     14CA  1283               	bcf	3,5	;RP0=0, select bank0
  9275     14CB  1303               	bcf	3,6	;RP1=0, select bank0
  9276     14CC  01D1               	clrf	___awdiv@sign
  9277     14CD                     l2271:
  9278     14CD  1FF6               	btfss	___awdiv@divisor+1,7
  9279     14CE  2CD0               	goto	u1911
  9280     14CF  2CD1               	goto	u1910
  9281     14D0                     u1911:
  9282     14D0  2CD8               	goto	l2277
  9283     14D1                     u1910:
  9284     14D1                     l2273:
  9285     14D1  09F5               	comf	___awdiv@divisor,f
  9286     14D2  09F6               	comf	___awdiv@divisor+1,f
  9287     14D3  0AF5               	incf	___awdiv@divisor,f
  9288     14D4  1903               	skipnz
  9289     14D5  0AF6               	incf	___awdiv@divisor+1,f
  9290     14D6                     l2275:
  9291     14D6  3001               	movlw	1
  9292     14D7  00D1               	movwf	___awdiv@sign
  9293     14D8                     l2277:
  9294     14D8  1FF8               	btfss	___awdiv@dividend+1,7
  9295     14D9  2CDB               	goto	u1921
  9296     14DA  2CDC               	goto	u1920
  9297     14DB                     u1921:
  9298     14DB  2CE3               	goto	l2283
  9299     14DC                     u1920:
  9300     14DC                     l2279:
  9301     14DC  09F7               	comf	___awdiv@dividend,f
  9302     14DD  09F8               	comf	___awdiv@dividend+1,f
  9303     14DE  0AF7               	incf	___awdiv@dividend,f
  9304     14DF  1903               	skipnz
  9305     14E0  0AF8               	incf	___awdiv@dividend+1,f
  9306     14E1                     l2281:
  9307     14E1  3001               	movlw	1
  9308     14E2  06D1               	xorwf	___awdiv@sign,f
  9309     14E3                     l2283:
  9310     14E3  01D2               	clrf	___awdiv@quotient
  9311     14E4  01D3               	clrf	___awdiv@quotient+1
  9312     14E5                     l2285:
  9313     14E5  0875               	movf	___awdiv@divisor,w
  9314     14E6  0476               	iorwf	___awdiv@divisor+1,w
  9315     14E7  1903               	btfsc	3,2
  9316     14E8  2CEA               	goto	u1931
  9317     14E9  2CEB               	goto	u1930
  9318     14EA                     u1931:
  9319     14EA  2D20               	goto	l2305
  9320     14EB                     u1930:
  9321     14EB                     l2287:
  9322     14EB  3001               	movlw	1
  9323     14EC  00D0               	movwf	___awdiv@counter
  9324     14ED  2CF7               	goto	l2293
  9325     14EE                     l2289:
  9326     14EE  3001               	movlw	1
  9327     14EF                     u1945:
  9328     14EF  1003               	clrc
  9329     14F0  0DF5               	rlf	___awdiv@divisor,f
  9330     14F1  0DF6               	rlf	___awdiv@divisor+1,f
  9331     14F2  3EFF               	addlw	-1
  9332     14F3  1D03               	skipz
  9333     14F4  2CEF               	goto	u1945
  9334     14F5                     l2291:
  9335     14F5  3001               	movlw	1
  9336     14F6  07D0               	addwf	___awdiv@counter,f
  9337     14F7                     l2293:
  9338     14F7  1FF6               	btfss	___awdiv@divisor+1,7
  9339     14F8  2CFA               	goto	u1951
  9340     14F9  2CFB               	goto	u1950
  9341     14FA                     u1951:
  9342     14FA  2CEE               	goto	l2289
  9343     14FB                     u1950:
  9344     14FB                     l2295:
  9345     14FB  3001               	movlw	1
  9346     14FC                     u1965:
  9347     14FC  1003               	clrc
  9348     14FD  0DD2               	rlf	___awdiv@quotient,f
  9349     14FE  0DD3               	rlf	___awdiv@quotient+1,f
  9350     14FF  3EFF               	addlw	-1
  9351     1500  1D03               	skipz
  9352     1501  2CFC               	goto	u1965
  9353     1502  0876               	movf	___awdiv@divisor+1,w
  9354     1503  0278               	subwf	___awdiv@dividend+1,w
  9355     1504  1D03               	skipz
  9356     1505  2D08               	goto	u1975
  9357     1506  0875               	movf	___awdiv@divisor,w
  9358     1507  0277               	subwf	___awdiv@dividend,w
  9359     1508                     u1975:
  9360     1508  1C03               	skipc
  9361     1509  2D0B               	goto	u1971
  9362     150A  2D0C               	goto	u1970
  9363     150B                     u1971:
  9364     150B  2D13               	goto	l2301
  9365     150C                     u1970:
  9366     150C                     l2297:
  9367     150C  0875               	movf	___awdiv@divisor,w
  9368     150D  02F7               	subwf	___awdiv@dividend,f
  9369     150E  0876               	movf	___awdiv@divisor+1,w
  9370     150F  1C03               	skipc
  9371     1510  03F8               	decf	___awdiv@dividend+1,f
  9372     1511  02F8               	subwf	___awdiv@dividend+1,f
  9373     1512                     l2299:
  9374     1512  1452               	bsf	___awdiv@quotient,0
  9375     1513                     l2301:
  9376     1513  3001               	movlw	1
  9377     1514                     u1985:
  9378     1514  1003               	clrc
  9379     1515  0CF6               	rrf	___awdiv@divisor+1,f
  9380     1516  0CF5               	rrf	___awdiv@divisor,f
  9381     1517  3EFF               	addlw	-1
  9382     1518  1D03               	skipz
  9383     1519  2D14               	goto	u1985
  9384     151A                     l2303:
  9385     151A  3001               	movlw	1
  9386     151B  02D0               	subwf	___awdiv@counter,f
  9387     151C  1D03               	btfss	3,2
  9388     151D  2D1F               	goto	u1991
  9389     151E  2D20               	goto	u1990
  9390     151F                     u1991:
  9391     151F  2CFB               	goto	l2295
  9392     1520                     u1990:
  9393     1520                     l2305:
  9394     1520  0851               	movf	___awdiv@sign,w
  9395     1521  1903               	btfsc	3,2
  9396     1522  2D24               	goto	u2001
  9397     1523  2D25               	goto	u2000
  9398     1524                     u2001:
  9399     1524  2D2A               	goto	l2309
  9400     1525                     u2000:
  9401     1525                     l2307:
  9402     1525  09D2               	comf	___awdiv@quotient,f
  9403     1526  09D3               	comf	___awdiv@quotient+1,f
  9404     1527  0AD2               	incf	___awdiv@quotient,f
  9405     1528  1903               	skipnz
  9406     1529  0AD3               	incf	___awdiv@quotient+1,f
  9407     152A                     l2309:
  9408     152A  0853               	movf	___awdiv@quotient+1,w
  9409     152B  00F6               	movwf	?___awdiv+1
  9410     152C  0852               	movf	___awdiv@quotient,w
  9411     152D  00F5               	movwf	?___awdiv
  9412     152E                     l690:
  9413     152E  0008               	return
  9414     152F                     __end_of___awdiv:
  9415                           
  9416                           	psect	text38
  9417     1280                     __ptext38:	
  9418 ;; *************** function _isr *****************
  9419 ;; Defined at:
  9420 ;;		line 6 in file "isr.c"
  9421 ;; Parameters:    Size  Location     Type
  9422 ;;		None
  9423 ;; Auto vars:     Size  Location     Type
  9424 ;;		None
  9425 ;; Return value:  Size  Location     Type
  9426 ;;                  1    wreg      void 
  9427 ;; Registers used:
  9428 ;;		wreg, status,2, status,0
  9429 ;; Tracked objects:
  9430 ;;		On entry : 0/0
  9431 ;;		On exit  : 0/0
  9432 ;;		Unchanged: 0/0
  9433 ;; Data sizes:     COMMON   BANK0   BANK1   BANK3   BANK2
  9434 ;;      Params:         0       0       0       0       0
  9435 ;;      Locals:         0       0       0       0       0
  9436 ;;      Temps:          2       0       0       0       0
  9437 ;;      Totals:         2       0       0       0       0
  9438 ;;Total ram usage:        2 bytes
  9439 ;; Hardware stack levels used: 1
  9440 ;; This function calls:
  9441 ;;		Nothing
  9442 ;; This function is called by:
  9443 ;;		Interrupt level 1
  9444 ;; This function uses a non-reentrant model
  9445 ;;
  9446                           
  9447     1280                     _isr:	
  9448                           ;psect for function _isr
  9449                           
  9450     1280                     i1l3097:
  9451                           
  9452                           ;isr.c: 8:     static unsigned int count = 0;;isr.c: 10:     if(TMR2IF == 1)
  9453     1280  1283               	bcf	3,5	;RP0=0, select bank0
  9454     1281  1303               	bcf	3,6	;RP1=0, select bank0
  9455     1282  1C8C               	btfss	12,1	;volatile
  9456     1283  2A85               	goto	u317_21
  9457     1284  2A86               	goto	u317_20
  9458     1285                     u317_21:
  9459     1285  2A9F               	goto	i1l213
  9460     1286                     u317_20:
  9461     1286                     i1l3099:
  9462                           
  9463                           ;isr.c: 11:     {;isr.c: 13:         if(++count == 1250)
  9464     1286  3001               	movlw	1
  9465     1287  07C0               	addwf	isr@count,f
  9466     1288  1803               	skipnc
  9467     1289  0AC1               	incf	isr@count+1,f
  9468     128A  3000               	movlw	0
  9469     128B  07C1               	addwf	isr@count+1,f
  9470     128C  30E2               	movlw	226
  9471     128D  0640               	xorwf	isr@count,w
  9472     128E  3004               	movlw	4
  9473     128F  1903               	skipnz
  9474     1290  0641               	xorwf	isr@count+1,w
  9475     1291  1D03               	btfss	3,2
  9476     1292  2A94               	goto	u318_21
  9477     1293  2A95               	goto	u318_20
  9478     1294                     u318_21:
  9479     1294  2A9E               	goto	i1l3107
  9480     1295                     u318_20:
  9481     1295                     i1l3101:
  9482                           
  9483                           ;isr.c: 14:         {;isr.c: 15:             count = 0;
  9484     1295  01C0               	clrf	isr@count
  9485     1296  01C1               	clrf	isr@count+1
  9486     1297                     i1l3103:
  9487                           
  9488                           ;isr.c: 16:             if(return_time > 0)
  9489     1297  084F               	movf	_return_time,w	;volatile
  9490     1298  1903               	btfsc	3,2
  9491     1299  2A9B               	goto	u319_21
  9492     129A  2A9C               	goto	u319_20
  9493     129B                     u319_21:
  9494     129B  2A9E               	goto	i1l3107
  9495     129C                     u319_20:
  9496     129C                     i1l3105:
  9497                           
  9498                           ;isr.c: 17:                 return_time--;
  9499     129C  3001               	movlw	1
  9500     129D  02CF               	subwf	_return_time,f	;volatile
  9501     129E                     i1l3107:
  9502                           
  9503                           ;isr.c: 19:         TMR2IF = 0;
  9504     129E  108C               	bcf	12,1	;volatile
  9505     129F                     i1l213:
  9506     129F  0871               	movf	??_isr+1,w
  9507     12A0  008A               	movwf	10
  9508     12A1  0E70               	swapf	??_isr,w
  9509     12A2  0083               	movwf	3
  9510     12A3  0EFE               	swapf	btemp,f
  9511     12A4  0E7E               	swapf	btemp,w
  9512     12A5  0009               	retfie
  9513     12A6                     __end_of_isr:
  9514     0002                     ___latbits      equ	2
  9515     007E                     btemp           set	126	;btemp
  9516     007E                     btemp0          set	126
  9517     007F                     btemp1          set	127
  9518     007E                     wtemp0          set	126
  9519     007F                     wtemp0a         set	127
  9520     007F                     ttemp0a         set	127
  9521     0080                     ltemp0a         set	128
  9522                           
  9523                           	psect	intentry
  9524     0004                     __pintentry:	
  9525                           ;incstack = 0
  9526 ;; hardware stack exceeded
  9527                           ; Regs used in _isr: [wreg+status,2+status,0]
  9528                           
  9529     0004                     interrupt_function:
  9530     007E                     saved_w         set	btemp
  9531     0004  00FE               	movwf	btemp
  9532     0005  0E03               	swapf	3,w
  9533     0006  00F0               	movwf	??_isr
  9534     0007  080A               	movf	10,w
  9535     0008  00F1               	movwf	??_isr+1
  9536     0009  160A  118A  2A80   	ljmp	_isr
  9537                           
  9538                           	psect	config
  9539                           
  9540                           ;Config register CONFIG @ 0x2007
  9541                           ;	Oscillator Selection bits
  9542                           ;	FOSC = 0x3, unprogrammed default
  9543                           ;	Watchdog Timer Enable bit
  9544                           ;	WDTE = OFF, WDT disabled
  9545                           ;	Power-up Timer Enable bit
  9546                           ;	PWRTE = 0x1, unprogrammed default
  9547                           ;	Brown-out Reset Enable bit
  9548                           ;	BOREN = 0x1, unprogrammed default
  9549                           ;	Low-Voltage (Single-Supply) In-Circuit Serial Programming Enable bit
  9550                           ;	LVP = 0x1, unprogrammed default
  9551                           ;	Data EEPROM Memory Code Protection bit
  9552                           ;	CPD = 0x1, unprogrammed default
  9553                           ;	Flash Program Memory Write Enable bits
  9554                           ;	WRT = 0x3, unprogrammed default
  9555                           ;	In-Circuit Debugger Mode bit
  9556                           ;	DEBUG = 0x1, unprogrammed default
  9557                           ;	Flash Program Memory Code Protection bit
  9558                           ;	CP = 0x1, unprogrammed default
  9559     2007                     	org	8199
  9560     2007  3FFB               	dw	16379

Data Sizes:
    Strings     184
    Constant    0
    Data        4
    BSS         75
    Persistent  0
    Stack       0

Auto Spaces:
    Space          Size  Autos    Used
    COMMON           14      9      12
    BANK0            80     25      77
    BANK1            80      0      24
    BANK3            96      0       0
    BANK2            96      0       0

Pointer List with Targets:

    add_edit_alarm@key	PTR unsigned char  size(1) Largest target is 1
		 -> main@key(BANK0[1]), 

    add_edit_alarm@reset_flag	PTR unsigned char  size(1) Largest target is 1
		 -> main@reset_flag(BANK0[1]), 

    add_edit_alarm@screen_flag	PTR unsigned char  size(1) Largest target is 1
		 -> main@screen_flag(BANK0[1]), 

    clcd_print@str	PTR const unsigned char  size(1) Largest target is 17
		 -> STR_1(CODE[11]), STR_10(CODE[9]), STR_11(CODE[16]), STR_12(CODE[11]), 
		 -> STR_13(CODE[3]), STR_14(CODE[3]), STR_15(CODE[3]), STR_16(CODE[3]), 
		 -> STR_17(CODE[5]), STR_18(CODE[3]), STR_19(CODE[3]), STR_2(CODE[7]), 
		 -> STR_20(CODE[3]), STR_21(CODE[3]), STR_22(CODE[12]), STR_23(CODE[10]), 
		 -> STR_24(CODE[11]), STR_25(CODE[3]), STR_26(CODE[3]), STR_27(CODE[12]), 
		 -> STR_28(CODE[17]), STR_29(CODE[9]), STR_3(CODE[7]), STR_30(CODE[14]), 
		 -> STR_31(CODE[13]), STR_4(CODE[3]), STR_5(CODE[3]), STR_6(CODE[8]), 
		 -> STR_7(CODE[14]), STR_8(CODE[15]), STR_9(CODE[11]), 

    display_config_menu@menu	PTR unsigned char [2] size(1) Largest target is 15
		 -> STR_7(CODE[14]), STR_8(CODE[15]), 

    display_config_menu@reset_flag	PTR unsigned char  size(1) Largest target is 1
		 -> main@reset_flag(BANK0[1]), 

    display_config_menu@screen_flag	PTR unsigned char  size(1) Largest target is 1
		 -> main@screen_flag(BANK0[1]), 

    set_time_date@key	PTR unsigned char  size(1) Largest target is 1
		 -> main@key(BANK0[1]), 

    set_time_date@reset_flag	PTR unsigned char  size(1) Largest target is 1
		 -> main@reset_flag(BANK0[1]), 

    set_time_date@screen_flag	PTR unsigned char  size(1) Largest target is 1
		 -> main@screen_flag(BANK0[1]), 

    set_view_alarm@key	PTR unsigned char  size(1) Largest target is 1
		 -> main@key(BANK0[1]), 

    set_view_alarm@reset_flag	PTR unsigned char  size(1) Largest target is 1
		 -> main@reset_flag(BANK0[1]), 

    set_view_alarm@screen_flag	PTR unsigned char  size(1) Largest target is 1
		 -> main@screen_flag(BANK0[1]), 


Critical Paths under _main in COMMON

    _set_view_alarm->___awdiv
    _set_view_alarm->___awmod
    _delete_alarm->___bmul
    _set_time_date->___awdiv
    _set_time_date->___awmod
    _save_time_date->___awdiv
    _save_time_date->___awmod
    _extract_time_date->_get_time
    _init_i2c->___lldiv
    _init_ds1307->_read_ds1307
    _write_ds1307->_i2c_write
    _init_clcd->_init_display_controller
    _init_display_controller->_clcd_write
    _display_next_event->___awdiv
    _display_next_event->___awmod
    _get_next_alarm->___wmul
    _get_time->_read_ds1307
    _read_ds1307->_i2c_read
    ___wmul->___bmul
    _add_edit_alarm->___awdiv
    _add_edit_alarm->___awmod
    _save_alarm->___bmul
    _clear_screen->_clcd_write
    _clcd_putch->___awdiv
    _clcd_putch->___awmod
    _clcd_print->_clcd_write
    ___awmod->___bmul
    ___awdiv->___bmul

Critical Paths under _isr in COMMON

    None.

Critical Paths under _main in BANK0

    _set_view_alarm->_clcd_putch
    _set_time_date->_save_time_date
    _save_time_date->___awdiv
    _init_config->_init_i2c
    _init_i2c->___lldiv
    _display_config_menu->_clcd_putch
    _default_screen->_display_next_event
    _display_next_event->_get_next_alarm
    _get_next_alarm->___wmul
    _add_edit_alarm->_clcd_putch
    _clcd_putch->___awdiv

Critical Paths under _isr in BANK0

    None.

Critical Paths under _main in BANK1

    None.

Critical Paths under _isr in BANK1

    None.

Critical Paths under _main in BANK3

    None.

Critical Paths under _isr in BANK3

    None.

Critical Paths under _main in BANK2

    None.

Critical Paths under _isr in BANK2

    None.

Call Graph Tables:

 ---------------------------------------------------------------------------------
 (Depth) Function   	        Calls       Base Space   Used Autos Params    Refs
 ---------------------------------------------------------------------------------
 (0) _main                                                 3     3      0   14102
                                             22 BANK0      3     3      0
                     _add_edit_alarm
                       _clear_screen
                     _default_screen
                _display_config_menu
                        _init_config
                _read_digital_keypad
                      _set_time_date
                     _set_view_alarm
 ---------------------------------------------------------------------------------
 (1) _set_view_alarm                                       6     3      3    2582
                                              6 BANK0      6     3      3
                            ___awdiv
                            ___awmod
                             ___bmul
                         _clcd_print
                         _clcd_putch
                       _clear_screen
                       _delete_alarm
 ---------------------------------------------------------------------------------
 (2) _delete_alarm                                         5     5      0     416
                                              5 COMMON     3     3      0
                                              0 BANK0      2     2      0
                             ___bmul
 ---------------------------------------------------------------------------------
 (1) _set_time_date                                        6     3      3    2994
                                             11 BANK0      6     3      3
                            ___awdiv
                            ___awmod
                         _clcd_print
                         _clcd_putch
                       _clear_screen
                  _extract_time_date
                     _save_time_date
 ---------------------------------------------------------------------------------
 (2) _save_time_date                                       7     7      0     819
                                              4 BANK0      7     7      0
                            ___awdiv
                            ___awmod
                       _write_ds1307
 ---------------------------------------------------------------------------------
 (2) _extract_time_date                                    1     1      0     403
                                              7 COMMON     1     1      0
                             ___bmul
                           _get_time
 ---------------------------------------------------------------------------------
 (1) _read_digital_keypad                                  2     2      0      29
                                              2 COMMON     2     2      0
 ---------------------------------------------------------------------------------
 (1) _init_config                                          0     0      0     617
                          _init_clcd
                _init_digital_keypad
                        _init_ds1307
                           _init_i2c
                        _init_timer2
 ---------------------------------------------------------------------------------
 (2) _init_timer2                                          0     0      0       0
 ---------------------------------------------------------------------------------
 (2) _init_i2c                                             8     4      4     281
                                              8 BANK0      8     4      4
                            ___lldiv
 ---------------------------------------------------------------------------------
 (3) ___lldiv                                             14     6      8     247
                                              2 COMMON     6     6      0
                                              0 BANK0      8     0      8
 ---------------------------------------------------------------------------------
 (2) _init_ds1307                                          1     1      0     244
                                              6 COMMON     1     1      0
                        _read_ds1307
                       _write_ds1307
 ---------------------------------------------------------------------------------
 (3) _write_ds1307                                         2     1      1      87
                                              3 COMMON     2     1      1
                          _i2c_start
                           _i2c_stop
                          _i2c_write
 ---------------------------------------------------------------------------------
 (2) _init_digital_keypad                                  0     0      0       0
 ---------------------------------------------------------------------------------
 (2) _init_clcd                                            0     0      0      92
            _init_display_controller
 ---------------------------------------------------------------------------------
 (3) _init_display_controller                              2     2      0      92
                                              6 COMMON     2     2      0
                         _clcd_write
 ---------------------------------------------------------------------------------
 (1) _display_config_menu                                  3     1      2    1085
                                              6 BANK0      3     1      2
                         _clcd_print
                         _clcd_putch
                       _clear_screen
 ---------------------------------------------------------------------------------
 (1) _default_screen                                       0     0      0    3877
                             ___bmul
                         _clcd_print
                         _clcd_putch
                 _display_next_event
                           _get_time
 ---------------------------------------------------------------------------------
 (2) _display_next_event                                   4     4      0    2783
                                             18 BANK0      4     4      0
                            ___awdiv
                            ___awmod
                             ___bmul
                         _clcd_print
                         _clcd_putch
                     _get_next_alarm
 ---------------------------------------------------------------------------------
 (3) _get_next_alarm                                      16    14      2     901
                                              2 BANK0     16    14      2
                             ___bmul
                             ___wmul
                           _get_time
 ---------------------------------------------------------------------------------
 (4) _get_time                                             1     1      0     133
                                              6 COMMON     1     1      0
                        _read_ds1307
 ---------------------------------------------------------------------------------
 (5) _read_ds1307                                          2     2      0     133
                                              4 COMMON     2     2      0
                           _i2c_read
                      _i2c_rep_start
                          _i2c_start
                           _i2c_stop
                          _i2c_write
 ---------------------------------------------------------------------------------
 (6) _i2c_write                                            1     1      0      29
                                              2 COMMON     1     1      0
                  _i2c_wait_for_idle
 ---------------------------------------------------------------------------------
 (6) _i2c_rep_start                                        0     0      0       0
                          _i2c_start
                           _i2c_stop
 ---------------------------------------------------------------------------------
 (7) _i2c_stop                                             0     0      0       0
                  _i2c_wait_for_idle
 ---------------------------------------------------------------------------------
 (7) _i2c_start                                            0     0      0       0
                  _i2c_wait_for_idle
 ---------------------------------------------------------------------------------
 (6) _i2c_read                                             2     2      0      52
                                              2 COMMON     2     2      0
                  _i2c_wait_for_idle
 ---------------------------------------------------------------------------------
 (8) _i2c_wait_for_idle                                    0     0      0       0
 ---------------------------------------------------------------------------------
 (4) ___wmul                                               6     2      4      96
                                              5 COMMON     4     0      4
                                              0 BANK0      2     2      0
                             ___bmul (ARG)
 ---------------------------------------------------------------------------------
 (1) _add_edit_alarm                                       6     3      3    2042
                                              6 BANK0      6     3      3
                            ___awdiv
                            ___awmod
                         _clcd_print
                         _clcd_putch
                       _clear_screen
                         _save_alarm
 ---------------------------------------------------------------------------------
 (2) _save_alarm                                           0     0      0     270
                             ___bmul
 ---------------------------------------------------------------------------------
 (4) ___bmul                                               3     2      1     270
                                              2 COMMON     3     2      1
 ---------------------------------------------------------------------------------
 (2) _clear_screen                                         2     2      0      92
                                              6 COMMON     2     2      0
                         _clcd_write
 ---------------------------------------------------------------------------------
 (3) _clcd_putch                                           2     1      1     470
                                              4 BANK0      2     1      1
                            ___awdiv (ARG)
                            ___awmod (ARG)
                             ___bmul (ARG)
                         _clcd_write
 ---------------------------------------------------------------------------------
 (3) _clcd_print                                           2     0      2     221
                                              6 COMMON     2     0      2
                         _clcd_write
 ---------------------------------------------------------------------------------
 (4) _clcd_write                                           4     3      1      92
                                              2 COMMON     4     3      1
 ---------------------------------------------------------------------------------
 (3) ___awmod                                              6     2      4     364
                                              5 COMMON     4     0      4
                                              0 BANK0      2     2      0
                             ___bmul (ARG)
 ---------------------------------------------------------------------------------
 (3) ___awdiv                                              8     4      4     368
                                              5 COMMON     4     0      4
                                              0 BANK0      4     4      0
                             ___bmul (ARG)
 ---------------------------------------------------------------------------------
 Estimated maximum stack depth 8
 ---------------------------------------------------------------------------------
 (Depth) Function   	        Calls       Base Space   Used Autos Params    Refs
 ---------------------------------------------------------------------------------
 (9) _isr                                                  2     2      0       0
                                              0 COMMON     2     2      0
 ---------------------------------------------------------------------------------
 Estimated maximum stack depth 9
 ---------------------------------------------------------------------------------

 Call Graph Graphs:

 _main (ROOT)
   _add_edit_alarm
     ___awdiv
       ___bmul (ARG)
     ___awmod
       ___bmul (ARG)
     _clcd_print
       _clcd_write
     _clcd_putch
       ___awdiv (ARG)
       ___awmod (ARG)
       ___bmul (ARG)
       _clcd_write (ARG)
     _clear_screen
       _clcd_write
     _save_alarm
       ___bmul
   _clear_screen
   _default_screen
     ___bmul
     _clcd_print
     _clcd_putch
     _display_next_event
       ___awdiv
       ___awmod
       ___bmul
       _clcd_print
       _clcd_putch
       _get_next_alarm
         ___bmul
         ___wmul
           ___bmul (ARG)
         _get_time
           _read_ds1307
             _i2c_read
               _i2c_wait_for_idle
             _i2c_rep_start
               _i2c_start
                 _i2c_wait_for_idle
               _i2c_stop
                 _i2c_wait_for_idle
             _i2c_start
             _i2c_stop
             _i2c_write
               _i2c_wait_for_idle
     _get_time
   _display_config_menu
     _clcd_print
     _clcd_putch
     _clear_screen
   _init_config
     _init_clcd
       _init_display_controller
         _clcd_write
     _init_digital_keypad
     _init_ds1307
       _read_ds1307
       _write_ds1307
         _i2c_start
         _i2c_stop
         _i2c_write
     _init_i2c
       ___lldiv
     _init_timer2
   _read_digital_keypad
   _set_time_date
     ___awdiv
     ___awmod
     _clcd_print
     _clcd_putch
     _clear_screen
     _extract_time_date
       ___bmul
       _get_time
     _save_time_date
       ___awdiv
       ___awmod
       _write_ds1307
   _set_view_alarm
     ___awdiv
     ___awmod
     ___bmul
     _clcd_print
     _clcd_putch
     _clear_screen
     _delete_alarm
       ___bmul

 _isr (ROOT)

Address spaces:
Name               Size   Autos  Total    Usage
BANK3               96      0       0      0.0%
BITBANK3            96      0       0      0.0%
BANK2               96      0       0      0.0%
BITBANK2            96      0       0      0.0%
BANK1               80      0      24     30.0%
BITBANK1            80      0       0      0.0%
BANK0               80     25      77     96.2%
BITBANK0            80      0       0      0.0%
COMMON              14      9      12     85.7%
BITCOMMON           14      0       0      0.0%
DATA                 0      0     115      0.0%
STACK                0      0       0      0.0%


Microchip Technology PIC Macro Assembler V3.10 build 20250813170317 
Symbol Table                                                                                   Wed Aug 12 12:56:01 2026

                              pc 0002                   ___bmul@product 0073                   clcd_print@addr 0077  
                             l35 12CB                               l52 1771                               l44 173E  
                             l62 17A8                               l54 1774                               l55 1777  
                             l56 177A                               l57 177D                               l67 17C6  
                             l92 14C9                               l68 17D3                               l95 11C9  
                             l89 13B5                               l98 121B                     ___awdiv@sign 0051  
                             _dd 0049                               _hr 004D                               _mm 0048  
                             _yy 0047                               fsr 0004              ___wmul@multiplicand 0077  
                ?_get_next_alarm 0052                              l104 127F                              l120 12F5  
                            l114 118E                              l107 11F4                              l301 098B  
                            l141 1206                              l400 0DB4                              l144 134B  
                            l305 0B5F                              l306 0B6D                              l314 1695  
                            l226 11E3                              l147 1239                              l412 0FFF  
                            l333 00DC                              l182 11D6                              l326 07EC  
                            l191 11A8                              l176 137F                              l185 119F  
                            l433 140D                              l194 1255                              l354 0679  
                            l179 11CA                              l195 1258                              l283 1732  
                            l196 125A                              l188 11B3                              l286 08B0  
                            l438 0D48                              l703 1466                              l199 11BE  
                            l448 0CC4                              l537 1306                              l297 0A6B  
                            l563 07FF                              l539 1320                              l389 1600  
                            l573 1594                              l690 152E                              _GIE 005F  
                            _RE1 0049                              _RE2 004A                              _PR2 0092  
                            _PEN 048A                              _SEN 0488                              _min 004C  
                            _sec 007B                              _isr 1280                   clcd_putch@addr 0054  
                            fsr0 0004                              _str 0029                   clcd_putch@data 0055  
                            indf 0000                     ___awmod@sign 0051                add_edit_alarm@key 0056  
        set_time_date@reset_flag 005D                             l2101 1394                             l2111 13AC  
                           l2103 1397                             l2105 13A3                             l2201 125B  
                           l2121 16E8                             l2113 1696                             l2107 13A4  
                           l2203 1263                             l2051 11CA                             l2131 1700  
                           l2123 16EC                             l2115 16CC                             l2301 1513  
                           l2109 13A9                             l2205 1271                             l2053 11D0  
                           l2061 11A5                             l2141 1721                             l2133 1701  
                           l2125 16EE                             l2117 16D8                             l2303 151A  
                           l2207 1273                             l3111 07EF                             l2151 12FE  
                           l2055 1197                             l2071 11A9                             l2063 11B5  
                           l2143 172D                             l2135 170D                             l2127 16F0  
                           l2119 16DC                             l2305 1520                             l2321 141C  
                           l2313 140E                             l3113 07F3                             l2153 130D  
                           l2081 1251                             l2073 123B                             l2057 119C  
                           l2065 11BA                             l2145 1731                             l2137 1711  
                           l2129 16FC                             l2209 121D                             l3201 0848  
          ??_read_digital_keypad 0072                             l2307 1525                             l2331 1435  
                           l2323 1420                             l2315 1411                             l3123 120A  
                           l3115 07F5                             l2155 1314                             l2147 12F6  
                           l2083 1259                             l2075 1240                             l2059 11A0  
                           l2067 11BE                             l2139 171D                             l3131 09B4  
                           l3211 088F                             l3203 0859                             l2309 152A  
                           l2341 1452                             l2333 1437                             l2325 1425  
                           l2317 1415                             l2093 1381                             l3117 07F7  
                           l3109 07EE                             l2157 131A                             l2149 12FA  
                           l2077 1248                             l3141 0A25                             l3133 09CB  
                           l3125 098C                             l3221 08B1                             l3301 0B4C  
                           l2181 1486                             l3213 0899                             l3205 0863  
                           l2271 14CD                             l2335 143B                             l2327 142B  
                           l2343 1458                             l2319 141A                             l2095 138B  
                           l3119 07FE                             l2079 124C                             l2087 1322  
                           l3151 0A5D                             l3143 0A29                             l3135 09E5  
                           l3127 0996                             l3231 091C                             l3223 08BC  
                           l3303 0B56                             l3311 1615                             l2191 14A8  
                           l2183 148B                             l2175 1467                             l3215 08A8  
                           l3207 0874                             l2281 14E1                             l2273 14D1  
                           l2345 145D                             l2337 1445                             l2329 142E  
                           l2097 138E                             l3241 159D                             l2089 134A  
                           l3145 0A3A                             l3137 09E7                             l3153 0A61  
                           l3129 099B                             l3233 0926                             l3225 08C4  
                           l3321 1624                             l3305 1604                             l2193 14AD  
                           l2185 1492                             l2177 146F                             l2361 11FE  
                           l3161 1541                             l3217 08A9                             l3209 087E  
                           l3401 009A                             l2291 14F5                             l2283 14E3  
                           l2275 14D6                             l2347 1462                             l2339 144B  
                           l2099 138F                             l3243 15A3                             l3155 0A67  
                           l3147 0A42                             l3139 0A1D                             l3235 094E  
                           l3323 1629                             l3307 1609                             l3315 1617  
                           l2195 14BD                             l2187 1495                             l2179 1476  
                           l2363 11BF                             l2371 1189                             l3171 156E  
                           l3163 1544                             l3219 08AC                             l3411 00AD  
                           l3403 009D                             l3251 13BC                             l2293 14F7  
                           l2285 14E5                             l2277 14D8                             l2269 14CA  
                           l3245 15D0                             l3149 0A50                             l3237 0976  
                           l3229 08CE                             l3341 1652                             l3317 161D  
                           l3325 162E                             l3309 160E                             l2197 14C4  
                           l2189 149C                             l2365 11C2                             l2357 11F5  
                           l3173 157C                             l3165 154F                             l2373 11D7  
                           l2429 067A                             l3501 02EC                             l3421 00C3  
                           l3413 00B3                             l3405 00A3                             l3261 1406  
                           l3253 13E6                             l2295 14FB                             l2287 14EB  
                           l2279 14DC                             l2375 11E4                             l3247 15D3  
                           l3239 1595                             l3351 1677                             l3343 165D  
                           l3327 1634                             l3335 163C                             l3319 1622  
                           l2367 11C3                             l2359 11FC                             l3175 157D  
                           l3167 1553                             l3159 152F                             l3183 134C  
                           l3271 12CA                             l3191 0806                             l3511 0388  
                           l3431 00D5                             l3423 00C5                             l3415 00B5  
                           l3407 00A5                             l3263 140B                             l3255 13EA  
                           l2297 150C                             l2289 14EE                             l2377 11EB  
                           l3281 0A8E                             l3273 0A6C                             l3361 168B  
                           l3353 1680                             l3345 1668                             l3337 1641  
                           l3329 1639                             l2369 11C4                             l3177 1586  
                           l3169 155C                             l3185 134F                             l3265 12A6  
                           l2473 12D7                             l2465 12CD                             l3193 0812  
                           l3513 038C                             l3505 02F6                             l3441 00F0  
                           l3433 00DB                             l3425 00CB                             l3417 00BB  
                           l3409 00AB                             l3257 13FC                             l3249 13B9  
                           l3601 0B84                             l2299 1512                             l3291 0AC0  
                           l3283 0A98                             l3275 0A75                             l3347 1670  
                           l3339 164A                             l3179 158C                             l3187 137C  
                           l3267 12C4                             l2475 12E2                             l2467 12D2  
                           l3195 0823                             l3531 0466                             l3515 0391  
                           l3507 02FC                             l3523 03D0                             l3451 0107  
                           l3443 00F3                             l3435 00DD                             l3427 00CD  
                           l3419 00BD                             l3371 004F                             l3259 1400  
                           l3603 0B89                             l3611 0B9A                             l3701 0D6E  
                           l3293 0ACA                             l3285 0AA2                             l3277 0A7A  
                           l3349 1672                             l3269 12C9                             l2477 12E7  
                           l2485 12E9                             l3197 082D                             l3189 0801  
                           l3533 046B                             l3541 04AB                             l3525 03D6  
                           l3509 037A                             l3461 0133                             l3453 0110  
                           l3429 00D3                             l3437 00E2                             l3381 0060  
                           l3373 0056                             l3621 0BEF                             l3613 0BA0  
                           l3605 0B8E                             l3711 0D8B                             l3703 0D76  
                           l3295 0AD4                             l3287 0AAC                             l3279 0A84  
                           l3359 1686                             l2487 12F2                             l3199 083E  
                           l3551 050B                             l3535 0474                             l3527 0454  
                           l3519 03C6                             l3471 0141                             l3463 0135  
                           l3455 0119                             l3439 00EA                             l3447 00F5  
                           l3391 0084                             l3383 0069                             l3375 005A  
                           l3367 003F                             l3631 0C99                             l3623 0C17  
                           l3615 0BB3                             l3607 0B95                             l3801 0F5C  
                           l3721 0D9E                             l3713 0D8E                             l3705 0D7C  
                           l3297 0ADE                             l3289 0AB6                             l2489 12F4  
                           l3561 0558                             l3553 0526                             l3537 048F  
                           l3529 0462                             l3545 04B5                             l3481 020A  
                           l3473 01BF                             l3465 0136                             l3457 0127  
                           l3449 00FD                             l3393 008A                             l3377 005E  
                           l3369 004A                             l3385 0072                             l3617 0BBC  
                           l3625 0C86                             l3811 0FC0                             l3803 0F61  
                           l3731 0DB3                             l3723 0DA4                             l3715 0D94  
                           l3707 0D82                             l3299 0B46                             l3571 059C  
                           l3555 0541                             l3547 04BA                             l3491 02A0  
                           l3483 020F                             l3475 01CD                             l3459 012C  
                           l3395 008D                             l3387 007D                             l3379 005F  
                           l3651 0CBF                             l3627 0C91                             l3635 0C9F  
                           l3619 0BC7                             l3805 0FA9                             l3741 0DC9  
                           l3725 0DA6                             l3709 0D85                             l3717 0D97  
                           l3733 0DB6                             l3581 0631                             l3573 05E4  
                           l3565 058D                             l3557 054F                             l3549 0502  
                           l3493 02AE                             l3485 0218                             l3477 01D1  
                           l3469 013B                             l3397 0092                             l3389 0082  
                           l3661 0CFB                             l3653 0CC1                             l3637 0CA7  
                           l3645 0CAF                             l3629 0C97                             l3821 1739  
                           l3815 0FF5                             l3807 0FB7                             l3751 0DED  
                           l3743 0DD1                             l3735 0DBE                             l3727 0DAB  
                           l3719 0D9C                             l3583 0635                             l3575 05ED  
                           l3559 0553                             l3495 02B2                             l3479 01D6  
                           l3487 021C                             l3399 0094                             l3671 0D12  
                           l3663 0CFC                             l3655 0CC6                             l3647 0CB7  
                           l3639 0CAC                             l3831 175C                             l3823 1747  
                           l3809 0FBB                             l3761 0E0A                             l3753 0DFB  
                           l3745 0DD6                             l3737 0DC4                             l3729 0DAD  
                           l3585 063A                             l3577 0608                             l3569 0597  
                           l3497 02B7                             l3489 0222                             l3681 0D3C  
                           l3673 0D17                             l3665 0CFE                             l3657 0CF3  
                           l3649 0CBD                             l3593 0B6E                             l3833 175E  
                           l3825 174D                             l3771 0E97                             l3755 0E00  
                           l3747 0DDB                             l3739 0DC7                             l3691 0D58  
                           l3579 0623                             l3683 0D43                             l3675 0D20  
                           l3659 0CF7                             l3667 0D04                             l3595 0B79  
                           l3843 1780                             l3851 1797                             l3827 1753  
                           l3835 1761                             l3819 1733                             l3781 0EB5  
                           l3773 0E9B                             l3757 0E07                             l3749 0DE4  
                           l3765 0E0F                             l3693 0D61                             l3589 066F  
                           l3677 0D29                             l3669 0D0C                             l3597 0B81  
                           l3861 17B3                             l3853 179C                             l3845 1791  
                           l3837 1767                             l3829 175A                             l3791 0F18  
                           l3775 0EA0                             l3767 0E15                             l3783 0EB9  
                           l3759 0E09                             l3695 0D68                             l3687 0D49  
                           l3679 0D37                             l3599 0B83                             l3871 17E0  
                           l3863 17B5                             l3855 17A2                             l3847 1793  
                           l3793 0F1D                             l3785 0EBE                             l3777 0EA8  
                           l3769 0E89                             l3697 0D69                             l3689 0D54  
                           l3865 17BB                             l3857 17AA                             l3849 1795  
                           l3787 0F06                             l3779 0EAD                             l3699 0D6D  
                           l3867 17C7                             l3859 17AF                             l3875 17EC  
                           l3797 0F52                             l3789 0F14                             l3869 17D4  
                           ?_isr 0070                             STR_1 100C                             STR_2 10AE  
                           STR_3 10A7                             STR_4 10BB                             STR_5 10B8  
                           STR_6 109F                             STR_7 1044                             STR_8 1027  
                           STR_9 1077                             u2000 1525                             u2001 1524  
                           u2010 1415                             u2011 1414                             u2020 1420  
                           u2021 141F                             u2030 142B                             u2031 142A  
                           u2050 143B                             u2051 143A                             u2060 1445  
                           u2300 12E2                             u2061 1444                             u2045 142F  
                           u2301 12E1                             u2205 070F                             u2310 12E7  
                           u2311 12E6                             u2215 0743                             u2080 1458  
                           u3200 07F3                             u1600 11D6                             u2320 12F2  
                           u4000 0CB7                             u2081 1457                             u2065 1441  
                           u3201 07F2                             u1601 11D5                             u2321 12F1  
                           u2225 0777                             u4001 0CB6                             u2090 145D  
                           u3210 07FE                             u1610 1251                             u4010 0CBD  
                           u2091 145C                             u2075 144C                             u3211 07FD  
                           u1611 1250                             u2235 07AB                             u4011 0CBC  
                           u1620 1388                             u4100 0DA4                             u3300 1553  
                           u4020 0D0C                             u1621 1384                             u4101 0DA3  
                           u3301 1552                             u4021 0D0B                             u4110 0DAB  
                           u4030 0D54                             u1710 12FE                             u4111 0DAA  
                           u4031 0D53                             u1711 12FD                             u4200 0F14  
                           u4120 0DB3                             u4040 0D76                             u3240 0A29  
                           u3320 156E                             u4201 0F13                             u4121 0DB2  
                           u4041 0D75                             u1705 1724                             u3241 0A28  
                           u3225 09A5                             u3321 156D                             u2185 06A7  
                           u1634 138B                             u4210 0F1D                             u4130 0DBE  
                           u4050 0D7C                             u3250 0A3A                             u2290 12D2  
                           u4211 0F1C                             u4131 0DBD                             u4051 0D7B  
                           u3251 0A39                             u3235 09BC                             u3315 1555  
                           u2291 12D1                             u2195 06DB                             u4220 0F61  
                           u4140 0DC4                             u4060 0D82                             u1740 131A  
                           u3260 0A50                             u3420 08C4                             u3500 161D  
                           u3340 158C                             u4300 17A2                             u1645 139B  
                           u4221 0F60                             u4141 0DC3                             u4061 0D81  
                           u1741 1319                             u1725 1307                             u3261 0A4F  
                           u3421 08C3                             u3501 161C                             u3341 158B  
                           u3325 156A                             u3405 0877                             u4301 17A1  
                           u1910 14D1                             u3430 159D                             u4230 0FB7  
                           u4150 0DD1                             u4070 0D8B                             u1590 11D0  
                           u3270 0A67                             u3510 1622                             u3350 135D  
                           u4310 17A8                             u1911 14D0                             u3431 159C  
                           u4231 0FB6                             u4151 0DD0                             u4071 0D8A  
                           u1735 130E                             u1591 11CF                             u1655 16CF  
                           u3271 0A66                             u3511 1621                             u3335 157E  
                           u3415 0892                             u4311 17A7                             u1920 14DC  
                           u3440 15A3                             u4240 0FC0                             u4160 0E15  
                           u4080 0D94                             u3520 1634                             u3280 1541  
                           u3600 0082                             u1921 14DB                             u3441 15A2  
                           u4241 0FBF                             u4161 0E14                             u4081 0D93  
                           u1665 16DF                             u3265 0A4C                             u3521 1633  
                           u3281 1540                             u3601 0081                             u1930 14EB  
                           u1770 127F                             u4170 0E97                             u4090 0D9C  
                           u3530 1639                             u3610 008A                             u3450 13FC  
                           u4250 174D                             u1931 14EA                             u1771 127E  
                           u4171 0E96                             u4091 0D9B                             u1675 16F3  
                           u3531 1638                             u3355 1358                             u3611 0089  
                           u3451 13FB                             u4251 174C                             u4180 0EA0  
                           u3540 1641                             u3700 00D3                             u3620 0092  
                           u3460 1406                             u4260 1753                             u4181 0E9F  
                           u1685 1704                             u3541 1640                             u3365 080B  
                           u3701 00D2                             u3621 0091                             u3461 1405  
                           u4261 1752                             u1950 14FB                             u4190 0EBE  
                           u3550 1670                             u3710 00DB                             u3630 009A  
                           u3470 140B                             u4270 1767                             u1951 14FA  
                           u4191 0EBD                             u1695 1714                             u3551 166F  
                           u4407 14C6                             u3295 1546                             u3375 0826  
                           u3711 00DA                             u3631 0099                             u3471 140A  
                           u3455 13F8                             u4327 0D31                             u4271 1766  
                           u3480 0B4C                             u3560 1677                             u3800 02B7  
                           u3720 00EA                             u3640 00A3                             u4280 1770  
                           u1945 14EF                             u4417 0DF5                             u3481 0B4B  
                           u3561 1676                             u3385 0841                             u3801 02B6  
                           u4337 0121                             u3721 00E9                             u3641 00A2  
                           u4281 176F                             u1970 150C                             u3570 168B  
                           u3490 1609                             u3810 02FC                             u3730 00F0  
                           u3650 00AB                             u4290 179C                             u1971 150B  
                           u4427 11EF                             u3571 168A                             u3491 1608  
                           u4347 146B                             u3395 085C                             u3811 02FB  
                           u3731 00EF                             u3651 00AA                             u4291 179B  
                           _PEIE 005E                             u3900 059C                             u3820 0388  
                           u3740 00FD                             u3660 00B3                             u3580 004A  
                           u1965 14FC                             u4437 1391                             u4357 147A  
                           u3901 059B                             u3821 0387                             u3741 00FC  
                           u3661 00B2                             u3581 0049                             u1990 1520  
                           u3910 0631                             u3830 0391                             u3750 0141  
                           u3670 00BB                             u3590 007D                             u1991 151F  
                           u1975 1508                             u4447 13A6                             u4367 1488  
                           u3911 0630                             u3831 0390                             u3751 0140  
                           u3671 00BA                             u3591 007C                             u3920 063A  
                           u3840 03D6                             u3760 01CD                             u3680 00C3  
                           u1985 1514                             u4457 13B0                             u4377 149E  
                           u3921 0639                             u3841 03D5                             u3761 01CC  
                           u3681 00C2                             u3850 0462                             u3770 01D6  
                           u3690 00CB                             u3930 0B79                             u4387 14AA  
                           u3851 0461                             u3771 01D5                             u3691 00CA  
                           u3931 0B78                             u3860 046B                             u3780 0222  
                           u3940 0B89                             _RCEN 048B                             u4397 14B8  
                           u3861 046A                             u3781 0221                             u3941 0B88  
                           u3870 04BA                             u3790 02AE                             u3950 0BA0  
                           u3871 04B9                             u3791 02AD                             u3951 0B9F  
                           u3880 054F                             u3960 0C91                             u3881 054E  
                           u3961 0C90                             u3890 0558                             u3970 0C97  
                           u3891 0557                             u3971 0C96                             u3980 0CA7  
                           u3981 0CA6                             u3990 0CAC                             u3991 0CAB  
                           _R_nW 04A2         set_time_date@screen_flag 005C                             _date 0020  
                           _main 1733                             _noon 004E                             _time 0031  
                           btemp 007E                             _type 004B                             start 000C  
              ___bmul@multiplier 0074                   clcd_write@byte 0075                   clcd_write@mode 0072  
                  _i2c_rep_start 11A9                            ??_isr 0070                     ?_init_ds1307 0070  
                          ?_main 0070                     ?_read_ds1307 0070                            _ACKEN 048C  
                          _ACKDT 048D                  __end_of___awdiv 152F                            STR_10 1096  
                          STR_11 1017                            STR_20 10B5                            STR_12 1082  
                          STR_21 1014                            STR_13 1014                            STR_14 1014  
                          STR_22 105F                            STR_30 1036                            STR_15 1014  
                          STR_23 106D                            STR_31 1052                            STR_24 1082  
                          STR_16 10B5                            STR_25 1014                            STR_17 1012  
                          STR_26 1014                            STR_18 10B5                            STR_19 1014  
                          STR_27 106B                            STR_28 1006                  __end_of___awmod 1467  
                          STR_29 108D                  __end_of___lldiv 1595                      i2c_read@ack 0072  
                ___awdiv@divisor 0075             __end_of_delete_alarm 140E                            i1l213 129F  
                   ?_init_config 0070                  ___awdiv@counter 0050                            _PORTB 0006  
                          _PORTD 0008                            _SSPM3 00A3                            _TRISB 0086  
                          _TRISD 0088                            _SSPEN 00A5                     ?_init_timer2 0070  
           __end_of_clear_screen 11F5                            _delay 003E                            _field 007A  
                          btemp0 007E                            btemp1 007F                     main@prev_key 006C  
                          pclath 000A                   _default_screen 0A6C                            status 0003  
       add_edit_alarm@reset_flag 0058                            wtemp0 007E                delete_alarm@index 0050  
               init_ds1307@dummy 0076                  __initialization 000F                   ?_i2c_rep_start 0070  
                   __end_of_main 1800                 __end_of_i2c_read 125B                 __end_of_i2c_stop 11A9  
             get_next_alarm@diff 005F                           ??_main 0079           __end_of_default_screen 0B6E  
               ___awdiv@dividend 0077                     i2c_read@data 0073       __end_of_display_next_event 098C  
                         i1l3101 1295                           i1l3103 1297                           i1l3105 129C  
                         i1l3107 129E                           i1l3097 1280                           i1l3099 1286  
                         u317_20 1286                           u317_21 1285                           u318_20 1295  
                         u318_21 1294                           u319_20 129C                           u319_21 129B  
                   _write_ds1307 121C                           _TMR2IE 0461                           _TMR2IF 0061  
                         _TMR2ON 0092                           _SSPADD 0093                           _TRISE1 0449  
                         _TRISE2 044A                           _SSPBUF 0013      __end_of_display_config_menu 1696  
    __end_of_init_digital_keypad 118F                 __end_of_get_time 1733                           ___bmul 07ED  
        _init_display_controller 1467                           ___wmul 12F6                        ??___awdiv 0079  
                      ??___awmod 0079                           _alarms 00A0                        ??___lldiv 0072  
  display_config_menu@reset_flag 0057                 __end_of_init_i2c 1380                 ___awdiv@quotient 0052  
                ___awmod@divisor 0075                  ___awmod@counter 0050                           ltemp0a 0080  
                         saved_w 007E                           ttemp0a 007F                           wtemp0a 007F  
                ?_default_screen 0070      display_config_menu@menu_pos 0044          __end_of__initialization 003B  
                ??_i2c_rep_start 0072              ___bmul@multiplicand 0072                   __pcstackCOMMON 0070  
               ??_get_next_alarm 0054                     __pidataBANK0 1185                __end_of_i2c_start 11A0  
              __end_of_i2c_write 11BF            __end_of_set_time_date 067A                _i2c_wait_for_idle 11CA  
             ?_i2c_wait_for_idle 0070                       __pbssBANK0 0020                       __pbssBANK1 00A0  
                 _save_time_date 067A                        ?_i2c_read 0070                        ?_i2c_stop 0070  
                   _delete_alarm 13B6        ??_init_display_controller 0076                       _clcd_print 125B  
            ??_i2c_wait_for_idle 0072                       _clcd_putch 1207                       _clcd_write 1380  
                     __pmaintext 1733                  read_ds1307@addr 0074                  read_ds1307@data 0075  
                   _clear_screen 11E4                          ?___bmul 0072                set_view_alarm@key 0056  
                        ?___wmul 0075                       _blink_flag 004A                       __pintentry 0004  
                        _ACKSTAT 048E                          _T2CKPS0 0090                          _T2CKPS1 0091  
                 _add_edit_alarm 0D49      __end_of_read_digital_keypad 12F6        __end_of_i2c_wait_for_idle 11D7  
                   init_i2c@baud 0058           __end_of_save_time_date 07ED                          _SSPCON2 0091  
                      ?_get_time 0070                       __stringtab 1000                       ??_i2c_read 0072  
                     ??_i2c_stop 0072                        ?_init_i2c 0058                          ___awdiv 14CA  
                        ___awmod 140E   display_config_menu@screen_flag 0056                          ___lldiv 152F  
         __end_of_add_edit_alarm 1000                          __ptext1 0B6E                          __ptext2 13B6  
                        __ptext3 003F                          __ptext4 067A          display_config_menu@menu 0069  
                        __ptext5 0801                          __ptext6 12CC                          __ptext7 12A6  
                        __ptext8 11D7                          __ptext9 134C  __end_of_init_display_controller 14CA  
              __end_of_init_clcd 11CA                 ___awmod@dividend 0077                   main@reset_flag 0066  
                ?_save_time_date 0070                          main@key 0068                          clrloop0 1190  
                     ??_get_time 0076             end_of_initialization 003B                       ??_init_i2c 005C  
                     _save_alarm 1595           get_next_alarm@cur_time 0057                   main@press_time 0042  
         get_next_alarm@min_diff 005B                      ?_clcd_print 0076                      ?_clcd_putch 0054  
                ___lldiv@divisor 0050                      ?_clcd_write 0072                  ___lldiv@counter 0077  
             _display_next_event 08B1         set_view_alarm@reset_flag 0058                  ?_add_edit_alarm 0056  
            ?_display_next_event 0070                 ??_default_screen 0079                    i2c_write@data 0072  
                  clcd_print@str 0076                 set_time_date@key 005B             ??_display_next_event 0062  
      set_view_alarm@screen_flag 0057                   __end_of___bmul 0800                   __end_of___wmul 1321  
            start_initialization 000F                   _set_view_alarm 0B6E                        _i2c_start 1197  
                    __end_of_isr 12A6                        _i2c_write 11B4                    delete_alarm@i 0051  
                    ?_save_alarm 0070            __end_of_i2c_rep_start 11B4                         ??___bmul 0073  
                       ??___wmul 0079                    ??_init_ds1307 0076                      __pdataBANK0 0069  
                  ??_read_ds1307 0074                    ??_init_config 0078           __end_of_set_view_alarm 0D49  
                  ??_init_timer2 0072                      __pbssCOMMON 0079                        ___latbits 0002  
                  __pcstackBANK0 0050                       ?_i2c_start 0070                       ?_i2c_write 0070  
                get_next_alarm@i 0061                      _alarm_count 0046                        _alarm_pos 0079  
                      _edit_mode 0045                         ?___awdiv 0075                         ?___awmod 0075  
                       ?___lldiv 0050                        _clock_reg 0038                        __pstrings 1000  
                ?_set_view_alarm 0056                 ??_save_time_date 0054              __end_of_init_ds1307 1207  
            __end_of_read_ds1307 134C                        _init_clcd 11BF              __end_of_init_config 12CC  
         display_config_menu@key 0058                    ?_write_ds1307 0073              __end_of_init_timer2 11E4  
       ?_init_display_controller 0070                interrupt_function 0004                   ___wmul@product 0050  
                      clear_ram0 118F                     ??_clcd_print 0078                     ??_clcd_putch 0079  
                   ??_clcd_write 0073                 ??_add_edit_alarm 0059                _extract_time_date 0801  
       get_next_alarm@alarm_time 0059               ?_extract_time_date 0070                      __stringbase 1005  
              ___wmul@multiplier 0075              ??_extract_time_date 0077          display_next_event@index 0064  
                    ??_i2c_start 0072               __end_of_clcd_print 1280                      ??_i2c_write 0072  
             __end_of_clcd_putch 121C               __end_of_clcd_write 13B6                       ?_init_clcd 0070  
                  _set_time_date 003F                   ??_write_ds1307 0074              _display_config_menu 1601  
            _init_digital_keypad 1189                         _i2c_read 123A                         _i2c_stop 11A0  
      __end_of_extract_time_date 08B1             ?_display_config_menu 0056             ?_init_digital_keypad 0070  
                    _init_ds1307 11F5        add_edit_alarm@screen_flag 0057               __end_of__stringtab 1006  
                    _read_ds1307 1321                      _init_config 12A6                      _init_timer2 11D7  
                 ?_set_time_date 005B                         __ptext10 152F                         __ptext11 11F5  
                       __ptext20 1696                         __ptext12 121C                         __ptext21 1321  
                       __ptext13 1189                         __ptext30 1595                         __ptext22 11B4  
                       __ptext14 11BF                         __ptext31 07ED                         __ptext23 11A9  
                       __ptext15 1467                         __ptext32 11E4                         __ptext24 11A0  
                       __ptext16 1601                         __ptext33 1207                         __ptext25 1197  
                       __ptext17 0A6C                         __ptext34 125B                         __ptext26 123A  
                       __ptext18 08B1                         __ptext35 1380                         __ptext27 11CA  
                       __ptext19 098C                         __ptext36 140E                         __ptext28 12F6  
                       __ptext37 14CA                         __ptext29 0D49                         __ptext38 1280  
                       _get_time 1696                  main@screen_flag 0067                     ??_save_alarm 0075  
                       _init_i2c 134C          read_digital_keypad@mode 0073          read_digital_keypad@once 006B  
                  ?_delete_alarm 0070         get_next_alarm@next_alarm 005D                    ?_clear_screen 0070  
          ??_display_config_menu 0079            ??_init_digital_keypad 0072                   _get_next_alarm 098C  
             __end_of_save_alarm 1601                         isr@count 0040                      ??_init_clcd 0078  
                       intlevel1 0000                 ___lldiv@dividend 0054                   ??_delete_alarm 0075  
                      stringcode 1000                   ??_clear_screen 0076                 ??_set_view_alarm 0059  
           __end_of_write_ds1307 123A              _read_digital_keypad 12CC           __end_of_get_next_alarm 0A6C  
               ___lldiv@quotient 0073                  ??_set_time_date 005E                         stringdir 1000  
                       stringtab 1000                      _return_time 004F             ?_read_digital_keypad 0070  
               write_ds1307@addr 0074                 write_ds1307@data 0073  
